$date
	Tue Apr 28 22:35:47 2026
$end
$version
	Icarus Verilog
$end
$timescale
	1ps
$end
$scope module tb_bird_deterrent_pwm $end
$var wire 1 ! speaker_out $end
$var reg 1 " clk $end
$var reg 1 # enable $end
$var reg 16 $ tone_val [15:0] $end
$var integer 32 % half_period_cycles [31:0] $end
$var integer 32 & last_toggle_time [31:0] $end
$scope module dut $end
$var wire 1 " clk $end
$var wire 1 # enable $end
$var wire 16 ' tone_val [15:0] $end
$var reg 16 ( counter [15:0] $end
$var reg 1 ! speaker_out $end
$upscope $end
$upscope $end
$enddefinitions $end
#0
$dumpvars
bx (
b101100001 '
b0 &
bx %
b101100001 $
0#
0"
x!
$end
#41000
b101001 &
0!
b0 (
1"
#82000
0"
#123000
1"
#164000
0"
#205000
1"
#246000
0"
#287000
1"
#328000
0"
#369000
1"
#410000
0"
#451000
1"
#492000
0"
#533000
1"
#574000
0"
#615000
1"
#656000
0"
#697000
1"
#738000
0"
#779000
1"
#820000
0"
#861000
1"
#902000
0"
#943000
1"
#984000
0"
#1025000
1"
#1066000
0"
#1107000
1"
#1148000
0"
#1189000
1"
#1230000
0"
#1271000
1"
#1312000
0"
#1353000
1"
#1394000
0"
#1435000
1"
#1476000
0"
#1517000
1"
#1558000
0"
#1599000
1"
#1640000
0"
#1681000
1"
#1722000
0"
#1763000
1"
#1804000
0"
#1845000
1"
#1886000
0"
#1927000
1"
#1968000
0"
#2009000
1"
#2050000
0"
#2091000
1"
#2132000
0"
#2173000
1"
#2214000
0"
#2255000
1"
#2296000
0"
#2337000
1"
#2378000
0"
#2419000
1"
#2460000
0"
#2501000
1"
#2542000
0"
#2583000
1"
#2624000
0"
#2665000
1"
#2706000
0"
#2747000
1"
#2788000
0"
#2829000
1"
#2870000
0"
#2911000
1"
#2952000
0"
#2993000
1"
#3034000
0"
#3075000
1"
#3116000
0"
#3157000
1"
#3198000
0"
#3239000
1"
#3280000
0"
#3321000
1"
#3362000
0"
#3403000
1"
#3444000
0"
#3485000
1"
#3526000
0"
#3567000
1"
#3608000
0"
#3649000
1"
#3690000
0"
#3731000
1"
#3772000
0"
#3813000
1"
#3854000
0"
#3895000
1"
#3936000
0"
#3977000
1"
#4018000
0"
#4059000
1"
#4100000
0"
#4141000
1"
#4182000
0"
#4223000
1"
#4264000
0"
#4305000
1"
#4346000
0"
#4387000
1"
#4428000
0"
#4469000
1"
#4510000
0"
#4551000
1"
#4592000
0"
#4633000
1"
#4674000
0"
#4715000
1"
#4756000
0"
#4797000
1"
#4838000
0"
#4879000
1"
#4920000
0"
#4961000
1"
#5002000
0"
#5043000
1"
#5084000
0"
#5125000
1"
#5166000
0"
#5207000
1"
#5248000
0"
#5289000
1"
#5330000
0"
#5371000
1"
#5412000
0"
#5453000
1"
#5494000
0"
#5535000
1"
#5576000
0"
#5617000
1"
#5658000
0"
#5699000
1"
#5740000
0"
#5781000
1"
#5822000
0"
#5863000
1"
#5904000
0"
#5945000
1"
#5986000
0"
#6027000
1"
#6068000
0"
#6109000
1"
#6150000
0"
#6191000
1"
#6232000
0"
#6273000
1"
#6314000
0"
#6355000
1"
#6396000
0"
#6437000
1"
#6478000
0"
#6519000
1"
#6560000
0"
#6601000
1"
#6642000
0"
#6683000
1"
#6724000
0"
#6765000
1"
#6806000
0"
#6847000
1"
#6888000
0"
#6929000
1"
#6970000
0"
#7011000
1"
#7052000
0"
#7093000
1"
#7134000
0"
#7175000
1"
#7216000
0"
#7257000
1"
#7298000
0"
#7339000
1"
#7380000
0"
#7421000
1"
#7462000
0"
#7503000
1"
#7544000
0"
#7585000
1"
#7626000
0"
#7667000
1"
#7708000
0"
#7749000
1"
#7790000
0"
#7831000
1"
#7872000
0"
#7913000
1"
#7954000
0"
#7995000
1"
#8036000
0"
#8077000
1"
#8118000
0"
#8159000
1"
#8200000
0"
#8241000
1"
#8282000
0"
#8323000
1"
#8364000
0"
#8405000
1"
#8446000
0"
#8487000
1"
#8528000
0"
#8569000
1"
#8610000
0"
#8651000
1"
#8692000
0"
#8733000
1"
#8774000
0"
#8815000
1"
#8856000
0"
#8897000
1"
#8938000
0"
#8979000
1"
#9020000
0"
#9061000
1"
#9102000
0"
#9143000
1"
#9184000
0"
#9225000
1"
#9266000
0"
#9307000
1"
#9348000
0"
#9389000
1"
#9430000
0"
#9471000
1"
#9512000
0"
#9553000
1"
#9594000
0"
#9635000
1"
#9676000
0"
#9717000
1"
#9758000
0"
#9799000
1"
#9840000
0"
#9881000
1"
#9922000
0"
#9963000
1"
#10004000
0"
#10045000
1"
#10086000
0"
#10127000
1"
#10168000
0"
#10209000
1"
#10250000
0"
#10291000
1"
#10332000
0"
#10373000
1"
#10414000
0"
#10455000
1"
#10496000
0"
#10537000
1"
#10578000
0"
#10619000
1"
#10660000
0"
#10701000
1"
#10742000
0"
#10783000
1"
#10824000
0"
#10865000
1"
#10906000
0"
#10947000
1"
#10988000
0"
#11029000
1"
#11070000
0"
#11111000
1"
#11152000
0"
#11193000
1"
#11234000
0"
#11275000
1"
#11316000
0"
#11357000
1"
#11398000
0"
#11439000
1"
#11480000
0"
#11521000
1"
#11562000
0"
#11603000
1"
#11644000
0"
#11685000
1"
#11726000
0"
#11767000
1"
#11808000
0"
#11849000
1"
#11890000
0"
#11931000
1"
#11972000
0"
#12013000
1"
#12054000
0"
#12095000
1"
#12136000
0"
#12177000
1"
#12218000
0"
#12259000
1"
#12300000
0"
#12341000
1"
#12382000
0"
#12423000
1"
#12464000
0"
#12505000
1"
#12546000
0"
#12587000
1"
#12628000
0"
#12669000
1"
#12710000
0"
#12751000
1"
#12792000
0"
#12833000
1"
#12874000
0"
#12915000
1"
#12956000
0"
#12997000
1"
#13038000
0"
#13079000
1"
#13120000
0"
#13161000
1"
#13202000
0"
#13243000
1"
#13284000
0"
#13325000
1"
#13366000
0"
#13407000
1"
#13448000
0"
#13489000
1"
#13530000
0"
#13571000
1"
#13612000
0"
#13653000
1"
#13694000
0"
#13735000
1"
#13776000
0"
#13817000
1"
#13858000
0"
#13899000
1"
#13940000
0"
#13981000
1"
#14022000
0"
#14063000
1"
#14104000
0"
#14145000
1"
#14186000
0"
#14227000
1"
#14268000
0"
#14309000
1"
#14350000
0"
#14391000
1"
#14432000
0"
#14473000
1"
#14514000
0"
#14555000
1"
#14596000
0"
#14637000
1"
#14678000
0"
#14719000
1"
#14760000
0"
#14801000
1"
#14842000
0"
#14883000
1"
#14924000
0"
#14965000
1"
#15006000
0"
#15047000
1"
#15088000
0"
#15129000
1"
#15170000
0"
#15211000
1"
#15252000
0"
#15293000
1"
#15334000
0"
#15375000
1"
#15416000
0"
#15457000
1"
#15498000
0"
#15539000
1"
#15580000
0"
#15621000
1"
#15662000
0"
#15703000
1"
#15744000
0"
#15785000
1"
#15826000
0"
#15867000
1"
#15908000
0"
#15949000
1"
#15990000
0"
#16031000
1"
#16072000
0"
#16113000
1"
#16154000
0"
#16195000
1"
#16236000
0"
#16277000
1"
#16318000
0"
#16359000
1"
#16400000
0"
#16441000
1"
#16482000
0"
#16523000
1"
#16564000
0"
#16605000
1"
#16646000
0"
#16687000
1"
#16728000
0"
#16769000
1"
#16810000
0"
#16851000
1"
#16892000
0"
#16933000
1"
#16974000
0"
#17015000
1"
#17056000
0"
#17097000
1"
#17138000
0"
#17179000
1"
#17220000
0"
#17261000
1"
#17302000
0"
#17343000
1"
#17384000
0"
#17425000
1"
#17466000
0"
#17507000
1"
#17548000
0"
#17589000
1"
#17630000
0"
#17671000
1"
#17712000
0"
#17753000
1"
#17794000
0"
#17835000
1"
#17876000
0"
#17917000
1"
#17958000
0"
#17999000
1"
#18040000
0"
#18081000
1"
#18122000
0"
#18163000
1"
#18204000
0"
#18245000
1"
#18286000
0"
#18327000
1"
#18368000
0"
#18409000
1"
#18450000
0"
#18491000
1"
#18532000
0"
#18573000
1"
#18614000
0"
#18655000
1"
#18696000
0"
#18737000
1"
#18778000
0"
#18819000
1"
#18860000
0"
#18901000
1"
#18942000
0"
#18983000
1"
#19024000
0"
#19065000
1"
#19106000
0"
#19147000
1"
#19188000
0"
#19229000
1"
#19270000
0"
#19311000
1"
#19352000
0"
#19393000
1"
#19434000
0"
#19475000
1"
#19516000
0"
#19557000
1"
#19598000
0"
#19639000
1"
#19680000
0"
#19721000
1"
#19762000
0"
#19803000
1"
#19844000
0"
#19885000
1"
#19926000
0"
#19967000
1"
#20008000
0"
#20049000
1"
#20090000
0"
#20131000
1"
#20172000
0"
#20213000
1"
#20254000
0"
#20295000
1"
#20336000
0"
#20377000
1"
#20418000
0"
#20459000
1"
#20500000
0"
#20541000
1"
#20582000
0"
#20623000
1"
#20664000
0"
#20705000
1"
#20746000
0"
#20787000
1"
#20828000
0"
#20869000
1"
#20910000
0"
#20951000
1"
#20992000
0"
#21033000
1"
#21074000
0"
#21115000
1"
#21156000
0"
#21197000
1"
#21238000
0"
#21279000
1"
#21320000
0"
#21361000
1"
#21402000
0"
#21443000
1"
#21484000
0"
#21525000
1"
#21566000
0"
#21607000
1"
#21648000
0"
#21689000
1"
#21730000
0"
#21771000
1"
#21812000
0"
#21853000
1"
#21894000
0"
#21935000
1"
#21976000
0"
#22017000
1"
#22058000
0"
#22099000
1"
#22140000
0"
#22181000
1"
#22222000
0"
#22263000
1"
#22304000
0"
#22345000
1"
#22386000
0"
#22427000
1"
#22468000
0"
#22509000
1"
#22550000
0"
#22591000
1"
#22632000
0"
#22673000
1"
#22714000
0"
#22755000
1"
#22796000
0"
#22837000
1"
#22878000
0"
#22919000
1"
#22960000
0"
#23001000
1"
#23042000
0"
#23083000
1"
#23124000
0"
#23165000
1"
#23206000
0"
#23247000
1"
#23288000
0"
#23329000
1"
#23370000
0"
#23411000
1"
#23452000
0"
#23493000
1"
#23534000
0"
#23575000
1"
#23616000
0"
#23657000
1"
#23698000
0"
#23739000
1"
#23780000
0"
#23821000
1"
#23862000
0"
#23903000
1"
#23944000
0"
#23985000
1"
#24026000
0"
#24067000
1"
#24108000
0"
#24149000
1"
#24190000
0"
#24231000
1"
#24272000
0"
#24313000
1"
#24354000
0"
#24395000
1"
#24436000
0"
#24477000
1"
#24518000
0"
#24559000
1"
#24600000
0"
#24641000
1"
#24682000
0"
#24723000
1"
#24764000
0"
#24805000
1"
#24846000
0"
#24887000
1"
#24928000
0"
#24969000
1"
#25010000
0"
#25051000
1"
#25092000
0"
#25133000
1"
#25174000
0"
#25215000
1"
#25256000
0"
#25297000
1"
#25338000
0"
#25379000
1"
#25420000
0"
#25461000
1"
#25502000
0"
#25543000
1"
#25584000
0"
#25625000
1"
#25666000
0"
#25707000
1"
#25748000
0"
#25789000
1"
#25830000
0"
#25871000
1"
#25912000
0"
#25953000
1"
#25994000
0"
#26035000
1"
#26076000
0"
#26117000
1"
#26158000
0"
#26199000
1"
#26240000
0"
#26281000
1"
#26322000
0"
#26363000
1"
#26404000
0"
#26445000
1"
#26486000
0"
#26527000
1"
#26568000
0"
#26609000
1"
#26650000
0"
#26691000
1"
#26732000
0"
#26773000
1"
#26814000
0"
#26855000
1"
#26896000
0"
#26937000
1"
#26978000
0"
#27019000
1"
#27060000
0"
#27101000
1"
#27142000
0"
#27183000
1"
#27224000
0"
#27265000
1"
#27306000
0"
#27347000
1"
#27388000
0"
#27429000
1"
#27470000
0"
#27511000
1"
#27552000
0"
#27593000
1"
#27634000
0"
#27675000
1"
#27716000
0"
#27757000
1"
#27798000
0"
#27839000
1"
#27880000
0"
#27921000
1"
#27962000
0"
#28003000
1"
#28044000
0"
#28085000
1"
#28126000
0"
#28167000
1"
#28208000
0"
#28249000
1"
#28290000
0"
#28331000
1"
#28372000
0"
#28413000
1"
#28454000
0"
#28495000
1"
#28536000
0"
#28577000
1"
#28618000
0"
#28659000
1"
#28700000
0"
#28741000
1"
#28782000
0"
#28823000
1"
#28864000
0"
#28905000
1"
#28946000
0"
#28987000
1"
#29028000
0"
#29069000
1"
#29110000
0"
#29151000
1"
#29192000
0"
#29233000
1"
#29274000
0"
#29315000
1"
#29356000
0"
#29397000
1"
#29438000
0"
#29479000
1"
#29520000
0"
#29561000
1"
#29602000
0"
#29643000
1"
#29684000
0"
#29725000
1"
#29766000
0"
#29807000
1"
#29848000
0"
#29889000
1"
#29930000
0"
#29971000
1"
#30012000
0"
#30053000
1"
#30094000
0"
#30135000
1"
#30176000
0"
#30217000
1"
#30258000
0"
#30299000
1"
#30340000
0"
#30381000
1"
#30422000
0"
#30463000
1"
#30504000
0"
#30545000
1"
#30586000
0"
#30627000
1"
#30668000
0"
#30709000
1"
#30750000
0"
#30791000
1"
#30832000
0"
#30873000
1"
#30914000
0"
#30955000
1"
#30996000
0"
#31037000
1"
#31078000
0"
#31119000
1"
#31160000
0"
#31201000
1"
#31242000
0"
#31283000
1"
#31324000
0"
#31365000
1"
#31406000
0"
#31447000
1"
#31488000
0"
#31529000
1"
#31570000
0"
#31611000
1"
#31652000
0"
#31693000
1"
#31734000
0"
#31775000
1"
#31816000
0"
#31857000
1"
#31898000
0"
#31939000
1"
#31980000
0"
#32021000
1"
#32062000
0"
#32103000
1"
#32144000
0"
#32185000
1"
#32226000
0"
#32267000
1"
#32308000
0"
#32349000
1"
#32390000
0"
#32431000
1"
#32472000
0"
#32513000
1"
#32554000
0"
#32595000
1"
#32636000
0"
#32677000
1"
#32718000
0"
#32759000
1"
#32800000
0"
#32841000
1"
#32882000
0"
#32923000
1"
#32964000
0"
#33005000
1"
#33046000
0"
#33087000
1"
#33128000
0"
#33169000
1"
#33210000
0"
#33251000
1"
#33292000
0"
#33333000
1"
#33374000
0"
#33415000
1"
#33456000
0"
#33497000
1"
#33538000
0"
#33579000
1"
#33620000
0"
#33661000
1"
#33702000
0"
#33743000
1"
#33784000
0"
#33825000
1"
#33866000
0"
#33907000
1"
#33948000
0"
#33989000
1"
#34030000
0"
#34071000
1"
#34112000
0"
#34153000
1"
#34194000
0"
#34235000
1"
#34276000
0"
#34317000
1"
#34358000
0"
#34399000
1"
#34440000
0"
#34481000
1"
#34522000
0"
#34563000
1"
#34604000
0"
#34645000
1"
#34686000
0"
#34727000
1"
#34768000
0"
#34809000
1"
#34850000
0"
#34891000
1"
#34932000
0"
#34973000
1"
#35014000
0"
#35055000
1"
#35096000
0"
#35137000
1"
#35178000
0"
#35219000
1"
#35260000
0"
#35301000
1"
#35342000
0"
#35383000
1"
#35424000
0"
#35465000
1"
#35506000
0"
#35547000
1"
#35588000
0"
#35629000
1"
#35670000
0"
#35711000
1"
#35752000
0"
#35793000
1"
#35834000
0"
#35875000
1"
#35916000
0"
#35957000
1"
#35998000
0"
#36039000
1"
#36080000
0"
#36121000
1"
#36162000
0"
#36203000
1"
#36244000
0"
#36285000
1"
#36326000
0"
#36367000
1"
#36408000
0"
#36449000
1"
#36490000
0"
#36531000
1"
#36572000
0"
#36613000
1"
#36654000
0"
#36695000
1"
#36736000
0"
#36777000
1"
#36818000
0"
#36859000
1"
#36900000
0"
#36941000
1"
#36982000
0"
#37023000
1"
#37064000
0"
#37105000
1"
#37146000
0"
#37187000
1"
#37228000
0"
#37269000
1"
#37310000
0"
#37351000
1"
#37392000
0"
#37433000
1"
#37474000
0"
#37515000
1"
#37556000
0"
#37597000
1"
#37638000
0"
#37679000
1"
#37720000
0"
#37761000
1"
#37802000
0"
#37843000
1"
#37884000
0"
#37925000
1"
#37966000
0"
#38007000
1"
#38048000
0"
#38089000
1"
#38130000
0"
#38171000
1"
#38212000
0"
#38253000
1"
#38294000
0"
#38335000
1"
#38376000
0"
#38417000
1"
#38458000
0"
#38499000
1"
#38540000
0"
#38581000
1"
#38622000
0"
#38663000
1"
#38704000
0"
#38745000
1"
#38786000
0"
#38827000
1"
#38868000
0"
#38909000
1"
#38950000
0"
#38991000
1"
#39032000
0"
#39073000
1"
#39114000
0"
#39155000
1"
#39196000
0"
#39237000
1"
#39278000
0"
#39319000
1"
#39360000
0"
#39401000
1"
#39442000
0"
#39483000
1"
#39524000
0"
#39565000
1"
#39606000
0"
#39647000
1"
#39688000
0"
#39729000
1"
#39770000
0"
#39811000
1"
#39852000
0"
#39893000
1"
#39934000
0"
#39975000
1"
#40016000
0"
#40057000
1"
#40098000
0"
#40139000
1"
#40180000
0"
#40221000
1"
#40262000
0"
#40303000
1"
#40344000
0"
#40385000
1"
#40426000
0"
#40467000
1"
#40508000
0"
#40549000
1"
#40590000
0"
#40631000
1"
#40672000
0"
#40713000
1"
#40754000
0"
#40795000
1"
#40836000
0"
#40877000
1"
#40918000
0"
#40959000
1#
1"
#41000000
0"
#41041000
b1010000001010001 &
b111110100 %
1!
b101100001 (
1"
#41082000
0"
#41123000
b101100000 (
1"
#41164000
0"
#41205000
b101011111 (
1"
#41246000
0"
#41287000
b101011110 (
1"
#41328000
0"
#41369000
b101011101 (
1"
#41410000
0"
#41451000
b101011100 (
1"
#41492000
0"
#41533000
b101011011 (
1"
#41574000
0"
#41615000
b101011010 (
1"
#41656000
0"
#41697000
b101011001 (
1"
#41738000
0"
#41779000
b101011000 (
1"
#41820000
0"
#41861000
b101010111 (
1"
#41902000
0"
#41943000
b101010110 (
1"
#41984000
0"
#42025000
b101010101 (
1"
#42066000
0"
#42107000
b101010100 (
1"
#42148000
0"
#42189000
b101010011 (
1"
#42230000
0"
#42271000
b101010010 (
1"
#42312000
0"
#42353000
b101010001 (
1"
#42394000
0"
#42435000
b101010000 (
1"
#42476000
0"
#42517000
b101001111 (
1"
#42558000
0"
#42599000
b101001110 (
1"
#42640000
0"
#42681000
b101001101 (
1"
#42722000
0"
#42763000
b101001100 (
1"
#42804000
0"
#42845000
b101001011 (
1"
#42886000
0"
#42927000
b101001010 (
1"
#42968000
0"
#43009000
b101001001 (
1"
#43050000
0"
#43091000
b101001000 (
1"
#43132000
0"
#43173000
b101000111 (
1"
#43214000
0"
#43255000
b101000110 (
1"
#43296000
0"
#43337000
b101000101 (
1"
#43378000
0"
#43419000
b101000100 (
1"
#43460000
0"
#43501000
b101000011 (
1"
#43542000
0"
#43583000
b101000010 (
1"
#43624000
0"
#43665000
b101000001 (
1"
#43706000
0"
#43747000
b101000000 (
1"
#43788000
0"
#43829000
b100111111 (
1"
#43870000
0"
#43911000
b100111110 (
1"
#43952000
0"
#43993000
b100111101 (
1"
#44034000
0"
#44075000
b100111100 (
1"
#44116000
0"
#44157000
b100111011 (
1"
#44198000
0"
#44239000
b100111010 (
1"
#44280000
0"
#44321000
b100111001 (
1"
#44362000
0"
#44403000
b100111000 (
1"
#44444000
0"
#44485000
b100110111 (
1"
#44526000
0"
#44567000
b100110110 (
1"
#44608000
0"
#44649000
b100110101 (
1"
#44690000
0"
#44731000
b100110100 (
1"
#44772000
0"
#44813000
b100110011 (
1"
#44854000
0"
#44895000
b100110010 (
1"
#44936000
0"
#44977000
b100110001 (
1"
#45018000
0"
#45059000
b100110000 (
1"
#45100000
0"
#45141000
b100101111 (
1"
#45182000
0"
#45223000
b100101110 (
1"
#45264000
0"
#45305000
b100101101 (
1"
#45346000
0"
#45387000
b100101100 (
1"
#45428000
0"
#45469000
b100101011 (
1"
#45510000
0"
#45551000
b100101010 (
1"
#45592000
0"
#45633000
b100101001 (
1"
#45674000
0"
#45715000
b100101000 (
1"
#45756000
0"
#45797000
b100100111 (
1"
#45838000
0"
#45879000
b100100110 (
1"
#45920000
0"
#45961000
b100100101 (
1"
#46002000
0"
#46043000
b100100100 (
1"
#46084000
0"
#46125000
b100100011 (
1"
#46166000
0"
#46207000
b100100010 (
1"
#46248000
0"
#46289000
b100100001 (
1"
#46330000
0"
#46371000
b100100000 (
1"
#46412000
0"
#46453000
b100011111 (
1"
#46494000
0"
#46535000
b100011110 (
1"
#46576000
0"
#46617000
b100011101 (
1"
#46658000
0"
#46699000
b100011100 (
1"
#46740000
0"
#46781000
b100011011 (
1"
#46822000
0"
#46863000
b100011010 (
1"
#46904000
0"
#46945000
b100011001 (
1"
#46986000
0"
#47027000
b100011000 (
1"
#47068000
0"
#47109000
b100010111 (
1"
#47150000
0"
#47191000
b100010110 (
1"
#47232000
0"
#47273000
b100010101 (
1"
#47314000
0"
#47355000
b100010100 (
1"
#47396000
0"
#47437000
b100010011 (
1"
#47478000
0"
#47519000
b100010010 (
1"
#47560000
0"
#47601000
b100010001 (
1"
#47642000
0"
#47683000
b100010000 (
1"
#47724000
0"
#47765000
b100001111 (
1"
#47806000
0"
#47847000
b100001110 (
1"
#47888000
0"
#47929000
b100001101 (
1"
#47970000
0"
#48011000
b100001100 (
1"
#48052000
0"
#48093000
b100001011 (
1"
#48134000
0"
#48175000
b100001010 (
1"
#48216000
0"
#48257000
b100001001 (
1"
#48298000
0"
#48339000
b100001000 (
1"
#48380000
0"
#48421000
b100000111 (
1"
#48462000
0"
#48503000
b100000110 (
1"
#48544000
0"
#48585000
b100000101 (
1"
#48626000
0"
#48667000
b100000100 (
1"
#48708000
0"
#48749000
b100000011 (
1"
#48790000
0"
#48831000
b100000010 (
1"
#48872000
0"
#48913000
b100000001 (
1"
#48954000
0"
#48995000
b100000000 (
1"
#49036000
0"
#49077000
b11111111 (
1"
#49118000
0"
#49159000
b11111110 (
1"
#49200000
0"
#49241000
b11111101 (
1"
#49282000
0"
#49323000
b11111100 (
1"
#49364000
0"
#49405000
b11111011 (
1"
#49446000
0"
#49487000
b11111010 (
1"
#49528000
0"
#49569000
b11111001 (
1"
#49610000
0"
#49651000
b11111000 (
1"
#49692000
0"
#49733000
b11110111 (
1"
#49774000
0"
#49815000
b11110110 (
1"
#49856000
0"
#49897000
b11110101 (
1"
#49938000
0"
#49979000
b11110100 (
1"
#50020000
0"
#50061000
b11110011 (
1"
#50102000
0"
#50143000
b11110010 (
1"
#50184000
0"
#50225000
b11110001 (
1"
#50266000
0"
#50307000
b11110000 (
1"
#50348000
0"
#50389000
b11101111 (
1"
#50430000
0"
#50471000
b11101110 (
1"
#50512000
0"
#50553000
b11101101 (
1"
#50594000
0"
#50635000
b11101100 (
1"
#50676000
0"
#50717000
b11101011 (
1"
#50758000
0"
#50799000
b11101010 (
1"
#50840000
0"
#50881000
b11101001 (
1"
#50922000
0"
#50963000
b11101000 (
1"
#51004000
0"
#51045000
b11100111 (
1"
#51086000
0"
#51127000
b11100110 (
1"
#51168000
0"
#51209000
b11100101 (
1"
#51250000
0"
#51291000
b11100100 (
1"
#51332000
0"
#51373000
b11100011 (
1"
#51414000
0"
#51455000
b11100010 (
1"
#51496000
0"
#51537000
b11100001 (
1"
#51578000
0"
#51619000
b11100000 (
1"
#51660000
0"
#51701000
b11011111 (
1"
#51742000
0"
#51783000
b11011110 (
1"
#51824000
0"
#51865000
b11011101 (
1"
#51906000
0"
#51947000
b11011100 (
1"
#51988000
0"
#52029000
b11011011 (
1"
#52070000
0"
#52111000
b11011010 (
1"
#52152000
0"
#52193000
b11011001 (
1"
#52234000
0"
#52275000
b11011000 (
1"
#52316000
0"
#52357000
b11010111 (
1"
#52398000
0"
#52439000
b11010110 (
1"
#52480000
0"
#52521000
b11010101 (
1"
#52562000
0"
#52603000
b11010100 (
1"
#52644000
0"
#52685000
b11010011 (
1"
#52726000
0"
#52767000
b11010010 (
1"
#52808000
0"
#52849000
b11010001 (
1"
#52890000
0"
#52931000
b11010000 (
1"
#52972000
0"
#53013000
b11001111 (
1"
#53054000
0"
#53095000
b11001110 (
1"
#53136000
0"
#53177000
b11001101 (
1"
#53218000
0"
#53259000
b11001100 (
1"
#53300000
0"
#53341000
b11001011 (
1"
#53382000
0"
#53423000
b11001010 (
1"
#53464000
0"
#53505000
b11001001 (
1"
#53546000
0"
#53587000
b11001000 (
1"
#53628000
0"
#53669000
b11000111 (
1"
#53710000
0"
#53751000
b11000110 (
1"
#53792000
0"
#53833000
b11000101 (
1"
#53874000
0"
#53915000
b11000100 (
1"
#53956000
0"
#53997000
b11000011 (
1"
#54038000
0"
#54079000
b11000010 (
1"
#54120000
0"
#54161000
b11000001 (
1"
#54202000
0"
#54243000
b11000000 (
1"
#54284000
0"
#54325000
b10111111 (
1"
#54366000
0"
#54407000
b10111110 (
1"
#54448000
0"
#54489000
b10111101 (
1"
#54530000
0"
#54571000
b10111100 (
1"
#54612000
0"
#54653000
b10111011 (
1"
#54694000
0"
#54735000
b10111010 (
1"
#54776000
0"
#54817000
b10111001 (
1"
#54858000
0"
#54899000
b10111000 (
1"
#54940000
0"
#54981000
b10110111 (
1"
#55022000
0"
#55063000
b10110110 (
1"
#55104000
0"
#55145000
b10110101 (
1"
#55186000
0"
#55227000
b10110100 (
1"
#55268000
0"
#55309000
b10110011 (
1"
#55350000
0"
#55391000
b10110010 (
1"
#55432000
0"
#55473000
b10110001 (
1"
#55514000
0"
#55555000
b10110000 (
1"
#55596000
0"
#55637000
b10101111 (
1"
#55678000
0"
#55719000
b10101110 (
1"
#55760000
0"
#55801000
b10101101 (
1"
#55842000
0"
#55883000
b10101100 (
1"
#55924000
0"
#55965000
b10101011 (
1"
#56006000
0"
#56047000
b10101010 (
1"
#56088000
0"
#56129000
b10101001 (
1"
#56170000
0"
#56211000
b10101000 (
1"
#56252000
0"
#56293000
b10100111 (
1"
#56334000
0"
#56375000
b10100110 (
1"
#56416000
0"
#56457000
b10100101 (
1"
#56498000
0"
#56539000
b10100100 (
1"
#56580000
0"
#56621000
b10100011 (
1"
#56662000
0"
#56703000
b10100010 (
1"
#56744000
0"
#56785000
b10100001 (
1"
#56826000
0"
#56867000
b10100000 (
1"
#56908000
0"
#56949000
b10011111 (
1"
#56990000
0"
#57031000
b10011110 (
1"
#57072000
0"
#57113000
b10011101 (
1"
#57154000
0"
#57195000
b10011100 (
1"
#57236000
0"
#57277000
b10011011 (
1"
#57318000
0"
#57359000
b10011010 (
1"
#57400000
0"
#57441000
b10011001 (
1"
#57482000
0"
#57523000
b10011000 (
1"
#57564000
0"
#57605000
b10010111 (
1"
#57646000
0"
#57687000
b10010110 (
1"
#57728000
0"
#57769000
b10010101 (
1"
#57810000
0"
#57851000
b10010100 (
1"
#57892000
0"
#57933000
b10010011 (
1"
#57974000
0"
#58015000
b10010010 (
1"
#58056000
0"
#58097000
b10010001 (
1"
#58138000
0"
#58179000
b10010000 (
1"
#58220000
0"
#58261000
b10001111 (
1"
#58302000
0"
#58343000
b10001110 (
1"
#58384000
0"
#58425000
b10001101 (
1"
#58466000
0"
#58507000
b10001100 (
1"
#58548000
0"
#58589000
b10001011 (
1"
#58630000
0"
#58671000
b10001010 (
1"
#58712000
0"
#58753000
b10001001 (
1"
#58794000
0"
#58835000
b10001000 (
1"
#58876000
0"
#58917000
b10000111 (
1"
#58958000
0"
#58999000
b10000110 (
1"
#59040000
0"
#59081000
b10000101 (
1"
#59122000
0"
#59163000
b10000100 (
1"
#59204000
0"
#59245000
b10000011 (
1"
#59286000
0"
#59327000
b10000010 (
1"
#59368000
0"
#59409000
b10000001 (
1"
#59450000
0"
#59491000
b10000000 (
1"
#59532000
0"
#59573000
b1111111 (
1"
#59614000
0"
#59655000
b1111110 (
1"
#59696000
0"
#59737000
b1111101 (
1"
#59778000
0"
#59819000
b1111100 (
1"
#59860000
0"
#59901000
b1111011 (
1"
#59942000
0"
#59983000
b1111010 (
1"
#60024000
0"
#60065000
b1111001 (
1"
#60106000
0"
#60147000
b1111000 (
1"
#60188000
0"
#60229000
b1110111 (
1"
#60270000
0"
#60311000
b1110110 (
1"
#60352000
0"
#60393000
b1110101 (
1"
#60434000
0"
#60475000
b1110100 (
1"
#60516000
0"
#60557000
b1110011 (
1"
#60598000
0"
#60639000
b1110010 (
1"
#60680000
0"
#60721000
b1110001 (
1"
#60762000
0"
#60803000
b1110000 (
1"
#60844000
0"
#60885000
b1101111 (
1"
#60926000
0"
#60967000
b1101110 (
1"
#61008000
0"
#61049000
b1101101 (
1"
#61090000
0"
#61131000
b1101100 (
1"
#61172000
0"
#61213000
b1101011 (
1"
#61254000
0"
#61295000
b1101010 (
1"
#61336000
0"
#61377000
b1101001 (
1"
#61418000
0"
#61459000
b1101000 (
1"
#61500000
0"
#61541000
b1100111 (
1"
#61582000
0"
#61623000
b1100110 (
1"
#61664000
0"
#61705000
b1100101 (
1"
#61746000
0"
#61787000
b1100100 (
1"
#61828000
0"
#61869000
b1100011 (
1"
#61910000
0"
#61951000
b1100010 (
1"
#61992000
0"
#62033000
b1100001 (
1"
#62074000
0"
#62115000
b1100000 (
1"
#62156000
0"
#62197000
b1011111 (
1"
#62238000
0"
#62279000
b1011110 (
1"
#62320000
0"
#62361000
b1011101 (
1"
#62402000
0"
#62443000
b1011100 (
1"
#62484000
0"
#62525000
b1011011 (
1"
#62566000
0"
#62607000
b1011010 (
1"
#62648000
0"
#62689000
b1011001 (
1"
#62730000
0"
#62771000
b1011000 (
1"
#62812000
0"
#62853000
b1010111 (
1"
#62894000
0"
#62935000
b1010110 (
1"
#62976000
0"
#63017000
b1010101 (
1"
#63058000
0"
#63099000
b1010100 (
1"
#63140000
0"
#63181000
b1010011 (
1"
#63222000
0"
#63263000
b1010010 (
1"
#63304000
0"
#63345000
b1010001 (
1"
#63386000
0"
#63427000
b1010000 (
1"
#63468000
0"
#63509000
b1001111 (
1"
#63550000
0"
#63591000
b1001110 (
1"
#63632000
0"
#63673000
b1001101 (
1"
#63714000
0"
#63755000
b1001100 (
1"
#63796000
0"
#63837000
b1001011 (
1"
#63878000
0"
#63919000
b1001010 (
1"
#63960000
0"
#64001000
b1001001 (
1"
#64042000
0"
#64083000
b1001000 (
1"
#64124000
0"
#64165000
b1000111 (
1"
#64206000
0"
#64247000
b1000110 (
1"
#64288000
0"
#64329000
b1000101 (
1"
#64370000
0"
#64411000
b1000100 (
1"
#64452000
0"
#64493000
b1000011 (
1"
#64534000
0"
#64575000
b1000010 (
1"
#64616000
0"
#64657000
b1000001 (
1"
#64698000
0"
#64739000
b1000000 (
1"
#64780000
0"
#64821000
b111111 (
1"
#64862000
0"
#64903000
b111110 (
1"
#64944000
0"
#64985000
b111101 (
1"
#65026000
0"
#65067000
b111100 (
1"
#65108000
0"
#65149000
b111011 (
1"
#65190000
0"
#65231000
b111010 (
1"
#65272000
0"
#65313000
b111001 (
1"
#65354000
0"
#65395000
b111000 (
1"
#65436000
0"
#65477000
b110111 (
1"
#65518000
0"
#65559000
b110110 (
1"
#65600000
0"
#65641000
b110101 (
1"
#65682000
0"
#65723000
b110100 (
1"
#65764000
0"
#65805000
b110011 (
1"
#65846000
0"
#65887000
b110010 (
1"
#65928000
0"
#65969000
b110001 (
1"
#66010000
0"
#66051000
b110000 (
1"
#66092000
0"
#66133000
b101111 (
1"
#66174000
0"
#66215000
b101110 (
1"
#66256000
0"
#66297000
b101101 (
1"
#66338000
0"
#66379000
b101100 (
1"
#66420000
0"
#66461000
b101011 (
1"
#66502000
0"
#66543000
b101010 (
1"
#66584000
0"
#66625000
b101001 (
1"
#66666000
0"
#66707000
b101000 (
1"
#66748000
0"
#66789000
b100111 (
1"
#66830000
0"
#66871000
b100110 (
1"
#66912000
0"
#66953000
b100101 (
1"
#66994000
0"
#67035000
b100100 (
1"
#67076000
0"
#67117000
b100011 (
1"
#67158000
0"
#67199000
b100010 (
1"
#67240000
0"
#67281000
b100001 (
1"
#67322000
0"
#67363000
b100000 (
1"
#67404000
0"
#67445000
b11111 (
1"
#67486000
0"
#67527000
b11110 (
1"
#67568000
0"
#67609000
b11101 (
1"
#67650000
0"
#67691000
b11100 (
1"
#67732000
0"
#67773000
b11011 (
1"
#67814000
0"
#67855000
b11010 (
1"
#67896000
0"
#67937000
b11001 (
1"
#67978000
0"
#68019000
b11000 (
1"
#68060000
0"
#68101000
b10111 (
1"
#68142000
0"
#68183000
b10110 (
1"
#68224000
0"
#68265000
b10101 (
1"
#68306000
0"
#68347000
b10100 (
1"
#68388000
0"
#68429000
b10011 (
1"
#68470000
0"
#68511000
b10010 (
1"
#68552000
0"
#68593000
b10001 (
1"
#68634000
0"
#68675000
b10000 (
1"
#68716000
0"
#68757000
b1111 (
1"
#68798000
0"
#68839000
b1110 (
1"
#68880000
0"
#68921000
b1101 (
1"
#68962000
0"
#69003000
b1100 (
1"
#69044000
0"
#69085000
b1011 (
1"
#69126000
0"
#69167000
b1010 (
1"
#69208000
0"
#69249000
b1001 (
1"
#69290000
0"
#69331000
b1000 (
1"
#69372000
0"
#69413000
b111 (
1"
#69454000
0"
#69495000
b110 (
1"
#69536000
0"
#69577000
b101 (
1"
#69618000
0"
#69659000
b100 (
1"
#69700000
0"
#69741000
b11 (
1"
#69782000
0"
#69823000
b10 (
1"
#69864000
0"
#69905000
b1 (
1"
#69946000
0"
#69987000
b0 (
1"
#70028000
0"
#70069000
b10001000110110101 &
b101100010 %
0!
b101100001 (
1"
#70110000
0"
#70151000
b101100000 (
1"
#70192000
0"
#70233000
b101011111 (
1"
#70274000
0"
#70315000
b101011110 (
1"
#70356000
0"
#70397000
b101011101 (
1"
#70438000
0"
#70479000
b101011100 (
1"
#70520000
0"
#70561000
b101011011 (
1"
#70602000
0"
#70643000
b101011010 (
1"
#70684000
0"
#70725000
b101011001 (
1"
#70766000
0"
#70807000
b101011000 (
1"
#70848000
0"
#70889000
b101010111 (
1"
#70930000
0"
#70971000
b101010110 (
1"
#71012000
0"
#71053000
b101010101 (
1"
#71094000
0"
#71135000
b101010100 (
1"
#71176000
0"
#71217000
b101010011 (
1"
#71258000
0"
#71299000
b101010010 (
1"
#71340000
0"
#71381000
b101010001 (
1"
#71422000
0"
#71463000
b101010000 (
1"
#71504000
0"
#71545000
b101001111 (
1"
#71586000
0"
#71627000
b101001110 (
1"
#71668000
0"
#71709000
b101001101 (
1"
#71750000
0"
#71791000
b101001100 (
1"
#71832000
0"
#71873000
b101001011 (
1"
#71914000
0"
#71955000
b101001010 (
1"
#71996000
0"
#72037000
b101001001 (
1"
#72078000
0"
#72119000
b101001000 (
1"
#72160000
0"
#72201000
b101000111 (
1"
#72242000
0"
#72283000
b101000110 (
1"
#72324000
0"
#72365000
b101000101 (
1"
#72406000
0"
#72447000
b101000100 (
1"
#72488000
0"
#72529000
b101000011 (
1"
#72570000
0"
#72611000
b101000010 (
1"
#72652000
0"
#72693000
b101000001 (
1"
#72734000
0"
#72775000
b101000000 (
1"
#72816000
0"
#72857000
b100111111 (
1"
#72898000
0"
#72939000
b100111110 (
1"
#72980000
0"
#73021000
b100111101 (
1"
#73062000
0"
#73103000
b100111100 (
1"
#73144000
0"
#73185000
b100111011 (
1"
#73226000
0"
#73267000
b100111010 (
1"
#73308000
0"
#73349000
b100111001 (
1"
#73390000
0"
#73431000
b100111000 (
1"
#73472000
0"
#73513000
b100110111 (
1"
#73554000
0"
#73595000
b100110110 (
1"
#73636000
0"
#73677000
b100110101 (
1"
#73718000
0"
#73759000
b100110100 (
1"
#73800000
0"
#73841000
b100110011 (
1"
#73882000
0"
#73923000
b100110010 (
1"
#73964000
0"
#74005000
b100110001 (
1"
#74046000
0"
#74087000
b100110000 (
1"
#74128000
0"
#74169000
b100101111 (
1"
#74210000
0"
#74251000
b100101110 (
1"
#74292000
0"
#74333000
b100101101 (
1"
#74374000
0"
#74415000
b100101100 (
1"
#74456000
0"
#74497000
b100101011 (
1"
#74538000
0"
#74579000
b100101010 (
1"
#74620000
0"
#74661000
b100101001 (
1"
#74702000
0"
#74743000
b100101000 (
1"
#74784000
0"
#74825000
b100100111 (
1"
#74866000
0"
#74907000
b100100110 (
1"
#74948000
0"
#74989000
b100100101 (
1"
#75030000
0"
#75071000
b100100100 (
1"
#75112000
0"
#75153000
b100100011 (
1"
#75194000
0"
#75235000
b100100010 (
1"
#75276000
0"
#75317000
b100100001 (
1"
#75358000
0"
#75399000
b100100000 (
1"
#75440000
0"
#75481000
b100011111 (
1"
#75522000
0"
#75563000
b100011110 (
1"
#75604000
0"
#75645000
b100011101 (
1"
#75686000
0"
#75727000
b100011100 (
1"
#75768000
0"
#75809000
b100011011 (
1"
#75850000
0"
#75891000
b100011010 (
1"
#75932000
0"
#75973000
b100011001 (
1"
#76014000
0"
#76055000
b100011000 (
1"
#76096000
0"
#76137000
b100010111 (
1"
#76178000
0"
#76219000
b100010110 (
1"
#76260000
0"
#76301000
b100010101 (
1"
#76342000
0"
#76383000
b100010100 (
1"
#76424000
0"
#76465000
b100010011 (
1"
#76506000
0"
#76547000
b100010010 (
1"
#76588000
0"
#76629000
b100010001 (
1"
#76670000
0"
#76711000
b100010000 (
1"
#76752000
0"
#76793000
b100001111 (
1"
#76834000
0"
#76875000
b100001110 (
1"
#76916000
0"
#76957000
b100001101 (
1"
#76998000
0"
#77039000
b100001100 (
1"
#77080000
0"
#77121000
b100001011 (
1"
#77162000
0"
#77203000
b100001010 (
1"
#77244000
0"
#77285000
b100001001 (
1"
#77326000
0"
#77367000
b100001000 (
1"
#77408000
0"
#77449000
b100000111 (
1"
#77490000
0"
#77531000
b100000110 (
1"
#77572000
0"
#77613000
b100000101 (
1"
#77654000
0"
#77695000
b100000100 (
1"
#77736000
0"
#77777000
b100000011 (
1"
#77818000
0"
#77859000
b100000010 (
1"
#77900000
0"
#77941000
b100000001 (
1"
#77982000
0"
#78023000
b100000000 (
1"
#78064000
0"
#78105000
b11111111 (
1"
#78146000
0"
#78187000
b11111110 (
1"
#78228000
0"
#78269000
b11111101 (
1"
#78310000
0"
#78351000
b11111100 (
1"
#78392000
0"
#78433000
b11111011 (
1"
#78474000
0"
#78515000
b11111010 (
1"
#78556000
0"
#78597000
b11111001 (
1"
#78638000
0"
#78679000
b11111000 (
1"
#78720000
0"
#78761000
b11110111 (
1"
#78802000
0"
#78843000
b11110110 (
1"
#78884000
0"
#78925000
b11110101 (
1"
#78966000
0"
#79007000
b11110100 (
1"
#79048000
0"
#79089000
b11110011 (
1"
#79130000
0"
#79171000
b11110010 (
1"
#79212000
0"
#79253000
b11110001 (
1"
#79294000
0"
#79335000
b11110000 (
1"
#79376000
0"
#79417000
b11101111 (
1"
#79458000
0"
#79499000
b11101110 (
1"
#79540000
0"
#79581000
b11101101 (
1"
#79622000
0"
#79663000
b11101100 (
1"
#79704000
0"
#79745000
b11101011 (
1"
#79786000
0"
#79827000
b11101010 (
1"
#79868000
0"
#79909000
b11101001 (
1"
#79950000
0"
#79991000
b11101000 (
1"
#80032000
0"
#80073000
b11100111 (
1"
#80114000
0"
#80155000
b11100110 (
1"
#80196000
0"
#80237000
b11100101 (
1"
#80278000
0"
#80319000
b11100100 (
1"
#80360000
0"
#80401000
b11100011 (
1"
#80442000
0"
#80483000
b11100010 (
1"
#80524000
0"
#80565000
b11100001 (
1"
#80606000
0"
#80647000
b11100000 (
1"
#80688000
0"
#80729000
b11011111 (
1"
#80770000
0"
#80811000
b11011110 (
1"
#80852000
0"
#80893000
b11011101 (
1"
#80934000
0"
#80975000
b11011100 (
1"
#81016000
0"
#81057000
b11011011 (
1"
#81098000
0"
#81139000
b11011010 (
1"
#81180000
0"
#81221000
b11011001 (
1"
#81262000
0"
#81303000
b11011000 (
1"
#81344000
0"
#81385000
b11010111 (
1"
#81426000
0"
#81467000
b11010110 (
1"
#81508000
0"
#81549000
b11010101 (
1"
#81590000
0"
#81631000
b11010100 (
1"
#81672000
0"
#81713000
b11010011 (
1"
#81754000
0"
#81795000
b11010010 (
1"
#81836000
0"
#81877000
b11010001 (
1"
#81918000
0"
#81959000
b11010000 (
1"
#82000000
0"
#82041000
b11001111 (
1"
#82082000
0"
#82123000
b11001110 (
1"
#82164000
0"
#82205000
b11001101 (
1"
#82246000
0"
#82287000
b11001100 (
1"
#82328000
0"
#82369000
b11001011 (
1"
#82410000
0"
#82451000
b11001010 (
1"
#82492000
0"
#82533000
b11001001 (
1"
#82574000
0"
#82615000
b11001000 (
1"
#82656000
0"
#82697000
b11000111 (
1"
#82738000
0"
#82779000
b11000110 (
1"
#82820000
0"
#82861000
b11000101 (
1"
#82902000
0"
#82943000
b11000100 (
1"
#82984000
0"
#83025000
b11000011 (
1"
#83066000
0"
#83107000
b11000010 (
1"
#83148000
0"
#83189000
b11000001 (
1"
#83230000
0"
#83271000
b11000000 (
1"
#83312000
0"
#83353000
b10111111 (
1"
#83394000
0"
#83435000
b10111110 (
1"
#83476000
0"
#83517000
b10111101 (
1"
#83558000
0"
#83599000
b10111100 (
1"
#83640000
0"
#83681000
b10111011 (
1"
#83722000
0"
#83763000
b10111010 (
1"
#83804000
0"
#83845000
b10111001 (
1"
#83886000
0"
#83927000
b10111000 (
1"
#83968000
0"
#84009000
b10110111 (
1"
#84050000
0"
#84091000
b10110110 (
1"
#84132000
0"
#84173000
b10110101 (
1"
#84214000
0"
#84255000
b10110100 (
1"
#84296000
0"
#84337000
b10110011 (
1"
#84378000
0"
#84419000
b10110010 (
1"
#84460000
0"
#84501000
b10110001 (
1"
#84542000
0"
#84583000
b10110000 (
1"
#84624000
0"
#84665000
b10101111 (
1"
#84706000
0"
#84747000
b10101110 (
1"
#84788000
0"
#84829000
b10101101 (
1"
#84870000
0"
#84911000
b10101100 (
1"
#84952000
0"
#84993000
b10101011 (
1"
#85034000
0"
#85075000
b10101010 (
1"
#85116000
0"
#85157000
b10101001 (
1"
#85198000
0"
#85239000
b10101000 (
1"
#85280000
0"
#85321000
b10100111 (
1"
#85362000
0"
#85403000
b10100110 (
1"
#85444000
0"
#85485000
b10100101 (
1"
#85526000
0"
#85567000
b10100100 (
1"
#85608000
0"
#85649000
b10100011 (
1"
#85690000
0"
#85731000
b10100010 (
1"
#85772000
0"
#85813000
b10100001 (
1"
#85854000
0"
#85895000
b10100000 (
1"
#85936000
0"
#85977000
b10011111 (
1"
#86018000
0"
#86059000
b10011110 (
1"
#86100000
0"
#86141000
b10011101 (
1"
#86182000
0"
#86223000
b10011100 (
1"
#86264000
0"
#86305000
b10011011 (
1"
#86346000
0"
#86387000
b10011010 (
1"
#86428000
0"
#86469000
b10011001 (
1"
#86510000
0"
#86551000
b10011000 (
1"
#86592000
0"
#86633000
b10010111 (
1"
#86674000
0"
#86715000
b10010110 (
1"
#86756000
0"
#86797000
b10010101 (
1"
#86838000
0"
#86879000
b10010100 (
1"
#86920000
0"
#86961000
b10010011 (
1"
#87002000
0"
#87043000
b10010010 (
1"
#87084000
0"
#87125000
b10010001 (
1"
#87166000
0"
#87207000
b10010000 (
1"
#87248000
0"
#87289000
b10001111 (
1"
#87330000
0"
#87371000
b10001110 (
1"
#87412000
0"
#87453000
b10001101 (
1"
#87494000
0"
#87535000
b10001100 (
1"
#87576000
0"
#87617000
b10001011 (
1"
#87658000
0"
#87699000
b10001010 (
1"
#87740000
0"
#87781000
b10001001 (
1"
#87822000
0"
#87863000
b10001000 (
1"
#87904000
0"
#87945000
b10000111 (
1"
#87986000
0"
#88027000
b10000110 (
1"
#88068000
0"
#88109000
b10000101 (
1"
#88150000
0"
#88191000
b10000100 (
1"
#88232000
0"
#88273000
b10000011 (
1"
#88314000
0"
#88355000
b10000010 (
1"
#88396000
0"
#88437000
b10000001 (
1"
#88478000
0"
#88519000
b10000000 (
1"
#88560000
0"
#88601000
b1111111 (
1"
#88642000
0"
#88683000
b1111110 (
1"
#88724000
0"
#88765000
b1111101 (
1"
#88806000
0"
#88847000
b1111100 (
1"
#88888000
0"
#88929000
b1111011 (
1"
#88970000
0"
#89011000
b1111010 (
1"
#89052000
0"
#89093000
b1111001 (
1"
#89134000
0"
#89175000
b1111000 (
1"
#89216000
0"
#89257000
b1110111 (
1"
#89298000
0"
#89339000
b1110110 (
1"
#89380000
0"
#89421000
b1110101 (
1"
#89462000
0"
#89503000
b1110100 (
1"
#89544000
0"
#89585000
b1110011 (
1"
#89626000
0"
#89667000
b1110010 (
1"
#89708000
0"
#89749000
b1110001 (
1"
#89790000
0"
#89831000
b1110000 (
1"
#89872000
0"
#89913000
b1101111 (
1"
#89954000
0"
#89995000
b1101110 (
1"
#90036000
0"
#90077000
b1101101 (
1"
#90118000
0"
#90159000
b1101100 (
1"
#90200000
0"
#90241000
b1101011 (
1"
#90282000
0"
#90323000
b1101010 (
1"
#90364000
0"
#90405000
b1101001 (
1"
#90446000
0"
#90487000
b1101000 (
1"
#90528000
0"
#90569000
b1100111 (
1"
#90610000
0"
#90651000
b1100110 (
1"
#90692000
0"
#90733000
b1100101 (
1"
#90774000
0"
#90815000
b1100100 (
1"
#90856000
0"
#90897000
b1100011 (
1"
#90938000
0"
#90979000
b1100010 (
1"
#91020000
0"
#91061000
b1100001 (
1"
#91102000
0"
#91143000
b1100000 (
1"
#91184000
0"
#91225000
b1011111 (
1"
#91266000
0"
#91307000
b1011110 (
1"
#91348000
0"
#91389000
b1011101 (
1"
#91430000
0"
#91471000
b1011100 (
1"
#91512000
0"
#91553000
b1011011 (
1"
#91594000
0"
#91635000
b1011010 (
1"
#91676000
0"
#91717000
b1011001 (
1"
#91758000
0"
#91799000
b1011000 (
1"
#91840000
0"
#91881000
b1010111 (
1"
#91922000
0"
#91963000
b1010110 (
1"
#92004000
0"
#92045000
b1010101 (
1"
#92086000
0"
#92127000
b1010100 (
1"
#92168000
0"
#92209000
b1010011 (
1"
#92250000
0"
#92291000
b1010010 (
1"
#92332000
0"
#92373000
b1010001 (
1"
#92414000
0"
#92455000
b1010000 (
1"
#92496000
0"
#92537000
b1001111 (
1"
#92578000
0"
#92619000
b1001110 (
1"
#92660000
0"
#92701000
b1001101 (
1"
#92742000
0"
#92783000
b1001100 (
1"
#92824000
0"
#92865000
b1001011 (
1"
#92906000
0"
#92947000
b1001010 (
1"
#92988000
0"
#93029000
b1001001 (
1"
#93070000
0"
#93111000
b1001000 (
1"
#93152000
0"
#93193000
b1000111 (
1"
#93234000
0"
#93275000
b1000110 (
1"
#93316000
0"
#93357000
b1000101 (
1"
#93398000
0"
#93439000
b1000100 (
1"
#93480000
0"
#93521000
b1000011 (
1"
#93562000
0"
#93603000
b1000010 (
1"
#93644000
0"
#93685000
b1000001 (
1"
#93726000
0"
#93767000
b1000000 (
1"
#93808000
0"
#93849000
b111111 (
1"
#93890000
0"
#93931000
b111110 (
1"
#93972000
0"
#94013000
b111101 (
1"
#94054000
0"
#94095000
b111100 (
1"
#94136000
0"
#94177000
b111011 (
1"
#94218000
0"
#94259000
b111010 (
1"
#94300000
0"
#94341000
b111001 (
1"
#94382000
0"
#94423000
b111000 (
1"
#94464000
0"
#94505000
b110111 (
1"
#94546000
0"
#94587000
b110110 (
1"
#94628000
0"
#94669000
b110101 (
1"
#94710000
0"
#94751000
b110100 (
1"
#94792000
0"
#94833000
b110011 (
1"
#94874000
0"
#94915000
b110010 (
1"
#94956000
0"
#94997000
b110001 (
1"
#95038000
0"
#95079000
b110000 (
1"
#95120000
0"
#95161000
b101111 (
1"
#95202000
0"
#95243000
b101110 (
1"
#95284000
0"
#95325000
b101101 (
1"
#95366000
0"
#95407000
b101100 (
1"
#95448000
0"
#95489000
b101011 (
1"
#95530000
0"
#95571000
b101010 (
1"
#95612000
0"
#95653000
b101001 (
1"
#95694000
0"
#95735000
b101000 (
1"
#95776000
0"
#95817000
b100111 (
1"
#95858000
0"
#95899000
b100110 (
1"
#95940000
0"
#95981000
b100101 (
1"
#96022000
0"
#96063000
b100100 (
1"
#96104000
0"
#96145000
b100011 (
1"
#96186000
0"
#96227000
b100010 (
1"
#96268000
0"
#96309000
b100001 (
1"
#96350000
0"
#96391000
b100000 (
1"
#96432000
0"
#96473000
b11111 (
1"
#96514000
0"
#96555000
b11110 (
1"
#96596000
0"
#96637000
b11101 (
1"
#96678000
0"
#96719000
b11100 (
1"
#96760000
0"
#96801000
b11011 (
1"
#96842000
0"
#96883000
b11010 (
1"
#96924000
0"
#96965000
b11001 (
1"
#97006000
0"
#97047000
b11000 (
1"
#97088000
0"
#97129000
b10111 (
1"
#97170000
0"
#97211000
b10110 (
1"
#97252000
0"
#97293000
b10101 (
1"
#97334000
0"
#97375000
b10100 (
1"
#97416000
0"
#97457000
b10011 (
1"
#97498000
0"
#97539000
b10010 (
1"
#97580000
0"
#97621000
b10001 (
1"
#97662000
0"
#97703000
b10000 (
1"
#97744000
0"
#97785000
b1111 (
1"
#97826000
0"
#97867000
b1110 (
1"
#97908000
0"
#97949000
b1101 (
1"
#97990000
0"
#98031000
b1100 (
1"
#98072000
0"
#98113000
b1011 (
1"
#98154000
0"
#98195000
b1010 (
1"
#98236000
0"
#98277000
b1001 (
1"
#98318000
0"
#98359000
b1000 (
1"
#98400000
0"
#98441000
b111 (
1"
#98482000
0"
#98523000
b110 (
1"
#98564000
0"
#98605000
b101 (
1"
#98646000
0"
#98687000
b100 (
1"
#98728000
0"
#98769000
b11 (
1"
#98810000
0"
#98851000
b10 (
1"
#98892000
0"
#98933000
b1 (
1"
#98974000
0"
#99015000
b0 (
1"
#99056000
0"
#99097000
b11000001100011001 &
1!
b101100001 (
1"
#99138000
0"
#99179000
b101100000 (
1"
#99220000
0"
#99261000
b101011111 (
1"
#99302000
0"
#99343000
b101011110 (
1"
#99384000
0"
#99425000
b101011101 (
1"
#99466000
0"
#99507000
b101011100 (
1"
#99548000
0"
#99589000
b101011011 (
1"
#99630000
0"
#99671000
b101011010 (
1"
#99712000
0"
#99753000
b101011001 (
1"
#99794000
0"
#99835000
b101011000 (
1"
#99876000
0"
#99917000
b101010111 (
1"
#99958000
0"
#99999000
b101010110 (
1"
#100040000
0"
#100081000
b101010101 (
1"
#100122000
0"
#100163000
b101010100 (
1"
#100204000
0"
#100245000
b101010011 (
1"
#100286000
0"
#100327000
b101010010 (
1"
#100368000
0"
#100409000
b101010001 (
1"
#100450000
0"
#100491000
b101010000 (
1"
#100532000
0"
#100573000
b101001111 (
1"
#100614000
0"
#100655000
b101001110 (
1"
#100696000
0"
#100737000
b101001101 (
1"
#100778000
0"
#100819000
b101001100 (
1"
#100860000
0"
#100901000
b101001011 (
1"
#100942000
0"
#100983000
b101001010 (
1"
#101024000
0"
#101065000
b101001001 (
1"
#101106000
0"
#101147000
b101001000 (
1"
#101188000
0"
#101229000
b101000111 (
1"
#101270000
0"
#101311000
b101000110 (
1"
#101352000
0"
#101393000
b101000101 (
1"
#101434000
0"
#101475000
b101000100 (
1"
#101516000
0"
#101557000
b101000011 (
1"
#101598000
0"
#101639000
b101000010 (
1"
#101680000
0"
#101721000
b101000001 (
1"
#101762000
0"
#101803000
b101000000 (
1"
#101844000
0"
#101885000
b100111111 (
1"
#101926000
0"
#101967000
b100111110 (
1"
#102008000
0"
#102049000
b100111101 (
1"
#102090000
0"
#102131000
b100111100 (
1"
#102172000
0"
#102213000
b100111011 (
1"
#102254000
0"
#102295000
b100111010 (
1"
#102336000
0"
#102377000
b100111001 (
1"
#102418000
0"
#102459000
b100111000 (
1"
#102500000
0"
#102541000
b100110111 (
1"
#102582000
0"
#102623000
b100110110 (
1"
#102664000
0"
#102705000
b100110101 (
1"
#102746000
0"
#102787000
b100110100 (
1"
#102828000
0"
#102869000
b100110011 (
1"
#102910000
0"
#102951000
b100110010 (
1"
#102992000
0"
#103033000
b100110001 (
1"
#103074000
0"
#103115000
b100110000 (
1"
#103156000
0"
#103197000
b100101111 (
1"
#103238000
0"
#103279000
b100101110 (
1"
#103320000
0"
#103361000
b100101101 (
1"
#103402000
0"
#103443000
b100101100 (
1"
#103484000
0"
#103525000
b100101011 (
1"
#103566000
0"
#103607000
b100101010 (
1"
#103648000
0"
#103689000
b100101001 (
1"
#103730000
0"
#103771000
b100101000 (
1"
#103812000
0"
#103853000
b100100111 (
1"
#103894000
0"
#103935000
b100100110 (
1"
#103976000
0"
#104017000
b100100101 (
1"
#104058000
0"
#104099000
b100100100 (
1"
#104140000
0"
#104181000
b100100011 (
1"
#104222000
0"
#104263000
b100100010 (
1"
#104304000
0"
#104345000
b100100001 (
1"
#104386000
0"
#104427000
b100100000 (
1"
#104468000
0"
#104509000
b100011111 (
1"
#104550000
0"
#104591000
b100011110 (
1"
#104632000
0"
#104673000
b100011101 (
1"
#104714000
0"
#104755000
b100011100 (
1"
#104796000
0"
#104837000
b100011011 (
1"
#104878000
0"
#104919000
b100011010 (
1"
#104960000
0"
#105001000
b100011001 (
1"
#105042000
0"
#105083000
b100011000 (
1"
#105124000
0"
#105165000
b100010111 (
1"
#105206000
0"
#105247000
b100010110 (
1"
#105288000
0"
#105329000
b100010101 (
1"
#105370000
0"
#105411000
b100010100 (
1"
#105452000
0"
#105493000
b100010011 (
1"
#105534000
0"
#105575000
b100010010 (
1"
#105616000
0"
#105657000
b100010001 (
1"
#105698000
0"
#105739000
b100010000 (
1"
#105780000
0"
#105821000
b100001111 (
1"
#105862000
0"
#105903000
b100001110 (
1"
#105944000
0"
#105985000
b100001101 (
1"
#106026000
0"
#106067000
b100001100 (
1"
#106108000
0"
#106149000
b100001011 (
1"
#106190000
0"
#106231000
b100001010 (
1"
#106272000
0"
#106313000
b100001001 (
1"
#106354000
0"
#106395000
b100001000 (
1"
#106436000
0"
#106477000
b100000111 (
1"
#106518000
0"
#106559000
b100000110 (
1"
#106600000
0"
#106641000
b100000101 (
1"
#106682000
0"
#106723000
b100000100 (
1"
#106764000
0"
#106805000
b100000011 (
1"
#106846000
0"
#106887000
b100000010 (
1"
#106928000
0"
#106969000
b100000001 (
1"
#107010000
0"
#107051000
b100000000 (
1"
#107092000
0"
#107133000
b11111111 (
1"
#107174000
0"
#107215000
b11111110 (
1"
#107256000
0"
#107297000
b11111101 (
1"
#107338000
0"
#107379000
b11111100 (
1"
#107420000
0"
#107461000
b11111011 (
1"
#107502000
0"
#107543000
b11111010 (
1"
#107584000
0"
#107625000
b11111001 (
1"
#107666000
0"
#107707000
b11111000 (
1"
#107748000
0"
#107789000
b11110111 (
1"
#107830000
0"
#107871000
b11110110 (
1"
#107912000
0"
#107953000
b11110101 (
1"
#107994000
0"
#108035000
b11110100 (
1"
#108076000
0"
#108117000
b11110011 (
1"
#108158000
0"
#108199000
b11110010 (
1"
#108240000
0"
#108281000
b11110001 (
1"
#108322000
0"
#108363000
b11110000 (
1"
#108404000
0"
#108445000
b11101111 (
1"
#108486000
0"
#108527000
b11101110 (
1"
#108568000
0"
#108609000
b11101101 (
1"
#108650000
0"
#108691000
b11101100 (
1"
#108732000
0"
#108773000
b11101011 (
1"
#108814000
0"
#108855000
b11101010 (
1"
#108896000
0"
#108937000
b11101001 (
1"
#108978000
0"
#109019000
b11101000 (
1"
#109060000
0"
#109101000
b11100111 (
1"
#109142000
0"
#109183000
b11100110 (
1"
#109224000
0"
#109265000
b11100101 (
1"
#109306000
0"
#109347000
b11100100 (
1"
#109388000
0"
#109429000
b11100011 (
1"
#109470000
0"
#109511000
b11100010 (
1"
#109552000
0"
#109593000
b11100001 (
1"
#109634000
0"
#109675000
b11100000 (
1"
#109716000
0"
#109757000
b11011111 (
1"
#109798000
0"
#109839000
b11011110 (
1"
#109880000
0"
#109921000
b11011101 (
1"
#109962000
0"
#110003000
b11011100 (
1"
#110044000
0"
#110085000
b11011011 (
1"
#110126000
0"
#110167000
b11011010 (
1"
#110208000
0"
#110249000
b11011001 (
1"
#110290000
0"
#110331000
b11011000 (
1"
#110372000
0"
#110413000
b11010111 (
1"
#110454000
0"
#110495000
b11010110 (
1"
#110536000
0"
#110577000
b11010101 (
1"
#110618000
0"
#110659000
b11010100 (
1"
#110700000
0"
#110741000
b11010011 (
1"
#110782000
0"
#110823000
b11010010 (
1"
#110864000
0"
#110905000
b11010001 (
1"
#110946000
0"
#110987000
b11010000 (
1"
#111028000
0"
#111069000
b11001111 (
1"
#111110000
0"
#111151000
b11001110 (
1"
#111192000
0"
#111233000
b11001101 (
1"
#111274000
0"
#111315000
b11001100 (
1"
#111356000
0"
#111397000
b11001011 (
1"
#111438000
0"
#111479000
b11001010 (
1"
#111520000
0"
#111561000
b11001001 (
1"
#111602000
0"
#111643000
b11001000 (
1"
#111684000
0"
#111725000
b11000111 (
1"
#111766000
0"
#111807000
b11000110 (
1"
#111848000
0"
#111889000
b11000101 (
1"
#111930000
0"
#111971000
b11000100 (
1"
#112012000
0"
#112053000
b11000011 (
1"
#112094000
0"
#112135000
b11000010 (
1"
#112176000
0"
#112217000
b11000001 (
1"
#112258000
0"
#112299000
b11000000 (
1"
#112340000
0"
#112381000
b10111111 (
1"
#112422000
0"
#112463000
b10111110 (
1"
#112504000
0"
#112545000
b10111101 (
1"
#112586000
0"
#112627000
b10111100 (
1"
#112668000
0"
#112709000
b10111011 (
1"
#112750000
0"
#112791000
b10111010 (
1"
#112832000
0"
#112873000
b10111001 (
1"
#112914000
0"
#112955000
b10111000 (
1"
#112996000
0"
#113037000
b10110111 (
1"
#113078000
0"
#113119000
b10110110 (
1"
#113160000
0"
#113201000
b10110101 (
1"
#113242000
0"
#113283000
b10110100 (
1"
#113324000
0"
#113365000
b10110011 (
1"
#113406000
0"
#113447000
b10110010 (
1"
#113488000
0"
#113529000
b10110001 (
1"
#113570000
0"
#113611000
b10110000 (
1"
#113652000
0"
#113693000
b10101111 (
1"
#113734000
0"
#113775000
b10101110 (
1"
#113816000
0"
#113857000
b10101101 (
1"
#113898000
0"
#113939000
b10101100 (
1"
#113980000
0"
#114021000
b10101011 (
1"
#114062000
0"
#114103000
b10101010 (
1"
#114144000
0"
#114185000
b10101001 (
1"
#114226000
0"
#114267000
b10101000 (
1"
#114308000
0"
#114349000
b10100111 (
1"
#114390000
0"
#114431000
b10100110 (
1"
#114472000
0"
#114513000
b10100101 (
1"
#114554000
0"
#114595000
b10100100 (
1"
#114636000
0"
#114677000
b10100011 (
1"
#114718000
0"
#114759000
b10100010 (
1"
#114800000
0"
#114841000
b10100001 (
1"
#114882000
0"
#114923000
b10100000 (
1"
#114964000
0"
#115005000
b10011111 (
1"
#115046000
0"
#115087000
b10011110 (
1"
#115128000
0"
#115169000
b10011101 (
1"
#115210000
0"
#115251000
b10011100 (
1"
#115292000
0"
#115333000
b10011011 (
1"
#115374000
0"
#115415000
b10011010 (
1"
#115456000
0"
#115497000
b10011001 (
1"
#115538000
0"
#115579000
b10011000 (
1"
#115620000
0"
#115661000
b10010111 (
1"
#115702000
0"
#115743000
b10010110 (
1"
#115784000
0"
#115825000
b10010101 (
1"
#115866000
0"
#115907000
b10010100 (
1"
#115948000
0"
#115989000
b10010011 (
1"
#116030000
0"
#116071000
b10010010 (
1"
#116112000
0"
#116153000
b10010001 (
1"
#116194000
0"
#116235000
b10010000 (
1"
#116276000
0"
#116317000
b10001111 (
1"
#116358000
0"
#116399000
b10001110 (
1"
#116440000
0"
#116481000
b10001101 (
1"
#116522000
0"
#116563000
b10001100 (
1"
#116604000
0"
#116645000
b10001011 (
1"
#116686000
0"
#116727000
b10001010 (
1"
#116768000
0"
#116809000
b10001001 (
1"
#116850000
0"
#116891000
b10001000 (
1"
#116932000
0"
#116973000
b10000111 (
1"
#117014000
0"
#117055000
b10000110 (
1"
#117096000
0"
#117137000
b10000101 (
1"
#117178000
0"
#117219000
b10000100 (
1"
#117260000
0"
#117301000
b10000011 (
1"
#117342000
0"
#117383000
b10000010 (
1"
#117424000
0"
#117465000
b10000001 (
1"
#117506000
0"
#117547000
b10000000 (
1"
#117588000
0"
#117629000
b1111111 (
1"
#117670000
0"
#117711000
b1111110 (
1"
#117752000
0"
#117793000
b1111101 (
1"
#117834000
0"
#117875000
b1111100 (
1"
#117916000
0"
#117957000
b1111011 (
1"
#117998000
0"
#118039000
b1111010 (
1"
#118080000
0"
#118121000
b1111001 (
1"
#118162000
0"
#118203000
b1111000 (
1"
#118244000
0"
#118285000
b1110111 (
1"
#118326000
0"
#118367000
b1110110 (
1"
#118408000
0"
#118449000
b1110101 (
1"
#118490000
0"
#118531000
b1110100 (
1"
#118572000
0"
#118613000
b1110011 (
1"
#118654000
0"
#118695000
b1110010 (
1"
#118736000
0"
#118777000
b1110001 (
1"
#118818000
0"
#118859000
b1110000 (
1"
#118900000
0"
#118941000
b1101111 (
1"
#118982000
0"
#119023000
b1101110 (
1"
#119064000
0"
#119105000
b1101101 (
1"
#119146000
0"
#119187000
b1101100 (
1"
#119228000
0"
#119269000
b1101011 (
1"
#119310000
0"
#119351000
b1101010 (
1"
#119392000
0"
#119433000
b1101001 (
1"
#119474000
0"
#119515000
b1101000 (
1"
#119556000
0"
#119597000
b1100111 (
1"
#119638000
0"
#119679000
b1100110 (
1"
#119720000
0"
#119761000
b1100101 (
1"
#119802000
0"
#119843000
b1100100 (
1"
#119884000
0"
#119925000
b1100011 (
1"
#119966000
0"
#120007000
b1100010 (
1"
#120048000
0"
#120089000
b1100001 (
1"
#120130000
0"
#120171000
b1100000 (
1"
#120212000
0"
#120253000
b1011111 (
1"
#120294000
0"
#120335000
b1011110 (
1"
#120376000
0"
#120417000
b1011101 (
1"
#120458000
0"
#120499000
b1011100 (
1"
#120540000
0"
#120581000
b1011011 (
1"
#120622000
0"
#120663000
b1011010 (
1"
#120704000
0"
#120745000
b1011001 (
1"
#120786000
0"
#120827000
b1011000 (
1"
#120868000
0"
#120909000
b1010111 (
1"
#120950000
0"
#120991000
b1010110 (
1"
#121032000
0"
#121073000
b1010101 (
1"
#121114000
0"
#121155000
b1010100 (
1"
#121196000
0"
#121237000
b1010011 (
1"
#121278000
0"
#121319000
b1010010 (
1"
#121360000
0"
#121401000
b1010001 (
1"
#121442000
0"
#121483000
b1010000 (
1"
#121524000
0"
#121565000
b1001111 (
1"
#121606000
0"
#121647000
b1001110 (
1"
#121688000
0"
#121729000
b1001101 (
1"
#121770000
0"
#121811000
b1001100 (
1"
#121852000
0"
#121893000
b1001011 (
1"
#121934000
0"
#121975000
b1001010 (
1"
#122016000
0"
#122057000
b1001001 (
1"
#122098000
0"
#122139000
b1001000 (
1"
#122180000
0"
#122221000
b1000111 (
1"
#122262000
0"
#122303000
b1000110 (
1"
#122344000
0"
#122385000
b1000101 (
1"
#122426000
0"
#122467000
b1000100 (
1"
#122508000
0"
#122549000
b1000011 (
1"
#122590000
0"
#122631000
b1000010 (
1"
#122672000
0"
#122713000
b1000001 (
1"
#122754000
0"
#122795000
b1000000 (
1"
#122836000
0"
#122877000
b111111 (
1"
#122918000
0"
#122959000
b111110 (
1"
#123000000
0"
#123041000
b111101 (
1"
#123082000
0"
#123123000
b111100 (
1"
#123164000
0"
#123205000
b111011 (
1"
#123246000
0"
#123287000
b111010 (
1"
#123328000
0"
#123369000
b111001 (
1"
#123410000
0"
#123451000
b111000 (
1"
#123492000
0"
#123533000
b110111 (
1"
#123574000
0"
#123615000
b110110 (
1"
#123656000
0"
#123697000
b110101 (
1"
#123738000
0"
#123779000
b110100 (
1"
#123820000
0"
#123861000
b110011 (
1"
#123902000
0"
#123943000
b110010 (
1"
#123984000
0"
#124025000
b110001 (
1"
#124066000
0"
#124107000
b110000 (
1"
#124148000
0"
#124189000
b101111 (
1"
#124230000
0"
#124271000
b101110 (
1"
#124312000
0"
#124353000
b101101 (
1"
#124394000
0"
#124435000
b101100 (
1"
#124476000
0"
#124517000
b101011 (
1"
#124558000
0"
#124599000
b101010 (
1"
#124640000
0"
#124681000
b101001 (
1"
#124722000
0"
#124763000
b101000 (
1"
#124804000
0"
#124845000
b100111 (
1"
#124886000
0"
#124927000
b100110 (
1"
#124968000
0"
#125009000
b100101 (
1"
#125050000
0"
#125091000
b100100 (
1"
#125132000
0"
#125173000
b100011 (
1"
#125214000
0"
#125255000
b100010 (
1"
#125296000
0"
#125337000
b100001 (
1"
#125378000
0"
#125419000
b100000 (
1"
#125460000
0"
#125501000
b11111 (
1"
#125542000
0"
#125583000
b11110 (
1"
#125624000
0"
#125665000
b11101 (
1"
#125706000
0"
#125747000
b11100 (
1"
#125788000
0"
#125829000
b11011 (
1"
#125870000
0"
#125911000
b11010 (
1"
#125952000
0"
#125993000
b11001 (
1"
#126034000
0"
#126075000
b11000 (
1"
#126116000
0"
#126157000
b10111 (
1"
#126198000
0"
#126239000
b10110 (
1"
#126280000
0"
#126321000
b10101 (
1"
#126362000
0"
#126403000
b10100 (
1"
#126444000
0"
#126485000
b10011 (
1"
#126526000
0"
#126567000
b10010 (
1"
#126608000
0"
#126649000
b10001 (
1"
#126690000
0"
#126731000
b10000 (
1"
#126772000
0"
#126813000
b1111 (
1"
#126854000
0"
#126895000
b1110 (
1"
#126936000
0"
#126977000
b1101 (
1"
#127018000
0"
#127059000
b1100 (
1"
#127100000
0"
#127141000
b1011 (
1"
#127182000
0"
#127223000
b1010 (
1"
#127264000
0"
#127305000
b1001 (
1"
#127346000
0"
#127387000
b1000 (
1"
#127428000
0"
#127469000
b111 (
1"
#127510000
0"
#127551000
b110 (
1"
#127592000
0"
#127633000
b101 (
1"
#127674000
0"
#127715000
b100 (
1"
#127756000
0"
#127797000
b11 (
1"
#127838000
0"
#127879000
b10 (
1"
#127920000
0"
#127961000
b1 (
1"
#128002000
0"
#128043000
b0 (
1"
#128084000
0"
#128125000
b11111010001111101 &
0!
b101100001 (
1"
#128166000
0"
#128207000
b101100000 (
1"
#128248000
0"
#128289000
b101011111 (
1"
#128330000
0"
#128371000
b101011110 (
1"
#128412000
0"
#128453000
b101011101 (
1"
#128494000
0"
#128535000
b101011100 (
1"
#128576000
0"
#128617000
b101011011 (
1"
#128658000
0"
#128699000
b101011010 (
1"
#128740000
0"
#128781000
b101011001 (
1"
#128822000
0"
#128863000
b101011000 (
1"
#128904000
0"
#128945000
b101010111 (
1"
#128986000
0"
#129027000
b101010110 (
1"
#129068000
0"
#129109000
b101010101 (
1"
#129150000
0"
#129191000
b101010100 (
1"
#129232000
0"
#129273000
b101010011 (
1"
#129314000
0"
#129355000
b101010010 (
1"
#129396000
0"
#129437000
b101010001 (
1"
#129478000
0"
#129519000
b101010000 (
1"
#129560000
0"
#129601000
b101001111 (
1"
#129642000
0"
#129683000
b101001110 (
1"
#129724000
0"
#129765000
b101001101 (
1"
#129806000
0"
#129847000
b101001100 (
1"
#129888000
0"
#129929000
b101001011 (
1"
#129970000
0"
#130011000
b101001010 (
1"
#130052000
0"
#130093000
b101001001 (
1"
#130134000
0"
#130175000
b101001000 (
1"
#130216000
0"
#130257000
b101000111 (
1"
#130298000
0"
#130339000
b101000110 (
1"
#130380000
0"
#130421000
b101000101 (
1"
#130462000
0"
#130503000
b101000100 (
1"
#130544000
0"
#130585000
b101000011 (
1"
#130626000
0"
#130667000
b101000010 (
1"
#130708000
0"
#130749000
b101000001 (
1"
#130790000
0"
#130831000
b101000000 (
1"
#130872000
0"
#130913000
b100111111 (
1"
#130954000
0"
#130995000
b100111110 (
1"
#131036000
0"
#131077000
b100111101 (
1"
#131118000
0"
#131159000
b100111100 (
1"
#131200000
0"
#131241000
b100111011 (
1"
#131282000
0"
#131323000
b100111010 (
1"
#131364000
0"
#131405000
b100111001 (
1"
#131446000
0"
#131487000
b100111000 (
1"
#131528000
0"
#131569000
b100110111 (
1"
#131610000
0"
#131651000
b100110110 (
1"
#131692000
0"
#131733000
b100110101 (
1"
#131774000
0"
#131815000
b100110100 (
1"
#131856000
0"
#131897000
b100110011 (
1"
#131938000
0"
#131979000
b100110010 (
1"
#132020000
0"
#132061000
b100110001 (
1"
#132102000
0"
#132143000
b100110000 (
1"
#132184000
0"
#132225000
b100101111 (
1"
#132266000
0"
#132307000
b100101110 (
1"
#132348000
0"
#132389000
b100101101 (
1"
#132430000
0"
#132471000
b100101100 (
1"
#132512000
0"
#132553000
b100101011 (
1"
#132594000
0"
#132635000
b100101010 (
1"
#132676000
0"
#132717000
b100101001 (
1"
#132758000
0"
#132799000
b100101000 (
1"
#132840000
0"
#132881000
b100100111 (
1"
#132922000
0"
#132963000
b100100110 (
1"
#133004000
0"
#133045000
b100100101 (
1"
#133086000
0"
#133127000
b100100100 (
1"
#133168000
0"
#133209000
b100100011 (
1"
#133250000
0"
#133291000
b100100010 (
1"
#133332000
0"
#133373000
b100100001 (
1"
#133414000
0"
#133455000
b100100000 (
1"
#133496000
0"
#133537000
b100011111 (
1"
#133578000
0"
#133619000
b100011110 (
1"
#133660000
0"
#133701000
b100011101 (
1"
#133742000
0"
#133783000
b100011100 (
1"
#133824000
0"
#133865000
b100011011 (
1"
#133906000
0"
#133947000
b100011010 (
1"
#133988000
0"
#134029000
b100011001 (
1"
#134070000
0"
#134111000
b100011000 (
1"
#134152000
0"
#134193000
b100010111 (
1"
#134234000
0"
#134275000
b100010110 (
1"
#134316000
0"
#134357000
b100010101 (
1"
#134398000
0"
#134439000
b100010100 (
1"
#134480000
0"
#134521000
b100010011 (
1"
#134562000
0"
#134603000
b100010010 (
1"
#134644000
0"
#134685000
b100010001 (
1"
#134726000
0"
#134767000
b100010000 (
1"
#134808000
0"
#134849000
b100001111 (
1"
#134890000
0"
#134931000
b100001110 (
1"
#134972000
0"
#135013000
b100001101 (
1"
#135054000
0"
#135095000
b100001100 (
1"
#135136000
0"
#135177000
b100001011 (
1"
#135218000
0"
#135259000
b100001010 (
1"
#135300000
0"
#135341000
b100001001 (
1"
#135382000
0"
#135423000
b100001000 (
1"
#135464000
0"
#135505000
b100000111 (
1"
#135546000
0"
#135587000
b100000110 (
1"
#135628000
0"
#135669000
b100000101 (
1"
#135710000
0"
#135751000
b100000100 (
1"
#135792000
0"
#135833000
b100000011 (
1"
#135874000
0"
#135915000
b100000010 (
1"
#135956000
0"
#135997000
b100000001 (
1"
#136038000
0"
#136079000
b100000000 (
1"
#136120000
0"
#136161000
b11111111 (
1"
#136202000
0"
#136243000
b11111110 (
1"
#136284000
0"
#136325000
b11111101 (
1"
#136366000
0"
#136407000
b11111100 (
1"
#136448000
0"
#136489000
b11111011 (
1"
#136530000
0"
#136571000
b11111010 (
1"
#136612000
0"
#136653000
b11111001 (
1"
#136694000
0"
#136735000
b11111000 (
1"
#136776000
0"
#136817000
b11110111 (
1"
#136858000
0"
#136899000
b11110110 (
1"
#136940000
0"
#136981000
b11110101 (
1"
#137022000
0"
#137063000
b11110100 (
1"
#137104000
0"
#137145000
b11110011 (
1"
#137186000
0"
#137227000
b11110010 (
1"
#137268000
0"
#137309000
b11110001 (
1"
#137350000
0"
#137391000
b11110000 (
1"
#137432000
0"
#137473000
b11101111 (
1"
#137514000
0"
#137555000
b11101110 (
1"
#137596000
0"
#137637000
b11101101 (
1"
#137678000
0"
#137719000
b11101100 (
1"
#137760000
0"
#137801000
b11101011 (
1"
#137842000
0"
#137883000
b11101010 (
1"
#137924000
0"
#137965000
b11101001 (
1"
#138006000
0"
#138047000
b11101000 (
1"
#138088000
0"
#138129000
b11100111 (
1"
#138170000
0"
#138211000
b11100110 (
1"
#138252000
0"
#138293000
b11100101 (
1"
#138334000
0"
#138375000
b11100100 (
1"
#138416000
0"
#138457000
b11100011 (
1"
#138498000
0"
#138539000
b11100010 (
1"
#138580000
0"
#138621000
b11100001 (
1"
#138662000
0"
#138703000
b11100000 (
1"
#138744000
0"
#138785000
b11011111 (
1"
#138826000
0"
#138867000
b11011110 (
1"
#138908000
0"
#138949000
b11011101 (
1"
#138990000
0"
#139031000
b11011100 (
1"
#139072000
0"
#139113000
b11011011 (
1"
#139154000
0"
#139195000
b11011010 (
1"
#139236000
0"
#139277000
b11011001 (
1"
#139318000
0"
#139359000
b11011000 (
1"
#139400000
0"
#139441000
b11010111 (
1"
#139482000
0"
#139523000
b11010110 (
1"
#139564000
0"
#139605000
b11010101 (
1"
#139646000
0"
#139687000
b11010100 (
1"
#139728000
0"
#139769000
b11010011 (
1"
#139810000
0"
#139851000
b11010010 (
1"
#139892000
0"
#139933000
b11010001 (
1"
#139974000
0"
#140015000
b11010000 (
1"
#140056000
0"
#140097000
b11001111 (
1"
#140138000
0"
#140179000
b11001110 (
1"
#140220000
0"
#140261000
b11001101 (
1"
#140302000
0"
#140343000
b11001100 (
1"
#140384000
0"
#140425000
b11001011 (
1"
#140466000
0"
#140507000
b11001010 (
1"
#140548000
0"
#140589000
b11001001 (
1"
#140630000
0"
#140671000
b11001000 (
1"
#140712000
0"
#140753000
b11000111 (
1"
#140794000
0"
#140835000
b11000110 (
1"
#140876000
0"
#140917000
b11000101 (
1"
#140958000
0"
#140999000
b11000100 (
1"
#141040000
0"
#141081000
b11000011 (
1"
#141122000
0"
#141163000
b11000010 (
1"
#141204000
0"
#141245000
b11000001 (
1"
#141286000
0"
#141327000
b11000000 (
1"
#141368000
0"
#141409000
b10111111 (
1"
#141450000
0"
#141491000
b10111110 (
1"
#141532000
0"
#141573000
b10111101 (
1"
#141614000
0"
#141655000
b10111100 (
1"
#141696000
0"
#141737000
b10111011 (
1"
#141778000
0"
#141819000
b10111010 (
1"
#141860000
0"
#141901000
b10111001 (
1"
#141942000
0"
#141983000
b10111000 (
1"
#142024000
0"
#142065000
b10110111 (
1"
#142106000
0"
#142147000
b10110110 (
1"
#142188000
0"
#142229000
b10110101 (
1"
#142270000
0"
#142311000
b10110100 (
1"
#142352000
0"
#142393000
b10110011 (
1"
#142434000
0"
#142475000
b10110010 (
1"
#142516000
0"
#142557000
b10110001 (
1"
#142598000
0"
#142639000
b10110000 (
1"
#142680000
0"
#142721000
b10101111 (
1"
#142762000
0"
#142803000
b10101110 (
1"
#142844000
0"
#142885000
b10101101 (
1"
#142926000
0"
#142967000
b10101100 (
1"
#143008000
0"
#143049000
b10101011 (
1"
#143090000
0"
#143131000
b10101010 (
1"
#143172000
0"
#143213000
b10101001 (
1"
#143254000
0"
#143295000
b10101000 (
1"
#143336000
0"
#143377000
b10100111 (
1"
#143418000
0"
#143459000
b10100110 (
1"
#143500000
0"
#143541000
b10100101 (
1"
#143582000
0"
#143623000
b10100100 (
1"
#143664000
0"
#143705000
b10100011 (
1"
#143746000
0"
#143787000
b10100010 (
1"
#143828000
0"
#143869000
b10100001 (
1"
#143910000
0"
#143951000
b10100000 (
1"
#143992000
0"
#144033000
b10011111 (
1"
#144074000
0"
#144115000
b10011110 (
1"
#144156000
0"
#144197000
b10011101 (
1"
#144238000
0"
#144279000
b10011100 (
1"
#144320000
0"
#144361000
b10011011 (
1"
#144402000
0"
#144443000
b10011010 (
1"
#144484000
0"
#144525000
b10011001 (
1"
#144566000
0"
#144607000
b10011000 (
1"
#144648000
0"
#144689000
b10010111 (
1"
#144730000
0"
#144771000
b10010110 (
1"
#144812000
0"
#144853000
b10010101 (
1"
#144894000
0"
#144935000
b10010100 (
1"
#144976000
0"
#145017000
b10010011 (
1"
#145058000
0"
#145099000
b10010010 (
1"
#145140000
0"
#145181000
b10010001 (
1"
#145222000
0"
#145263000
b10010000 (
1"
#145304000
0"
#145345000
b10001111 (
1"
#145386000
0"
#145427000
b10001110 (
1"
#145468000
0"
#145509000
b10001101 (
1"
#145550000
0"
#145591000
b10001100 (
1"
#145632000
0"
#145673000
b10001011 (
1"
#145714000
0"
#145755000
b10001010 (
1"
#145796000
0"
#145837000
b10001001 (
1"
#145878000
0"
#145919000
b10001000 (
1"
#145960000
0"
#146001000
b10000111 (
1"
#146042000
0"
#146083000
b10000110 (
1"
#146124000
0"
#146165000
b10000101 (
1"
#146206000
0"
#146247000
b10000100 (
1"
#146288000
0"
#146329000
b10000011 (
1"
#146370000
0"
#146411000
b10000010 (
1"
#146452000
0"
#146493000
b10000001 (
1"
#146534000
0"
#146575000
b10000000 (
1"
#146616000
0"
#146657000
b1111111 (
1"
#146698000
0"
#146739000
b1111110 (
1"
#146780000
0"
#146821000
b1111101 (
1"
#146862000
0"
#146903000
b1111100 (
1"
#146944000
0"
#146985000
b1111011 (
1"
#147026000
0"
#147067000
b1111010 (
1"
#147108000
0"
#147149000
b1111001 (
1"
#147190000
0"
#147231000
b1111000 (
1"
#147272000
0"
#147313000
b1110111 (
1"
#147354000
0"
#147395000
b1110110 (
1"
#147436000
0"
#147477000
b1110101 (
1"
#147518000
0"
#147559000
b1110100 (
1"
#147600000
0"
#147641000
b1110011 (
1"
#147682000
0"
#147723000
b1110010 (
1"
#147764000
0"
#147805000
b1110001 (
1"
#147846000
0"
#147887000
b1110000 (
1"
#147928000
0"
#147969000
b1101111 (
1"
#148010000
0"
#148051000
b1101110 (
1"
#148092000
0"
#148133000
b1101101 (
1"
#148174000
0"
#148215000
b1101100 (
1"
#148256000
0"
#148297000
b1101011 (
1"
#148338000
0"
#148379000
b1101010 (
1"
#148420000
0"
#148461000
b1101001 (
1"
#148502000
0"
#148543000
b1101000 (
1"
#148584000
0"
#148625000
b1100111 (
1"
#148666000
0"
#148707000
b1100110 (
1"
#148748000
0"
#148789000
b1100101 (
1"
#148830000
0"
#148871000
b1100100 (
1"
#148912000
0"
#148953000
b1100011 (
1"
#148994000
0"
#149035000
b1100010 (
1"
#149076000
0"
#149117000
b1100001 (
1"
#149158000
0"
#149199000
b1100000 (
1"
#149240000
0"
#149281000
b1011111 (
1"
#149322000
0"
#149363000
b1011110 (
1"
#149404000
0"
#149445000
b1011101 (
1"
#149486000
0"
#149527000
b1011100 (
1"
#149568000
0"
#149609000
b1011011 (
1"
#149650000
0"
#149691000
b1011010 (
1"
#149732000
0"
#149773000
b1011001 (
1"
#149814000
0"
#149855000
b1011000 (
1"
#149896000
0"
#149937000
b1010111 (
1"
#149978000
0"
#150019000
b1010110 (
1"
#150060000
0"
#150101000
b1010101 (
1"
#150142000
0"
#150183000
b1010100 (
1"
#150224000
0"
#150265000
b1010011 (
1"
#150306000
0"
#150347000
b1010010 (
1"
#150388000
0"
#150429000
b1010001 (
1"
#150470000
0"
#150511000
b1010000 (
1"
#150552000
0"
#150593000
b1001111 (
1"
#150634000
0"
#150675000
b1001110 (
1"
#150716000
0"
#150757000
b1001101 (
1"
#150798000
0"
#150839000
b1001100 (
1"
#150880000
0"
#150921000
b1001011 (
1"
#150962000
0"
#151003000
b1001010 (
1"
#151044000
0"
#151085000
b1001001 (
1"
#151126000
0"
#151167000
b1001000 (
1"
#151208000
0"
#151249000
b1000111 (
1"
#151290000
0"
#151331000
b1000110 (
1"
#151372000
0"
#151413000
b1000101 (
1"
#151454000
0"
#151495000
b1000100 (
1"
#151536000
0"
#151577000
b1000011 (
1"
#151618000
0"
#151659000
b1000010 (
1"
#151700000
0"
#151741000
b1000001 (
1"
#151782000
0"
#151823000
b1000000 (
1"
#151864000
0"
#151905000
b111111 (
1"
#151946000
0"
#151987000
b111110 (
1"
#152028000
0"
#152069000
b111101 (
1"
#152110000
0"
#152151000
b111100 (
1"
#152192000
0"
#152233000
b111011 (
1"
#152274000
0"
#152315000
b111010 (
1"
#152356000
0"
#152397000
b111001 (
1"
#152438000
0"
#152479000
b111000 (
1"
#152520000
0"
#152561000
b110111 (
1"
#152602000
0"
#152643000
b110110 (
1"
#152684000
0"
#152725000
b110101 (
1"
#152766000
0"
#152807000
b110100 (
1"
#152848000
0"
#152889000
b110011 (
1"
#152930000
0"
#152971000
b110010 (
1"
#153012000
0"
#153053000
b110001 (
1"
#153094000
0"
#153135000
b110000 (
1"
#153176000
0"
#153217000
b101111 (
1"
#153258000
0"
#153299000
b101110 (
1"
#153340000
0"
#153381000
b101101 (
1"
#153422000
0"
#153463000
b101100 (
1"
#153504000
0"
#153545000
b101011 (
1"
#153586000
0"
#153627000
b101010 (
1"
#153668000
0"
#153709000
b101001 (
1"
#153750000
0"
#153791000
b101000 (
1"
#153832000
0"
#153873000
b100111 (
1"
#153914000
0"
#153955000
b100110 (
1"
#153996000
0"
#154037000
b100101 (
1"
#154078000
0"
#154119000
b100100 (
1"
#154160000
0"
#154201000
b100011 (
1"
#154242000
0"
#154283000
b100010 (
1"
#154324000
0"
#154365000
b100001 (
1"
#154406000
0"
#154447000
b100000 (
1"
#154488000
0"
#154529000
b11111 (
1"
#154570000
0"
#154611000
b11110 (
1"
#154652000
0"
#154693000
b11101 (
1"
#154734000
0"
#154775000
b11100 (
1"
#154816000
0"
#154857000
b11011 (
1"
#154898000
0"
#154939000
b11010 (
1"
#154980000
0"
#155021000
b11001 (
1"
#155062000
0"
#155103000
b11000 (
1"
#155144000
0"
#155185000
b10111 (
1"
#155226000
0"
#155267000
b10110 (
1"
#155308000
0"
#155349000
b10101 (
1"
#155390000
0"
#155431000
b10100 (
1"
#155472000
0"
#155513000
b10011 (
1"
#155554000
0"
#155595000
b10010 (
1"
#155636000
0"
#155677000
b10001 (
1"
#155718000
0"
#155759000
b10000 (
1"
#155800000
0"
#155841000
b1111 (
1"
#155882000
0"
#155923000
b1110 (
1"
#155964000
0"
#156005000
b1101 (
1"
#156046000
0"
#156087000
b1100 (
1"
#156128000
0"
#156169000
b1011 (
1"
#156210000
0"
#156251000
b1010 (
1"
#156292000
0"
#156333000
b1001 (
1"
#156374000
0"
#156415000
b1000 (
1"
#156456000
0"
#156497000
b111 (
1"
#156538000
0"
#156579000
b110 (
1"
#156620000
0"
#156661000
b101 (
1"
#156702000
0"
#156743000
b100 (
1"
#156784000
0"
#156825000
b11 (
1"
#156866000
0"
#156907000
b10 (
1"
#156948000
0"
#156989000
b1 (
1"
#157030000
0"
#157071000
b0 (
1"
#157112000
0"
#157153000
b100110010111100001 &
1!
b101100001 (
1"
#157194000
0"
#157235000
b101100000 (
1"
#157276000
0"
#157317000
b101011111 (
1"
#157358000
0"
#157399000
b101011110 (
1"
#157440000
0"
#157481000
b101011101 (
1"
#157522000
0"
#157563000
b101011100 (
1"
#157604000
0"
#157645000
b101011011 (
1"
#157686000
0"
#157727000
b101011010 (
1"
#157768000
0"
#157809000
b101011001 (
1"
#157850000
0"
#157891000
b101011000 (
1"
#157932000
0"
#157973000
b101010111 (
1"
#158014000
0"
#158055000
b101010110 (
1"
#158096000
0"
#158137000
b101010101 (
1"
#158178000
0"
#158219000
b101010100 (
1"
#158260000
0"
#158301000
b101010011 (
1"
#158342000
0"
#158383000
b101010010 (
1"
#158424000
0"
#158465000
b101010001 (
1"
#158506000
0"
#158547000
b101010000 (
1"
#158588000
0"
#158629000
b101001111 (
1"
#158670000
0"
#158711000
b101001110 (
1"
#158752000
0"
#158793000
b101001101 (
1"
#158834000
0"
#158875000
b101001100 (
1"
#158916000
0"
#158957000
b101001011 (
1"
#158998000
0"
#159039000
b101001010 (
1"
#159080000
0"
#159121000
b101001001 (
1"
#159162000
0"
#159203000
b101001000 (
1"
#159244000
0"
#159285000
b101000111 (
1"
#159326000
0"
#159367000
b101000110 (
1"
#159408000
0"
#159449000
b101000101 (
1"
#159490000
0"
#159531000
b101000100 (
1"
#159572000
0"
#159613000
b101000011 (
1"
#159654000
0"
#159695000
b101000010 (
1"
#159736000
0"
#159777000
b101000001 (
1"
#159818000
0"
#159859000
b101000000 (
1"
#159900000
0"
#159941000
b100111111 (
1"
#159982000
0"
#160023000
b100111110 (
1"
#160064000
0"
#160105000
b100111101 (
1"
#160146000
0"
#160187000
b100111100 (
1"
#160228000
0"
#160269000
b100111011 (
1"
#160310000
0"
#160351000
b100111010 (
1"
#160392000
0"
#160433000
b100111001 (
1"
#160474000
0"
#160515000
b100111000 (
1"
#160556000
0"
#160597000
b100110111 (
1"
#160638000
0"
#160679000
b100110110 (
1"
#160720000
0"
#160761000
b100110101 (
1"
#160802000
0"
#160843000
b100110100 (
1"
#160884000
0"
#160925000
b100110011 (
1"
#160966000
0"
#161007000
b100110010 (
1"
#161048000
0"
#161089000
b100110001 (
1"
#161130000
0"
#161171000
b100110000 (
1"
#161212000
0"
#161253000
b100101111 (
1"
#161294000
0"
#161335000
b100101110 (
1"
#161376000
0"
#161417000
b100101101 (
1"
#161458000
0"
#161499000
b100101100 (
1"
#161540000
0"
#161581000
b100101011 (
1"
#161622000
0"
#161663000
b100101010 (
1"
#161704000
0"
#161745000
b100101001 (
1"
#161786000
0"
#161827000
b100101000 (
1"
#161868000
0"
#161909000
b100100111 (
1"
#161950000
0"
#161991000
b100100110 (
1"
#162032000
0"
#162073000
b100100101 (
1"
#162114000
0"
#162155000
b100100100 (
1"
#162196000
0"
#162237000
b100100011 (
1"
#162278000
0"
#162319000
b100100010 (
1"
#162360000
0"
#162401000
b100100001 (
1"
#162442000
0"
#162483000
b100100000 (
1"
#162524000
0"
#162565000
b100011111 (
1"
#162606000
0"
#162647000
b100011110 (
1"
#162688000
0"
#162729000
b100011101 (
1"
#162770000
0"
#162811000
b100011100 (
1"
#162852000
0"
#162893000
b100011011 (
1"
#162934000
0"
#162975000
b100011010 (
1"
#163016000
0"
#163057000
b100011001 (
1"
#163098000
0"
#163139000
b100011000 (
1"
#163180000
0"
#163221000
b100010111 (
1"
#163262000
0"
#163303000
b100010110 (
1"
#163344000
0"
#163385000
b100010101 (
1"
#163426000
0"
#163467000
b100010100 (
1"
#163508000
0"
#163549000
b100010011 (
1"
#163590000
0"
#163631000
b100010010 (
1"
#163672000
0"
#163713000
b100010001 (
1"
#163754000
0"
#163795000
b100010000 (
1"
#163836000
0"
#163877000
b100001111 (
1"
#163918000
0"
#163959000
b100001110 (
1"
#164000000
0"
#164041000
b100001101 (
1"
#164082000
0"
#164123000
b100001100 (
1"
#164164000
0"
#164205000
b100001011 (
1"
#164246000
0"
#164287000
b100001010 (
1"
#164328000
0"
#164369000
b100001001 (
1"
#164410000
0"
#164451000
b100001000 (
1"
#164492000
0"
#164533000
b100000111 (
1"
#164574000
0"
#164615000
b100000110 (
1"
#164656000
0"
#164697000
b100000101 (
1"
#164738000
0"
#164779000
b100000100 (
1"
#164820000
0"
#164861000
b100000011 (
1"
#164902000
0"
#164943000
b100000010 (
1"
#164984000
0"
#165025000
b100000001 (
1"
#165066000
0"
#165107000
b100000000 (
1"
#165148000
0"
#165189000
b11111111 (
1"
#165230000
0"
#165271000
b11111110 (
1"
#165312000
0"
#165353000
b11111101 (
1"
#165394000
0"
#165435000
b11111100 (
1"
#165476000
0"
#165517000
b11111011 (
1"
#165558000
0"
#165599000
b11111010 (
1"
#165640000
0"
#165681000
b11111001 (
1"
#165722000
0"
#165763000
b11111000 (
1"
#165804000
0"
#165845000
b11110111 (
1"
#165886000
0"
#165927000
b11110110 (
1"
#165968000
0"
#166009000
b11110101 (
1"
#166050000
0"
#166091000
b11110100 (
1"
#166132000
0"
#166173000
b11110011 (
1"
#166214000
0"
#166255000
b11110010 (
1"
#166296000
0"
#166337000
b11110001 (
1"
#166378000
0"
#166419000
b11110000 (
1"
#166460000
0"
#166501000
b11101111 (
1"
#166542000
0"
#166583000
b11101110 (
1"
#166624000
0"
#166665000
b11101101 (
1"
#166706000
0"
#166747000
b11101100 (
1"
#166788000
0"
#166829000
b11101011 (
1"
#166870000
0"
#166911000
b11101010 (
1"
#166952000
0"
#166993000
b11101001 (
1"
#167034000
0"
#167075000
b11101000 (
1"
#167116000
0"
#167157000
b11100111 (
1"
#167198000
0"
#167239000
b11100110 (
1"
#167280000
0"
#167321000
b11100101 (
1"
#167362000
0"
#167403000
b11100100 (
1"
#167444000
0"
#167485000
b11100011 (
1"
#167526000
0"
#167567000
b11100010 (
1"
#167608000
0"
#167649000
b11100001 (
1"
#167690000
0"
#167731000
b11100000 (
1"
#167772000
0"
#167813000
b11011111 (
1"
#167854000
0"
#167895000
b11011110 (
1"
#167936000
0"
#167977000
b11011101 (
1"
#168018000
0"
#168059000
b11011100 (
1"
#168100000
0"
#168141000
b11011011 (
1"
#168182000
0"
#168223000
b11011010 (
1"
#168264000
0"
#168305000
b11011001 (
1"
#168346000
0"
#168387000
b11011000 (
1"
#168428000
0"
#168469000
b11010111 (
1"
#168510000
0"
#168551000
b11010110 (
1"
#168592000
0"
#168633000
b11010101 (
1"
#168674000
0"
#168715000
b11010100 (
1"
#168756000
0"
#168797000
b11010011 (
1"
#168838000
0"
#168879000
b11010010 (
1"
#168920000
0"
#168961000
b11010001 (
1"
#169002000
0"
#169043000
b11010000 (
1"
#169084000
0"
#169125000
b11001111 (
1"
#169166000
0"
#169207000
b11001110 (
1"
#169248000
0"
#169289000
b11001101 (
1"
#169330000
0"
#169371000
b11001100 (
1"
#169412000
0"
#169453000
b11001011 (
1"
#169494000
0"
#169535000
b11001010 (
1"
#169576000
0"
#169617000
b11001001 (
1"
#169658000
0"
#169699000
b11001000 (
1"
#169740000
0"
#169781000
b11000111 (
1"
#169822000
0"
#169863000
b11000110 (
1"
#169904000
0"
#169945000
b11000101 (
1"
#169986000
0"
#170027000
b11000100 (
1"
#170068000
0"
#170109000
b11000011 (
1"
#170150000
0"
#170191000
b11000010 (
1"
#170232000
0"
#170273000
b11000001 (
1"
#170314000
0"
#170355000
b11000000 (
1"
#170396000
0"
#170437000
b10111111 (
1"
#170478000
0"
#170519000
b10111110 (
1"
#170560000
0"
#170601000
b10111101 (
1"
#170642000
0"
#170683000
b10111100 (
1"
#170724000
0"
#170765000
b10111011 (
1"
#170806000
0"
#170847000
b10111010 (
1"
#170888000
0"
#170929000
b10111001 (
1"
#170970000
0"
#171011000
b10111000 (
1"
#171052000
0"
#171093000
b10110111 (
1"
#171134000
0"
#171175000
b10110110 (
1"
#171216000
0"
#171257000
b10110101 (
1"
#171298000
0"
#171339000
b10110100 (
1"
#171380000
0"
#171421000
b10110011 (
1"
#171462000
0"
#171503000
b10110010 (
1"
#171544000
0"
#171585000
b10110001 (
1"
#171626000
0"
#171667000
b10110000 (
1"
#171708000
0"
#171749000
b10101111 (
1"
#171790000
0"
#171831000
b10101110 (
1"
#171872000
0"
#171913000
b10101101 (
1"
#171954000
0"
#171995000
b10101100 (
1"
#172036000
0"
#172077000
b10101011 (
1"
#172118000
0"
#172159000
b10101010 (
1"
#172200000
0"
#172241000
b10101001 (
1"
#172282000
0"
#172323000
b10101000 (
1"
#172364000
0"
#172405000
b10100111 (
1"
#172446000
0"
#172487000
b10100110 (
1"
#172528000
0"
#172569000
b10100101 (
1"
#172610000
0"
#172651000
b10100100 (
1"
#172692000
0"
#172733000
b10100011 (
1"
#172774000
0"
#172815000
b10100010 (
1"
#172856000
0"
#172897000
b10100001 (
1"
#172938000
0"
#172979000
b10100000 (
1"
#173020000
0"
#173061000
b10011111 (
1"
#173102000
0"
#173143000
b10011110 (
1"
#173184000
0"
#173225000
b10011101 (
1"
#173266000
0"
#173307000
b10011100 (
1"
#173348000
0"
#173389000
b10011011 (
1"
#173430000
0"
#173471000
b10011010 (
1"
#173512000
0"
#173553000
b10011001 (
1"
#173594000
0"
#173635000
b10011000 (
1"
#173676000
0"
#173717000
b10010111 (
1"
#173758000
0"
#173799000
b10010110 (
1"
#173840000
0"
#173881000
b10010101 (
1"
#173922000
0"
#173963000
b10010100 (
1"
#174004000
0"
#174045000
b10010011 (
1"
#174086000
0"
#174127000
b10010010 (
1"
#174168000
0"
#174209000
b10010001 (
1"
#174250000
0"
#174291000
b10010000 (
1"
#174332000
0"
#174373000
b10001111 (
1"
#174414000
0"
#174455000
b10001110 (
1"
#174496000
0"
#174537000
b10001101 (
1"
#174578000
0"
#174619000
b10001100 (
1"
#174660000
0"
#174701000
b10001011 (
1"
#174742000
0"
#174783000
b10001010 (
1"
#174824000
0"
#174865000
b10001001 (
1"
#174906000
0"
#174947000
b10001000 (
1"
#174988000
0"
#175029000
b10000111 (
1"
#175070000
0"
#175111000
b10000110 (
1"
#175152000
0"
#175193000
b10000101 (
1"
#175234000
0"
#175275000
b10000100 (
1"
#175316000
0"
#175357000
b10000011 (
1"
#175398000
0"
#175439000
b10000010 (
1"
#175480000
0"
#175521000
b10000001 (
1"
#175562000
0"
#175603000
b10000000 (
1"
#175644000
0"
#175685000
b1111111 (
1"
#175726000
0"
#175767000
b1111110 (
1"
#175808000
0"
#175849000
b1111101 (
1"
#175890000
0"
#175931000
b1111100 (
1"
#175972000
0"
#176013000
b1111011 (
1"
#176054000
0"
#176095000
b1111010 (
1"
#176136000
0"
#176177000
b1111001 (
1"
#176218000
0"
#176259000
b1111000 (
1"
#176300000
0"
#176341000
b1110111 (
1"
#176382000
0"
#176423000
b1110110 (
1"
#176464000
0"
#176505000
b1110101 (
1"
#176546000
0"
#176587000
b1110100 (
1"
#176628000
0"
#176669000
b1110011 (
1"
#176710000
0"
#176751000
b1110010 (
1"
#176792000
0"
#176833000
b1110001 (
1"
#176874000
0"
#176915000
b1110000 (
1"
#176956000
0"
#176997000
b1101111 (
1"
#177038000
0"
#177079000
b1101110 (
1"
#177120000
0"
#177161000
b1101101 (
1"
#177202000
0"
#177243000
b1101100 (
1"
#177284000
0"
#177325000
b1101011 (
1"
#177366000
0"
#177407000
b1101010 (
1"
#177448000
0"
#177489000
b1101001 (
1"
#177530000
0"
#177571000
b1101000 (
1"
#177612000
0"
#177653000
b1100111 (
1"
#177694000
0"
#177735000
b1100110 (
1"
#177776000
0"
#177817000
b1100101 (
1"
#177858000
0"
#177899000
b1100100 (
1"
#177940000
0"
#177981000
b1100011 (
1"
#178022000
0"
#178063000
b1100010 (
1"
#178104000
0"
#178145000
b1100001 (
1"
#178186000
0"
#178227000
b1100000 (
1"
#178268000
0"
#178309000
b1011111 (
1"
#178350000
0"
#178391000
b1011110 (
1"
#178432000
0"
#178473000
b1011101 (
1"
#178514000
0"
#178555000
b1011100 (
1"
#178596000
0"
#178637000
b1011011 (
1"
#178678000
0"
#178719000
b1011010 (
1"
#178760000
0"
#178801000
b1011001 (
1"
#178842000
0"
#178883000
b1011000 (
1"
#178924000
0"
#178965000
b1010111 (
1"
#179006000
0"
#179047000
b1010110 (
1"
#179088000
0"
#179129000
b1010101 (
1"
#179170000
0"
#179211000
b1010100 (
1"
#179252000
0"
#179293000
b1010011 (
1"
#179334000
0"
#179375000
b1010010 (
1"
#179416000
0"
#179457000
b1010001 (
1"
#179498000
0"
#179539000
b1010000 (
1"
#179580000
0"
#179621000
b1001111 (
1"
#179662000
0"
#179703000
b1001110 (
1"
#179744000
0"
#179785000
b1001101 (
1"
#179826000
0"
#179867000
b1001100 (
1"
#179908000
0"
#179949000
b1001011 (
1"
#179990000
0"
#180031000
b1001010 (
1"
#180072000
0"
#180113000
b1001001 (
1"
#180154000
0"
#180195000
b1001000 (
1"
#180236000
0"
#180277000
b1000111 (
1"
#180318000
0"
#180359000
b1000110 (
1"
#180400000
0"
#180441000
b1000101 (
1"
#180482000
0"
#180523000
b1000100 (
1"
#180564000
0"
#180605000
b1000011 (
1"
#180646000
0"
#180687000
b1000010 (
1"
#180728000
0"
#180769000
b1000001 (
1"
#180810000
0"
#180851000
b1000000 (
1"
#180892000
0"
#180933000
b111111 (
1"
#180974000
0"
#181015000
b111110 (
1"
#181056000
0"
#181097000
b111101 (
1"
#181138000
0"
#181179000
b111100 (
1"
#181220000
0"
#181261000
b111011 (
1"
#181302000
0"
#181343000
b111010 (
1"
#181384000
0"
#181425000
b111001 (
1"
#181466000
0"
#181507000
b111000 (
1"
#181548000
0"
#181589000
b110111 (
1"
#181630000
0"
#181671000
b110110 (
1"
#181712000
0"
#181753000
b110101 (
1"
#181794000
0"
#181835000
b110100 (
1"
#181876000
0"
#181917000
b110011 (
1"
#181958000
0"
#181999000
b110010 (
1"
#182040000
0"
#182081000
b110001 (
1"
#182122000
0"
#182163000
b110000 (
1"
#182204000
0"
#182245000
b101111 (
1"
#182286000
0"
#182327000
b101110 (
1"
#182368000
0"
#182409000
b101101 (
1"
#182450000
0"
#182491000
b101100 (
1"
#182532000
0"
#182573000
b101011 (
1"
#182614000
0"
#182655000
b101010 (
1"
#182696000
0"
#182737000
b101001 (
1"
#182778000
0"
#182819000
b101000 (
1"
#182860000
0"
#182901000
b100111 (
1"
#182942000
0"
#182983000
b100110 (
1"
#183024000
0"
#183065000
b100101 (
1"
#183106000
0"
#183147000
b100100 (
1"
#183188000
0"
#183229000
b100011 (
1"
#183270000
0"
#183311000
b100010 (
1"
#183352000
0"
#183393000
b100001 (
1"
#183434000
0"
#183475000
b100000 (
1"
#183516000
0"
#183557000
b11111 (
1"
#183598000
0"
#183639000
b11110 (
1"
#183680000
0"
#183721000
b11101 (
1"
#183762000
0"
#183803000
b11100 (
1"
#183844000
0"
#183885000
b11011 (
1"
#183926000
0"
#183967000
b11010 (
1"
#184008000
0"
#184049000
b11001 (
1"
#184090000
0"
#184131000
b11000 (
1"
#184172000
0"
#184213000
b10111 (
1"
#184254000
0"
#184295000
b10110 (
1"
#184336000
0"
#184377000
b10101 (
1"
#184418000
0"
#184459000
b10100 (
1"
#184500000
0"
#184541000
b10011 (
1"
#184582000
0"
#184623000
b10010 (
1"
#184664000
0"
#184705000
b10001 (
1"
#184746000
0"
#184787000
b10000 (
1"
#184828000
0"
#184869000
b1111 (
1"
#184910000
0"
#184951000
b1110 (
1"
#184992000
0"
#185033000
b1101 (
1"
#185074000
0"
#185115000
b1100 (
1"
#185156000
0"
#185197000
b1011 (
1"
#185238000
0"
#185279000
b1010 (
1"
#185320000
0"
#185361000
b1001 (
1"
#185402000
0"
#185443000
b1000 (
1"
#185484000
0"
#185525000
b111 (
1"
#185566000
0"
#185607000
b110 (
1"
#185648000
0"
#185689000
b101 (
1"
#185730000
0"
#185771000
b100 (
1"
#185812000
0"
#185853000
b11 (
1"
#185894000
0"
#185935000
b10 (
1"
#185976000
0"
#186017000
b1 (
1"
#186058000
0"
#186099000
b0 (
1"
#186140000
0"
#186181000
b101101011101000101 &
0!
b101100001 (
1"
#186222000
0"
#186263000
b101100000 (
1"
#186304000
0"
#186345000
b101011111 (
1"
#186386000
0"
#186427000
b101011110 (
1"
#186468000
0"
#186509000
b101011101 (
1"
#186550000
0"
#186591000
b101011100 (
1"
#186632000
0"
#186673000
b101011011 (
1"
#186714000
0"
#186755000
b101011010 (
1"
#186796000
0"
#186837000
b101011001 (
1"
#186878000
0"
#186919000
b101011000 (
1"
#186960000
0"
#187001000
b101010111 (
1"
#187042000
0"
#187083000
b101010110 (
1"
#187124000
0"
#187165000
b101010101 (
1"
#187206000
0"
#187247000
b101010100 (
1"
#187288000
0"
#187329000
b101010011 (
1"
#187370000
0"
#187411000
b101010010 (
1"
#187452000
0"
#187493000
b101010001 (
1"
#187534000
0"
#187575000
b101010000 (
1"
#187616000
0"
#187657000
b101001111 (
1"
#187698000
0"
#187739000
b101001110 (
1"
#187780000
0"
#187821000
b101001101 (
1"
#187862000
0"
#187903000
b101001100 (
1"
#187944000
0"
#187985000
b101001011 (
1"
#188026000
0"
#188067000
b101001010 (
1"
#188108000
0"
#188149000
b101001001 (
1"
#188190000
0"
#188231000
b101001000 (
1"
#188272000
0"
#188313000
b101000111 (
1"
#188354000
0"
#188395000
b101000110 (
1"
#188436000
0"
#188477000
b101000101 (
1"
#188518000
0"
#188559000
b101000100 (
1"
#188600000
0"
#188641000
b101000011 (
1"
#188682000
0"
#188723000
b101000010 (
1"
#188764000
0"
#188805000
b101000001 (
1"
#188846000
0"
#188887000
b101000000 (
1"
#188928000
0"
#188969000
b100111111 (
1"
#189010000
0"
#189051000
b100111110 (
1"
#189092000
0"
#189133000
b100111101 (
1"
#189174000
0"
#189215000
b100111100 (
1"
#189256000
0"
#189297000
b100111011 (
1"
#189338000
0"
#189379000
b100111010 (
1"
#189420000
0"
#189461000
b100111001 (
1"
#189502000
0"
#189543000
b100111000 (
1"
#189584000
0"
#189625000
b100110111 (
1"
#189666000
0"
#189707000
b100110110 (
1"
#189748000
0"
#189789000
b100110101 (
1"
#189830000
0"
#189871000
b100110100 (
1"
#189912000
0"
#189953000
b100110011 (
1"
#189994000
0"
#190035000
b100110010 (
1"
#190076000
0"
#190117000
b100110001 (
1"
#190158000
0"
#190199000
b100110000 (
1"
#190240000
0"
#190281000
b100101111 (
1"
#190322000
0"
#190363000
b100101110 (
1"
#190404000
0"
#190445000
b100101101 (
1"
#190486000
0"
#190527000
b100101100 (
1"
#190568000
0"
#190609000
b100101011 (
1"
#190650000
0"
#190691000
b100101010 (
1"
#190732000
0"
#190773000
b100101001 (
1"
#190814000
0"
#190855000
b100101000 (
1"
#190896000
0"
#190937000
b100100111 (
1"
#190978000
0"
#191019000
b100100110 (
1"
#191060000
0"
#191101000
b100100101 (
1"
#191142000
0"
#191183000
b100100100 (
1"
#191224000
0"
#191265000
b100100011 (
1"
#191306000
0"
#191347000
b100100010 (
1"
#191388000
0"
#191429000
b100100001 (
1"
#191470000
0"
#191511000
b100100000 (
1"
#191552000
0"
#191593000
b100011111 (
1"
#191634000
0"
#191675000
b100011110 (
1"
#191716000
0"
#191757000
b100011101 (
1"
#191798000
0"
#191839000
b100011100 (
1"
#191880000
0"
#191921000
b100011011 (
1"
#191962000
0"
#192003000
b100011010 (
1"
#192044000
0"
#192085000
b100011001 (
1"
#192126000
0"
#192167000
b100011000 (
1"
#192208000
0"
#192249000
b100010111 (
1"
#192290000
0"
#192331000
b100010110 (
1"
#192372000
0"
#192413000
b100010101 (
1"
#192454000
0"
#192495000
b100010100 (
1"
#192536000
0"
#192577000
b100010011 (
1"
#192618000
0"
#192659000
b100010010 (
1"
#192700000
0"
#192741000
b100010001 (
1"
#192782000
0"
#192823000
b100010000 (
1"
#192864000
0"
#192905000
b100001111 (
1"
#192946000
0"
#192987000
b100001110 (
1"
#193028000
0"
#193069000
b100001101 (
1"
#193110000
0"
#193151000
b100001100 (
1"
#193192000
0"
#193233000
b100001011 (
1"
#193274000
0"
#193315000
b100001010 (
1"
#193356000
0"
#193397000
b100001001 (
1"
#193438000
0"
#193479000
b100001000 (
1"
#193520000
0"
#193561000
b100000111 (
1"
#193602000
0"
#193643000
b100000110 (
1"
#193684000
0"
#193725000
b100000101 (
1"
#193766000
0"
#193807000
b100000100 (
1"
#193848000
0"
#193889000
b100000011 (
1"
#193930000
0"
#193971000
b100000010 (
1"
#194012000
0"
#194053000
b100000001 (
1"
#194094000
0"
#194135000
b100000000 (
1"
#194176000
0"
#194217000
b11111111 (
1"
#194258000
0"
#194299000
b11111110 (
1"
#194340000
0"
#194381000
b11111101 (
1"
#194422000
0"
#194463000
b11111100 (
1"
#194504000
0"
#194545000
b11111011 (
1"
#194586000
0"
#194627000
b11111010 (
1"
#194668000
0"
#194709000
b11111001 (
1"
#194750000
0"
#194791000
b11111000 (
1"
#194832000
0"
#194873000
b11110111 (
1"
#194914000
0"
#194955000
b11110110 (
1"
#194996000
0"
#195037000
b11110101 (
1"
#195078000
0"
#195119000
b11110100 (
1"
#195160000
0"
#195201000
b11110011 (
1"
#195242000
0"
#195283000
b11110010 (
1"
#195324000
0"
#195365000
b11110001 (
1"
#195406000
0"
#195447000
b11110000 (
1"
#195488000
0"
#195529000
b11101111 (
1"
#195570000
0"
#195611000
b11101110 (
1"
#195652000
0"
#195693000
b11101101 (
1"
#195734000
0"
#195775000
b11101100 (
1"
#195816000
0"
#195857000
b11101011 (
1"
#195898000
0"
#195939000
b11101010 (
1"
#195980000
0"
#196021000
b11101001 (
1"
#196062000
0"
#196103000
b11101000 (
1"
#196144000
0"
#196185000
b11100111 (
1"
#196226000
0"
#196267000
b11100110 (
1"
#196308000
0"
#196349000
b11100101 (
1"
#196390000
0"
#196431000
b11100100 (
1"
#196472000
0"
#196513000
b11100011 (
1"
#196554000
0"
#196595000
b11100010 (
1"
#196636000
0"
#196677000
b11100001 (
1"
#196718000
0"
#196759000
b11100000 (
1"
#196800000
0"
#196841000
b11011111 (
1"
#196882000
0"
#196923000
b11011110 (
1"
#196964000
0"
#197005000
b11011101 (
1"
#197046000
0"
#197087000
b11011100 (
1"
#197128000
0"
#197169000
b11011011 (
1"
#197210000
0"
#197251000
b11011010 (
1"
#197292000
0"
#197333000
b11011001 (
1"
#197374000
0"
#197415000
b11011000 (
1"
#197456000
0"
#197497000
b11010111 (
1"
#197538000
0"
#197579000
b11010110 (
1"
#197620000
0"
#197661000
b11010101 (
1"
#197702000
0"
#197743000
b11010100 (
1"
#197784000
0"
#197825000
b11010011 (
1"
#197866000
0"
#197907000
b11010010 (
1"
#197948000
0"
#197989000
b11010001 (
1"
#198030000
0"
#198071000
b11010000 (
1"
#198112000
0"
#198153000
b11001111 (
1"
#198194000
0"
#198235000
b11001110 (
1"
#198276000
0"
#198317000
b11001101 (
1"
#198358000
0"
#198399000
b11001100 (
1"
#198440000
0"
#198481000
b11001011 (
1"
#198522000
0"
#198563000
b11001010 (
1"
#198604000
0"
#198645000
b11001001 (
1"
#198686000
0"
#198727000
b11001000 (
1"
#198768000
0"
#198809000
b11000111 (
1"
#198850000
0"
#198891000
b11000110 (
1"
#198932000
0"
#198973000
b11000101 (
1"
#199014000
0"
#199055000
b11000100 (
1"
#199096000
0"
#199137000
b11000011 (
1"
#199178000
0"
#199219000
b11000010 (
1"
#199260000
0"
#199301000
b11000001 (
1"
#199342000
0"
#199383000
b11000000 (
1"
#199424000
0"
#199465000
b10111111 (
1"
#199506000
0"
#199547000
b10111110 (
1"
#199588000
0"
#199629000
b10111101 (
1"
#199670000
0"
#199711000
b10111100 (
1"
#199752000
0"
#199793000
b10111011 (
1"
#199834000
0"
#199875000
b10111010 (
1"
#199916000
0"
#199957000
b10111001 (
1"
#199998000
0"
#200039000
b10111000 (
1"
#200080000
0"
#200121000
b10110111 (
1"
#200162000
0"
#200203000
b10110110 (
1"
#200244000
0"
#200285000
b10110101 (
1"
#200326000
0"
#200367000
b10110100 (
1"
#200408000
0"
#200449000
b10110011 (
1"
#200490000
0"
#200531000
b10110010 (
1"
#200572000
0"
#200613000
b10110001 (
1"
#200654000
0"
#200695000
b10110000 (
1"
#200736000
0"
#200777000
b10101111 (
1"
#200818000
0"
#200859000
b10101110 (
1"
#200900000
0"
#200941000
b10101101 (
1"
#200982000
0"
#201023000
b10101100 (
1"
#201064000
0"
#201105000
b10101011 (
1"
#201146000
0"
#201187000
b10101010 (
1"
#201228000
0"
#201269000
b10101001 (
1"
#201310000
0"
#201351000
b10101000 (
1"
#201392000
0"
#201433000
b10100111 (
1"
#201474000
0"
#201515000
b10100110 (
1"
#201556000
0"
#201597000
b10100101 (
1"
#201638000
0"
#201679000
b10100100 (
1"
#201720000
0"
#201761000
b10100011 (
1"
#201802000
0"
#201843000
b10100010 (
1"
#201884000
0"
#201925000
b10100001 (
1"
#201966000
0"
#202007000
b10100000 (
1"
#202048000
0"
#202089000
b10011111 (
1"
#202130000
0"
#202171000
b10011110 (
1"
#202212000
0"
#202253000
b10011101 (
1"
#202294000
0"
#202335000
b10011100 (
1"
#202376000
0"
#202417000
b10011011 (
1"
#202458000
0"
#202499000
b10011010 (
1"
#202540000
0"
#202581000
b10011001 (
1"
#202622000
0"
#202663000
b10011000 (
1"
#202704000
0"
#202745000
b10010111 (
1"
#202786000
0"
#202827000
b10010110 (
1"
#202868000
0"
#202909000
b10010101 (
1"
#202950000
0"
#202991000
b10010100 (
1"
#203032000
0"
#203073000
b10010011 (
1"
#203114000
0"
#203155000
b10010010 (
1"
#203196000
0"
#203237000
b10010001 (
1"
#203278000
0"
#203319000
b10010000 (
1"
#203360000
0"
#203401000
b10001111 (
1"
#203442000
0"
#203483000
b10001110 (
1"
#203524000
0"
#203565000
b10001101 (
1"
#203606000
0"
#203647000
b10001100 (
1"
#203688000
0"
#203729000
b10001011 (
1"
#203770000
0"
#203811000
b10001010 (
1"
#203852000
0"
#203893000
b10001001 (
1"
#203934000
0"
#203975000
b10001000 (
1"
#204016000
0"
#204057000
b10000111 (
1"
#204098000
0"
#204139000
b10000110 (
1"
#204180000
0"
#204221000
b10000101 (
1"
#204262000
0"
#204303000
b10000100 (
1"
#204344000
0"
#204385000
b10000011 (
1"
#204426000
0"
#204467000
b10000010 (
1"
#204508000
0"
#204549000
b10000001 (
1"
#204590000
0"
#204631000
b10000000 (
1"
#204672000
0"
#204713000
b1111111 (
1"
#204754000
0"
#204795000
b1111110 (
1"
#204836000
0"
#204877000
b1111101 (
1"
#204918000
0"
#204959000
b1111100 (
1"
#205000000
0"
#205041000
b1111011 (
1"
#205082000
0"
#205123000
b1111010 (
1"
#205164000
0"
#205205000
b1111001 (
1"
#205246000
0"
#205287000
b1111000 (
1"
#205328000
0"
#205369000
b1110111 (
1"
#205410000
0"
#205451000
b1110110 (
1"
#205492000
0"
#205533000
b1110101 (
1"
#205574000
0"
#205615000
b1110100 (
1"
#205656000
0"
#205697000
b1110011 (
1"
#205738000
0"
#205779000
b1110010 (
1"
#205820000
0"
#205861000
b1110001 (
1"
#205902000
0"
#205943000
b1110000 (
1"
#205984000
0"
#206025000
b1101111 (
1"
#206066000
0"
#206107000
b1101110 (
1"
#206148000
0"
#206189000
b1101101 (
1"
#206230000
0"
#206271000
b1101100 (
1"
#206312000
0"
#206353000
b1101011 (
1"
#206394000
0"
#206435000
b1101010 (
1"
#206476000
0"
#206517000
b1101001 (
1"
#206558000
0"
#206599000
b1101000 (
1"
#206640000
0"
#206681000
b1100111 (
1"
#206722000
0"
#206763000
b1100110 (
1"
#206804000
0"
#206845000
b1100101 (
1"
#206886000
0"
#206927000
b1100100 (
1"
#206968000
0"
#207009000
b1100011 (
1"
#207050000
0"
#207091000
b1100010 (
1"
#207132000
0"
#207173000
b1100001 (
1"
#207214000
0"
#207255000
b1100000 (
1"
#207296000
0"
#207337000
b1011111 (
1"
#207378000
0"
#207419000
b1011110 (
1"
#207460000
0"
#207501000
b1011101 (
1"
#207542000
0"
#207583000
b1011100 (
1"
#207624000
0"
#207665000
b1011011 (
1"
#207706000
0"
#207747000
b1011010 (
1"
#207788000
0"
#207829000
b1011001 (
1"
#207870000
0"
#207911000
b1011000 (
1"
#207952000
0"
#207993000
b1010111 (
1"
#208034000
0"
#208075000
b1010110 (
1"
#208116000
0"
#208157000
b1010101 (
1"
#208198000
0"
#208239000
b1010100 (
1"
#208280000
0"
#208321000
b1010011 (
1"
#208362000
0"
#208403000
b1010010 (
1"
#208444000
0"
#208485000
b1010001 (
1"
#208526000
0"
#208567000
b1010000 (
1"
#208608000
0"
#208649000
b1001111 (
1"
#208690000
0"
#208731000
b1001110 (
1"
#208772000
0"
#208813000
b1001101 (
1"
#208854000
0"
#208895000
b1001100 (
1"
#208936000
0"
#208977000
b1001011 (
1"
#209018000
0"
#209059000
b1001010 (
1"
#209100000
0"
#209141000
b1001001 (
1"
#209182000
0"
#209223000
b1001000 (
1"
#209264000
0"
#209305000
b1000111 (
1"
#209346000
0"
#209387000
b1000110 (
1"
#209428000
0"
#209469000
b1000101 (
1"
#209510000
0"
#209551000
b1000100 (
1"
#209592000
0"
#209633000
b1000011 (
1"
#209674000
0"
#209715000
b1000010 (
1"
#209756000
0"
#209797000
b1000001 (
1"
#209838000
0"
#209879000
b1000000 (
1"
#209920000
0"
#209961000
b111111 (
1"
#210002000
0"
#210043000
b111110 (
1"
#210084000
0"
#210125000
b111101 (
1"
#210166000
0"
#210207000
b111100 (
1"
#210248000
0"
#210289000
b111011 (
1"
#210330000
0"
#210371000
b111010 (
1"
#210412000
0"
#210453000
b111001 (
1"
#210494000
0"
#210535000
b111000 (
1"
#210576000
0"
#210617000
b110111 (
1"
#210658000
0"
#210699000
b110110 (
1"
#210740000
0"
#210781000
b110101 (
1"
#210822000
0"
#210863000
b110100 (
1"
#210904000
0"
#210945000
b110011 (
1"
#210986000
0"
#211027000
b110010 (
1"
#211068000
0"
#211109000
b110001 (
1"
#211150000
0"
#211191000
b110000 (
1"
#211232000
0"
#211273000
b101111 (
1"
#211314000
0"
#211355000
b101110 (
1"
#211396000
0"
#211437000
b101101 (
1"
#211478000
0"
#211519000
b101100 (
1"
#211560000
0"
#211601000
b101011 (
1"
#211642000
0"
#211683000
b101010 (
1"
#211724000
0"
#211765000
b101001 (
1"
#211806000
0"
#211847000
b101000 (
1"
#211888000
0"
#211929000
b100111 (
1"
#211970000
0"
#212011000
b100110 (
1"
#212052000
0"
#212093000
b100101 (
1"
#212134000
0"
#212175000
b100100 (
1"
#212216000
0"
#212257000
b100011 (
1"
#212298000
0"
#212339000
b100010 (
1"
#212380000
0"
#212421000
b100001 (
1"
#212462000
0"
#212503000
b100000 (
1"
#212544000
0"
#212585000
b11111 (
1"
#212626000
0"
#212667000
b11110 (
1"
#212708000
0"
#212749000
b11101 (
1"
#212790000
0"
#212831000
b11100 (
1"
#212872000
0"
#212913000
b11011 (
1"
#212954000
0"
#212995000
b11010 (
1"
#213036000
0"
#213077000
b11001 (
1"
#213118000
0"
#213159000
b11000 (
1"
#213200000
0"
#213241000
b10111 (
1"
#213282000
0"
#213323000
b10110 (
1"
#213364000
0"
#213405000
b10101 (
1"
#213446000
0"
#213487000
b10100 (
1"
#213528000
0"
#213569000
b10011 (
1"
#213610000
0"
#213651000
b10010 (
1"
#213692000
0"
#213733000
b10001 (
1"
#213774000
0"
#213815000
b10000 (
1"
#213856000
0"
#213897000
b1111 (
1"
#213938000
0"
#213979000
b1110 (
1"
#214020000
0"
#214061000
b1101 (
1"
#214102000
0"
#214143000
b1100 (
1"
#214184000
0"
#214225000
b1011 (
1"
#214266000
0"
#214307000
b1010 (
1"
#214348000
0"
#214389000
b1001 (
1"
#214430000
0"
#214471000
b1000 (
1"
#214512000
0"
#214553000
b111 (
1"
#214594000
0"
#214635000
b110 (
1"
#214676000
0"
#214717000
b101 (
1"
#214758000
0"
#214799000
b100 (
1"
#214840000
0"
#214881000
b11 (
1"
#214922000
0"
#214963000
b10 (
1"
#215004000
0"
#215045000
b1 (
1"
#215086000
0"
#215127000
b0 (
1"
#215168000
0"
#215209000
b110100100010101001 &
1!
b101100001 (
1"
#215250000
0"
#215291000
b101100000 (
1"
#215332000
0"
#215373000
b101011111 (
1"
#215414000
0"
#215455000
b101011110 (
1"
#215496000
0"
#215537000
b101011101 (
1"
#215578000
0"
#215619000
b101011100 (
1"
#215660000
0"
#215701000
b101011011 (
1"
#215742000
0"
#215783000
b101011010 (
1"
#215824000
0"
#215865000
b101011001 (
1"
#215906000
0"
#215947000
b101011000 (
1"
#215988000
0"
#216029000
b101010111 (
1"
#216070000
0"
#216111000
b101010110 (
1"
#216152000
0"
#216193000
b101010101 (
1"
#216234000
0"
#216275000
b101010100 (
1"
#216316000
0"
#216357000
b101010011 (
1"
#216398000
0"
#216439000
b101010010 (
1"
#216480000
0"
#216521000
b101010001 (
1"
#216562000
0"
#216603000
b101010000 (
1"
#216644000
0"
#216685000
b101001111 (
1"
#216726000
0"
#216767000
b101001110 (
1"
#216808000
0"
#216849000
b101001101 (
1"
#216890000
0"
#216931000
b101001100 (
1"
#216972000
0"
#217013000
b101001011 (
1"
#217054000
0"
#217095000
b101001010 (
1"
#217136000
0"
#217177000
b101001001 (
1"
#217218000
0"
#217259000
b101001000 (
1"
#217300000
0"
#217341000
b101000111 (
1"
#217382000
0"
#217423000
b101000110 (
1"
#217464000
0"
#217505000
b101000101 (
1"
#217546000
0"
#217587000
b101000100 (
1"
#217628000
0"
#217669000
b101000011 (
1"
#217710000
0"
#217751000
b101000010 (
1"
#217792000
0"
#217833000
b101000001 (
1"
#217874000
0"
#217915000
b101000000 (
1"
#217956000
0"
#217997000
b100111111 (
1"
#218038000
0"
#218079000
b100111110 (
1"
#218120000
0"
#218161000
b100111101 (
1"
#218202000
0"
#218243000
b100111100 (
1"
#218284000
0"
#218325000
b100111011 (
1"
#218366000
0"
#218407000
b100111010 (
1"
#218448000
0"
#218489000
b100111001 (
1"
#218530000
0"
#218571000
b100111000 (
1"
#218612000
0"
#218653000
b100110111 (
1"
#218694000
0"
#218735000
b100110110 (
1"
#218776000
0"
#218817000
b100110101 (
1"
#218858000
0"
#218899000
b100110100 (
1"
#218940000
0"
#218981000
b100110011 (
1"
#219022000
0"
#219063000
b100110010 (
1"
#219104000
0"
#219145000
b100110001 (
1"
#219186000
0"
#219227000
b100110000 (
1"
#219268000
0"
#219309000
b100101111 (
1"
#219350000
0"
#219391000
b100101110 (
1"
#219432000
0"
#219473000
b100101101 (
1"
#219514000
0"
#219555000
b100101100 (
1"
#219596000
0"
#219637000
b100101011 (
1"
#219678000
0"
#219719000
b100101010 (
1"
#219760000
0"
#219801000
b100101001 (
1"
#219842000
0"
#219883000
b100101000 (
1"
#219924000
0"
#219965000
b100100111 (
1"
#220006000
0"
#220047000
b100100110 (
1"
#220088000
0"
#220129000
b100100101 (
1"
#220170000
0"
#220211000
b100100100 (
1"
#220252000
0"
#220293000
b100100011 (
1"
#220334000
0"
#220375000
b100100010 (
1"
#220416000
0"
#220457000
b100100001 (
1"
#220498000
0"
#220539000
b100100000 (
1"
#220580000
0"
#220621000
b100011111 (
1"
#220662000
0"
#220703000
b100011110 (
1"
#220744000
0"
#220785000
b100011101 (
1"
#220826000
0"
#220867000
b100011100 (
1"
#220908000
0"
#220949000
b100011011 (
1"
#220990000
0"
#221031000
b100011010 (
1"
#221072000
0"
#221113000
b100011001 (
1"
#221154000
0"
#221195000
b100011000 (
1"
#221236000
0"
#221277000
b100010111 (
1"
#221318000
0"
#221359000
b100010110 (
1"
#221400000
0"
#221441000
b100010101 (
1"
#221482000
0"
#221523000
b100010100 (
1"
#221564000
0"
#221605000
b100010011 (
1"
#221646000
0"
#221687000
b100010010 (
1"
#221728000
0"
#221769000
b100010001 (
1"
#221810000
0"
#221851000
b100010000 (
1"
#221892000
0"
#221933000
b100001111 (
1"
#221974000
0"
#222015000
b100001110 (
1"
#222056000
0"
#222097000
b100001101 (
1"
#222138000
0"
#222179000
b100001100 (
1"
#222220000
0"
#222261000
b100001011 (
1"
#222302000
0"
#222343000
b100001010 (
1"
#222384000
0"
#222425000
b100001001 (
1"
#222466000
0"
#222507000
b100001000 (
1"
#222548000
0"
#222589000
b100000111 (
1"
#222630000
0"
#222671000
b100000110 (
1"
#222712000
0"
#222753000
b100000101 (
1"
#222794000
0"
#222835000
b100000100 (
1"
#222876000
0"
#222917000
b100000011 (
1"
#222958000
0"
#222999000
b100000010 (
1"
#223040000
0"
#223081000
b100000001 (
1"
#223122000
0"
#223163000
b100000000 (
1"
#223204000
0"
#223245000
b11111111 (
1"
#223286000
0"
#223327000
b11111110 (
1"
#223368000
0"
#223409000
b11111101 (
1"
#223450000
0"
#223491000
b11111100 (
1"
#223532000
0"
#223573000
b11111011 (
1"
#223614000
0"
#223655000
b11111010 (
1"
#223696000
0"
#223737000
b11111001 (
1"
#223778000
0"
#223819000
b11111000 (
1"
#223860000
0"
#223901000
b11110111 (
1"
#223942000
0"
#223983000
b11110110 (
1"
#224024000
0"
#224065000
b11110101 (
1"
#224106000
0"
#224147000
b11110100 (
1"
#224188000
0"
#224229000
b11110011 (
1"
#224270000
0"
#224311000
b11110010 (
1"
#224352000
0"
#224393000
b11110001 (
1"
#224434000
0"
#224475000
b11110000 (
1"
#224516000
0"
#224557000
b11101111 (
1"
#224598000
0"
#224639000
b11101110 (
1"
#224680000
0"
#224721000
b11101101 (
1"
#224762000
0"
#224803000
b11101100 (
1"
#224844000
0"
#224885000
b11101011 (
1"
#224926000
0"
#224967000
b11101010 (
1"
#225008000
0"
#225049000
b11101001 (
1"
#225090000
0"
#225131000
b11101000 (
1"
#225172000
0"
#225213000
b11100111 (
1"
#225254000
0"
#225295000
b11100110 (
1"
#225336000
0"
#225377000
b11100101 (
1"
#225418000
0"
#225459000
b11100100 (
1"
#225500000
0"
#225541000
b11100011 (
1"
#225582000
0"
#225623000
b11100010 (
1"
#225664000
0"
#225705000
b11100001 (
1"
#225746000
0"
#225787000
b11100000 (
1"
#225828000
0"
#225869000
b11011111 (
1"
#225910000
0"
#225951000
b11011110 (
1"
#225992000
0"
#226033000
b11011101 (
1"
#226074000
0"
#226115000
b11011100 (
1"
#226156000
0"
#226197000
b11011011 (
1"
#226238000
0"
#226279000
b11011010 (
1"
#226320000
0"
#226361000
b11011001 (
1"
#226402000
0"
#226443000
b11011000 (
1"
#226484000
0"
#226525000
b11010111 (
1"
#226566000
0"
#226607000
b11010110 (
1"
#226648000
0"
#226689000
b11010101 (
1"
#226730000
0"
#226771000
b11010100 (
1"
#226812000
0"
#226853000
b11010011 (
1"
#226894000
0"
#226935000
b11010010 (
1"
#226976000
0"
#227017000
b11010001 (
1"
#227058000
0"
#227099000
b11010000 (
1"
#227140000
0"
#227181000
b11001111 (
1"
#227222000
0"
#227263000
b11001110 (
1"
#227304000
0"
#227345000
b11001101 (
1"
#227386000
0"
#227427000
b11001100 (
1"
#227468000
0"
#227509000
b11001011 (
1"
#227550000
0"
#227591000
b11001010 (
1"
#227632000
0"
#227673000
b11001001 (
1"
#227714000
0"
#227755000
b11001000 (
1"
#227796000
0"
#227837000
b11000111 (
1"
#227878000
0"
#227919000
b11000110 (
1"
#227960000
0"
#228001000
b11000101 (
1"
#228042000
0"
#228083000
b11000100 (
1"
#228124000
0"
#228165000
b11000011 (
1"
#228206000
0"
#228247000
b11000010 (
1"
#228288000
0"
#228329000
b11000001 (
1"
#228370000
0"
#228411000
b11000000 (
1"
#228452000
0"
#228493000
b10111111 (
1"
#228534000
0"
#228575000
b10111110 (
1"
#228616000
0"
#228657000
b10111101 (
1"
#228698000
0"
#228739000
b10111100 (
1"
#228780000
0"
#228821000
b10111011 (
1"
#228862000
0"
#228903000
b10111010 (
1"
#228944000
0"
#228985000
b10111001 (
1"
#229026000
0"
#229067000
b10111000 (
1"
#229108000
0"
#229149000
b10110111 (
1"
#229190000
0"
#229231000
b10110110 (
1"
#229272000
0"
#229313000
b10110101 (
1"
#229354000
0"
#229395000
b10110100 (
1"
#229436000
0"
#229477000
b10110011 (
1"
#229518000
0"
#229559000
b10110010 (
1"
#229600000
0"
#229641000
b10110001 (
1"
#229682000
0"
#229723000
b10110000 (
1"
#229764000
0"
#229805000
b10101111 (
1"
#229846000
0"
#229887000
b10101110 (
1"
#229928000
0"
#229969000
b10101101 (
1"
#230010000
0"
#230051000
b10101100 (
1"
#230092000
0"
#230133000
b10101011 (
1"
#230174000
0"
#230215000
b10101010 (
1"
#230256000
0"
#230297000
b10101001 (
1"
#230338000
0"
#230379000
b10101000 (
1"
#230420000
0"
#230461000
b10100111 (
1"
#230502000
0"
#230543000
b10100110 (
1"
#230584000
0"
#230625000
b10100101 (
1"
#230666000
0"
#230707000
b10100100 (
1"
#230748000
0"
#230789000
b10100011 (
1"
#230830000
0"
#230871000
b10100010 (
1"
#230912000
0"
#230953000
b10100001 (
1"
#230994000
0"
#231035000
b10100000 (
1"
#231076000
0"
#231117000
b10011111 (
1"
#231158000
0"
#231199000
b10011110 (
1"
#231240000
0"
#231281000
b10011101 (
1"
#231322000
0"
#231363000
b10011100 (
1"
#231404000
0"
#231445000
b10011011 (
1"
#231486000
0"
#231527000
b10011010 (
1"
#231568000
0"
#231609000
b10011001 (
1"
#231650000
0"
#231691000
b10011000 (
1"
#231732000
0"
#231773000
b10010111 (
1"
#231814000
0"
#231855000
b10010110 (
1"
#231896000
0"
#231937000
b10010101 (
1"
#231978000
0"
#232019000
b10010100 (
1"
#232060000
0"
#232101000
b10010011 (
1"
#232142000
0"
#232183000
b10010010 (
1"
#232224000
0"
#232265000
b10010001 (
1"
#232306000
0"
#232347000
b10010000 (
1"
#232388000
0"
#232429000
b10001111 (
1"
#232470000
0"
#232511000
b10001110 (
1"
#232552000
0"
#232593000
b10001101 (
1"
#232634000
0"
#232675000
b10001100 (
1"
#232716000
0"
#232757000
b10001011 (
1"
#232798000
0"
#232839000
b10001010 (
1"
#232880000
0"
#232921000
b10001001 (
1"
#232962000
0"
#233003000
b10001000 (
1"
#233044000
0"
#233085000
b10000111 (
1"
#233126000
0"
#233167000
b10000110 (
1"
#233208000
0"
#233249000
b10000101 (
1"
#233290000
0"
#233331000
b10000100 (
1"
#233372000
0"
#233413000
b10000011 (
1"
#233454000
0"
#233495000
b10000010 (
1"
#233536000
0"
#233577000
b10000001 (
1"
#233618000
0"
#233659000
b10000000 (
1"
#233700000
0"
#233741000
b1111111 (
1"
#233782000
0"
#233823000
b1111110 (
1"
#233864000
0"
#233905000
b1111101 (
1"
#233946000
0"
#233987000
b1111100 (
1"
#234028000
0"
#234069000
b1111011 (
1"
#234110000
0"
#234151000
b1111010 (
1"
#234192000
0"
#234233000
b1111001 (
1"
#234274000
0"
#234315000
b1111000 (
1"
#234356000
0"
#234397000
b1110111 (
1"
#234438000
0"
#234479000
b1110110 (
1"
#234520000
0"
#234561000
b1110101 (
1"
#234602000
0"
#234643000
b1110100 (
1"
#234684000
0"
#234725000
b1110011 (
1"
#234766000
0"
#234807000
b1110010 (
1"
#234848000
0"
#234889000
b1110001 (
1"
#234930000
0"
#234971000
b1110000 (
1"
#235012000
0"
#235053000
b1101111 (
1"
#235094000
0"
#235135000
b1101110 (
1"
#235176000
0"
#235217000
b1101101 (
1"
#235258000
0"
#235299000
b1101100 (
1"
#235340000
0"
#235381000
b1101011 (
1"
#235422000
0"
#235463000
b1101010 (
1"
#235504000
0"
#235545000
b1101001 (
1"
#235586000
0"
#235627000
b1101000 (
1"
#235668000
0"
#235709000
b1100111 (
1"
#235750000
0"
#235791000
b1100110 (
1"
#235832000
0"
#235873000
b1100101 (
1"
#235914000
0"
#235955000
b1100100 (
1"
#235996000
0"
#236037000
b1100011 (
1"
#236078000
0"
#236119000
b1100010 (
1"
#236160000
0"
#236201000
b1100001 (
1"
#236242000
0"
#236283000
b1100000 (
1"
#236324000
0"
#236365000
b1011111 (
1"
#236406000
0"
#236447000
b1011110 (
1"
#236488000
0"
#236529000
b1011101 (
1"
#236570000
0"
#236611000
b1011100 (
1"
#236652000
0"
#236693000
b1011011 (
1"
#236734000
0"
#236775000
b1011010 (
1"
#236816000
0"
#236857000
b1011001 (
1"
#236898000
0"
#236939000
b1011000 (
1"
#236980000
0"
#237021000
b1010111 (
1"
#237062000
0"
#237103000
b1010110 (
1"
#237144000
0"
#237185000
b1010101 (
1"
#237226000
0"
#237267000
b1010100 (
1"
#237308000
0"
#237349000
b1010011 (
1"
#237390000
0"
#237431000
b1010010 (
1"
#237472000
0"
#237513000
b1010001 (
1"
#237554000
0"
#237595000
b1010000 (
1"
#237636000
0"
#237677000
b1001111 (
1"
#237718000
0"
#237759000
b1001110 (
1"
#237800000
0"
#237841000
b1001101 (
1"
#237882000
0"
#237923000
b1001100 (
1"
#237964000
0"
#238005000
b1001011 (
1"
#238046000
0"
#238087000
b1001010 (
1"
#238128000
0"
#238169000
b1001001 (
1"
#238210000
0"
#238251000
b1001000 (
1"
#238292000
0"
#238333000
b1000111 (
1"
#238374000
0"
#238415000
b1000110 (
1"
#238456000
0"
#238497000
b1000101 (
1"
#238538000
0"
#238579000
b1000100 (
1"
#238620000
0"
#238661000
b1000011 (
1"
#238702000
0"
#238743000
b1000010 (
1"
#238784000
0"
#238825000
b1000001 (
1"
#238866000
0"
#238907000
b1000000 (
1"
#238948000
0"
#238989000
b111111 (
1"
#239030000
0"
#239071000
b111110 (
1"
#239112000
0"
#239153000
b111101 (
1"
#239194000
0"
#239235000
b111100 (
1"
#239276000
0"
#239317000
b111011 (
1"
#239358000
0"
#239399000
b111010 (
1"
#239440000
0"
#239481000
b111001 (
1"
#239522000
0"
#239563000
b111000 (
1"
#239604000
0"
#239645000
b110111 (
1"
#239686000
0"
#239727000
b110110 (
1"
#239768000
0"
#239809000
b110101 (
1"
#239850000
0"
#239891000
b110100 (
1"
#239932000
0"
#239973000
b110011 (
1"
#240014000
0"
#240055000
b110010 (
1"
#240096000
0"
#240137000
b110001 (
1"
#240178000
0"
#240219000
b110000 (
1"
#240260000
0"
#240301000
b101111 (
1"
#240342000
0"
#240383000
b101110 (
1"
#240424000
0"
#240465000
b101101 (
1"
#240506000
0"
#240547000
b101100 (
1"
#240588000
0"
#240629000
b101011 (
1"
#240670000
0"
#240711000
b101010 (
1"
#240752000
0"
#240793000
b101001 (
1"
#240834000
0"
#240875000
b101000 (
1"
#240916000
0"
#240957000
b100111 (
1"
#240998000
0"
#241039000
b100110 (
1"
#241080000
0"
#241121000
b100101 (
1"
#241162000
0"
#241203000
b100100 (
1"
#241244000
0"
#241285000
b100011 (
1"
#241326000
0"
#241367000
b100010 (
1"
#241408000
0"
#241449000
b100001 (
1"
#241490000
0"
#241531000
b100000 (
1"
#241572000
0"
#241613000
b11111 (
1"
#241654000
0"
#241695000
b11110 (
1"
#241736000
0"
#241777000
b11101 (
1"
#241818000
0"
#241859000
b11100 (
1"
#241900000
0"
#241941000
b11011 (
1"
#241982000
0"
#242023000
b11010 (
1"
#242064000
0"
#242105000
b11001 (
1"
#242146000
0"
#242187000
b11000 (
1"
#242228000
0"
#242269000
b10111 (
1"
#242310000
0"
#242351000
b10110 (
1"
#242392000
0"
#242433000
b10101 (
1"
#242474000
0"
#242515000
b10100 (
1"
#242556000
0"
#242597000
b10011 (
1"
#242638000
0"
#242679000
b10010 (
1"
#242720000
0"
#242761000
b10001 (
1"
#242802000
0"
#242843000
b10000 (
1"
#242884000
0"
#242925000
b1111 (
1"
#242966000
0"
#243007000
b1110 (
1"
#243048000
0"
#243089000
b1101 (
1"
#243130000
0"
#243171000
b1100 (
1"
#243212000
0"
#243253000
b1011 (
1"
#243294000
0"
#243335000
b1010 (
1"
#243376000
0"
#243417000
b1001 (
1"
#243458000
0"
#243499000
b1000 (
1"
#243540000
0"
#243581000
b111 (
1"
#243622000
0"
#243663000
b110 (
1"
#243704000
0"
#243745000
b101 (
1"
#243786000
0"
#243827000
b100 (
1"
#243868000
0"
#243909000
b11 (
1"
#243950000
0"
#243991000
b10 (
1"
#244032000
0"
#244073000
b1 (
1"
#244114000
0"
#244155000
b0 (
1"
#244196000
0"
#244237000
b111011101000001101 &
0!
b101100001 (
1"
#244278000
0"
#244319000
b101100000 (
1"
#244360000
0"
#244401000
b101011111 (
1"
#244442000
0"
#244483000
b101011110 (
1"
#244524000
0"
#244565000
b101011101 (
1"
#244606000
0"
#244647000
b101011100 (
1"
#244688000
0"
#244729000
b101011011 (
1"
#244770000
0"
#244811000
b101011010 (
1"
#244852000
0"
#244893000
b101011001 (
1"
#244934000
0"
#244975000
b101011000 (
1"
#245016000
0"
#245057000
b101010111 (
1"
#245098000
0"
#245139000
b101010110 (
1"
#245180000
0"
#245221000
b101010101 (
1"
#245262000
0"
#245303000
b101010100 (
1"
#245344000
0"
#245385000
b101010011 (
1"
#245426000
0"
#245467000
b101010010 (
1"
#245508000
0"
#245549000
b101010001 (
1"
#245590000
0"
#245631000
b101010000 (
1"
#245672000
0"
#245713000
b101001111 (
1"
#245754000
0"
#245795000
b101001110 (
1"
#245836000
0"
#245877000
b101001101 (
1"
#245918000
0"
#245959000
b101001100 (
1"
#246000000
0"
#246041000
b101001011 (
1"
#246082000
0"
#246123000
b101001010 (
1"
#246164000
0"
#246205000
b101001001 (
1"
#246246000
0"
#246287000
b101001000 (
1"
#246328000
0"
#246369000
b101000111 (
1"
#246410000
0"
#246451000
b101000110 (
1"
#246492000
0"
#246533000
b101000101 (
1"
#246574000
0"
#246615000
b101000100 (
1"
#246656000
0"
#246697000
b101000011 (
1"
#246738000
0"
#246779000
b101000010 (
1"
#246820000
0"
#246861000
b101000001 (
1"
#246902000
0"
#246943000
b101000000 (
1"
#246984000
0"
#247025000
b100111111 (
1"
#247066000
0"
#247107000
b100111110 (
1"
#247148000
0"
#247189000
b100111101 (
1"
#247230000
0"
#247271000
b100111100 (
1"
#247312000
0"
#247353000
b100111011 (
1"
#247394000
0"
#247435000
b100111010 (
1"
#247476000
0"
#247517000
b100111001 (
1"
#247558000
0"
#247599000
b100111000 (
1"
#247640000
0"
#247681000
b100110111 (
1"
#247722000
0"
#247763000
b100110110 (
1"
#247804000
0"
#247845000
b100110101 (
1"
#247886000
0"
#247927000
b100110100 (
1"
#247968000
0"
#248009000
b100110011 (
1"
#248050000
0"
#248091000
b100110010 (
1"
#248132000
0"
#248173000
b100110001 (
1"
#248214000
0"
#248255000
b100110000 (
1"
#248296000
0"
#248337000
b100101111 (
1"
#248378000
0"
#248419000
b100101110 (
1"
#248460000
0"
#248501000
b100101101 (
1"
#248542000
0"
#248583000
b100101100 (
1"
#248624000
0"
#248665000
b100101011 (
1"
#248706000
0"
#248747000
b100101010 (
1"
#248788000
0"
#248829000
b100101001 (
1"
#248870000
0"
#248911000
b100101000 (
1"
#248952000
0"
#248993000
b100100111 (
1"
#249034000
0"
#249075000
b100100110 (
1"
#249116000
0"
#249157000
b100100101 (
1"
#249198000
0"
#249239000
b100100100 (
1"
#249280000
0"
#249321000
b100100011 (
1"
#249362000
0"
#249403000
b100100010 (
1"
#249444000
0"
#249485000
b100100001 (
1"
#249526000
0"
#249567000
b100100000 (
1"
#249608000
0"
#249649000
b100011111 (
1"
#249690000
0"
#249731000
b100011110 (
1"
#249772000
0"
#249813000
b100011101 (
1"
#249854000
0"
#249895000
b100011100 (
1"
#249936000
0"
#249977000
b100011011 (
1"
#250018000
0"
#250059000
b100011010 (
1"
#250100000
0"
#250141000
b100011001 (
1"
#250182000
0"
#250223000
b100011000 (
1"
#250264000
0"
#250305000
b100010111 (
1"
#250346000
0"
#250387000
b100010110 (
1"
#250428000
0"
#250469000
b100010101 (
1"
#250510000
0"
#250551000
b100010100 (
1"
#250592000
0"
#250633000
b100010011 (
1"
#250674000
0"
#250715000
b100010010 (
1"
#250756000
0"
#250797000
b100010001 (
1"
#250838000
0"
#250879000
b100010000 (
1"
#250920000
0"
#250961000
b100001111 (
1"
#251002000
0"
#251043000
b100001110 (
1"
#251084000
0"
#251125000
b100001101 (
1"
#251166000
0"
#251207000
b100001100 (
1"
#251248000
0"
#251289000
b100001011 (
1"
#251330000
0"
#251371000
b100001010 (
1"
#251412000
0"
#251453000
b100001001 (
1"
#251494000
0"
#251535000
b100001000 (
1"
#251576000
0"
#251617000
b100000111 (
1"
#251658000
0"
#251699000
b100000110 (
1"
#251740000
0"
#251781000
b100000101 (
1"
#251822000
0"
#251863000
b100000100 (
1"
#251904000
0"
#251945000
b100000011 (
1"
#251986000
0"
#252027000
b100000010 (
1"
#252068000
0"
#252109000
b100000001 (
1"
#252150000
0"
#252191000
b100000000 (
1"
#252232000
0"
#252273000
b11111111 (
1"
#252314000
0"
#252355000
b11111110 (
1"
#252396000
0"
#252437000
b11111101 (
1"
#252478000
0"
#252519000
b11111100 (
1"
#252560000
0"
#252601000
b11111011 (
1"
#252642000
0"
#252683000
b11111010 (
1"
#252724000
0"
#252765000
b11111001 (
1"
#252806000
0"
#252847000
b11111000 (
1"
#252888000
0"
#252929000
b11110111 (
1"
#252970000
0"
#253011000
b11110110 (
1"
#253052000
0"
#253093000
b11110101 (
1"
#253134000
0"
#253175000
b11110100 (
1"
#253216000
0"
#253257000
b11110011 (
1"
#253298000
0"
#253339000
b11110010 (
1"
#253380000
0"
#253421000
b11110001 (
1"
#253462000
0"
#253503000
b11110000 (
1"
#253544000
0"
#253585000
b11101111 (
1"
#253626000
0"
#253667000
b11101110 (
1"
#253708000
0"
#253749000
b11101101 (
1"
#253790000
0"
#253831000
b11101100 (
1"
#253872000
0"
#253913000
b11101011 (
1"
#253954000
0"
#253995000
b11101010 (
1"
#254036000
0"
#254077000
b11101001 (
1"
#254118000
0"
#254159000
b11101000 (
1"
#254200000
0"
#254241000
b11100111 (
1"
#254282000
0"
#254323000
b11100110 (
1"
#254364000
0"
#254405000
b11100101 (
1"
#254446000
0"
#254487000
b11100100 (
1"
#254528000
0"
#254569000
b11100011 (
1"
#254610000
0"
#254651000
b11100010 (
1"
#254692000
0"
#254733000
b11100001 (
1"
#254774000
0"
#254815000
b11100000 (
1"
#254856000
0"
#254897000
b11011111 (
1"
#254938000
0"
#254979000
b11011110 (
1"
#255020000
0"
#255061000
b11011101 (
1"
#255102000
0"
#255143000
b11011100 (
1"
#255184000
0"
#255225000
b11011011 (
1"
#255266000
0"
#255307000
b11011010 (
1"
#255348000
0"
#255389000
b11011001 (
1"
#255430000
0"
#255471000
b11011000 (
1"
#255512000
0"
#255553000
b11010111 (
1"
#255594000
0"
#255635000
b11010110 (
1"
#255676000
0"
#255717000
b11010101 (
1"
#255758000
0"
#255799000
b11010100 (
1"
#255840000
0"
#255881000
b11010011 (
1"
#255922000
0"
#255963000
b11010010 (
1"
#256004000
0"
#256045000
b11010001 (
1"
#256086000
0"
#256127000
b11010000 (
1"
#256168000
0"
#256209000
b11001111 (
1"
#256250000
0"
#256291000
b11001110 (
1"
#256332000
0"
#256373000
b11001101 (
1"
#256414000
0"
#256455000
b11001100 (
1"
#256496000
0"
#256537000
b11001011 (
1"
#256578000
0"
#256619000
b11001010 (
1"
#256660000
0"
#256701000
b11001001 (
1"
#256742000
0"
#256783000
b11001000 (
1"
#256824000
0"
#256865000
b11000111 (
1"
#256906000
0"
#256947000
b11000110 (
1"
#256988000
0"
#257029000
b11000101 (
1"
#257070000
0"
#257111000
b11000100 (
1"
#257152000
0"
#257193000
b11000011 (
1"
#257234000
0"
#257275000
b11000010 (
1"
#257316000
0"
#257357000
b11000001 (
1"
#257398000
0"
#257439000
b11000000 (
1"
#257480000
0"
#257521000
b10111111 (
1"
#257562000
0"
#257603000
b10111110 (
1"
#257644000
0"
#257685000
b10111101 (
1"
#257726000
0"
#257767000
b10111100 (
1"
#257808000
0"
#257849000
b10111011 (
1"
#257890000
0"
#257931000
b10111010 (
1"
#257972000
0"
#258013000
b10111001 (
1"
#258054000
0"
#258095000
b10111000 (
1"
#258136000
0"
#258177000
b10110111 (
1"
#258218000
0"
#258259000
b10110110 (
1"
#258300000
0"
#258341000
b10110101 (
1"
#258382000
0"
#258423000
b10110100 (
1"
#258464000
0"
#258505000
b10110011 (
1"
#258546000
0"
#258587000
b10110010 (
1"
#258628000
0"
#258669000
b10110001 (
1"
#258710000
0"
#258751000
b10110000 (
1"
#258792000
0"
#258833000
b10101111 (
1"
#258874000
0"
#258915000
b10101110 (
1"
#258956000
0"
#258997000
b10101101 (
1"
#259038000
0"
#259079000
b10101100 (
1"
#259120000
0"
#259161000
b10101011 (
1"
#259202000
0"
#259243000
b10101010 (
1"
#259284000
0"
#259325000
b10101001 (
1"
#259366000
0"
#259407000
b10101000 (
1"
#259448000
0"
#259489000
b10100111 (
1"
#259530000
0"
#259571000
b10100110 (
1"
#259612000
0"
#259653000
b10100101 (
1"
#259694000
0"
#259735000
b10100100 (
1"
#259776000
0"
#259817000
b10100011 (
1"
#259858000
0"
#259899000
b10100010 (
1"
#259940000
0"
#259981000
b10100001 (
1"
#260022000
0"
#260063000
b10100000 (
1"
#260104000
0"
#260145000
b10011111 (
1"
#260186000
0"
#260227000
b10011110 (
1"
#260268000
0"
#260309000
b10011101 (
1"
#260350000
0"
#260391000
b10011100 (
1"
#260432000
0"
#260473000
b10011011 (
1"
#260514000
0"
#260555000
b10011010 (
1"
#260596000
0"
#260637000
b10011001 (
1"
#260678000
0"
#260719000
b10011000 (
1"
#260760000
0"
#260801000
b10010111 (
1"
#260842000
0"
#260883000
b10010110 (
1"
#260924000
0"
#260965000
b10010101 (
1"
#261006000
0"
#261047000
b10010100 (
1"
#261088000
0"
#261129000
b10010011 (
1"
#261170000
0"
#261211000
b10010010 (
1"
#261252000
0"
#261293000
b10010001 (
1"
#261334000
0"
#261375000
b10010000 (
1"
#261416000
0"
#261457000
b10001111 (
1"
#261498000
0"
#261539000
b10001110 (
1"
#261580000
0"
#261621000
b10001101 (
1"
#261662000
0"
#261703000
b10001100 (
1"
#261744000
0"
#261785000
b10001011 (
1"
#261826000
0"
#261867000
b10001010 (
1"
#261908000
0"
#261949000
b10001001 (
1"
#261990000
0"
#262031000
b10001000 (
1"
#262072000
0"
#262113000
b10000111 (
1"
#262154000
0"
#262195000
b10000110 (
1"
#262236000
0"
#262277000
b10000101 (
1"
#262318000
0"
#262359000
b10000100 (
1"
#262400000
0"
#262441000
b10000011 (
1"
#262482000
0"
#262523000
b10000010 (
1"
#262564000
0"
#262605000
b10000001 (
1"
#262646000
0"
#262687000
b10000000 (
1"
#262728000
0"
#262769000
b1111111 (
1"
#262810000
0"
#262851000
b1111110 (
1"
#262892000
0"
#262933000
b1111101 (
1"
#262974000
0"
#263015000
b1111100 (
1"
#263056000
0"
#263097000
b1111011 (
1"
#263138000
0"
#263179000
b1111010 (
1"
#263220000
0"
#263261000
b1111001 (
1"
#263302000
0"
#263343000
b1111000 (
1"
#263384000
0"
#263425000
b1110111 (
1"
#263466000
0"
#263507000
b1110110 (
1"
#263548000
0"
#263589000
b1110101 (
1"
#263630000
0"
#263671000
b1110100 (
1"
#263712000
0"
#263753000
b1110011 (
1"
#263794000
0"
#263835000
b1110010 (
1"
#263876000
0"
#263917000
b1110001 (
1"
#263958000
0"
#263999000
b1110000 (
1"
#264040000
0"
#264081000
b1101111 (
1"
#264122000
0"
#264163000
b1101110 (
1"
#264204000
0"
#264245000
b1101101 (
1"
#264286000
0"
#264327000
b1101100 (
1"
#264368000
0"
#264409000
b1101011 (
1"
#264450000
0"
#264491000
b1101010 (
1"
#264532000
0"
#264573000
b1101001 (
1"
#264614000
0"
#264655000
b1101000 (
1"
#264696000
0"
#264737000
b1100111 (
1"
#264778000
0"
#264819000
b1100110 (
1"
#264860000
0"
#264901000
b1100101 (
1"
#264942000
0"
#264983000
b1100100 (
1"
#265024000
0"
#265065000
b1100011 (
1"
#265106000
0"
#265147000
b1100010 (
1"
#265188000
0"
#265229000
b1100001 (
1"
#265270000
0"
#265311000
b1100000 (
1"
#265352000
0"
#265393000
b1011111 (
1"
#265434000
0"
#265475000
b1011110 (
1"
#265516000
0"
#265557000
b1011101 (
1"
#265598000
0"
#265639000
b1011100 (
1"
#265680000
0"
#265721000
b1011011 (
1"
#265762000
0"
#265803000
b1011010 (
1"
#265844000
0"
#265885000
b1011001 (
1"
#265926000
0"
#265967000
b1011000 (
1"
#266008000
0"
#266049000
b1010111 (
1"
#266090000
0"
#266131000
b1010110 (
1"
#266172000
0"
#266213000
b1010101 (
1"
#266254000
0"
#266295000
b1010100 (
1"
#266336000
0"
#266377000
b1010011 (
1"
#266418000
0"
#266459000
b1010010 (
1"
#266500000
0"
#266541000
b1010001 (
1"
#266582000
0"
#266623000
b1010000 (
1"
#266664000
0"
#266705000
b1001111 (
1"
#266746000
0"
#266787000
b1001110 (
1"
#266828000
0"
#266869000
b1001101 (
1"
#266910000
0"
#266951000
b1001100 (
1"
#266992000
0"
#267033000
b1001011 (
1"
#267074000
0"
#267115000
b1001010 (
1"
#267156000
0"
#267197000
b1001001 (
1"
#267238000
0"
#267279000
b1001000 (
1"
#267320000
0"
#267361000
b1000111 (
1"
#267402000
0"
#267443000
b1000110 (
1"
#267484000
0"
#267525000
b1000101 (
1"
#267566000
0"
#267607000
b1000100 (
1"
#267648000
0"
#267689000
b1000011 (
1"
#267730000
0"
#267771000
b1000010 (
1"
#267812000
0"
#267853000
b1000001 (
1"
#267894000
0"
#267935000
b1000000 (
1"
#267976000
0"
#268017000
b111111 (
1"
#268058000
0"
#268099000
b111110 (
1"
#268140000
0"
#268181000
b111101 (
1"
#268222000
0"
#268263000
b111100 (
1"
#268304000
0"
#268345000
b111011 (
1"
#268386000
0"
#268427000
b111010 (
1"
#268468000
0"
#268509000
b111001 (
1"
#268550000
0"
#268591000
b111000 (
1"
#268632000
0"
#268673000
b110111 (
1"
#268714000
0"
#268755000
b110110 (
1"
#268796000
0"
#268837000
b110101 (
1"
#268878000
0"
#268919000
b110100 (
1"
#268960000
0"
#269001000
b110011 (
1"
#269042000
0"
#269083000
b110010 (
1"
#269124000
0"
#269165000
b110001 (
1"
#269206000
0"
#269247000
b110000 (
1"
#269288000
0"
#269329000
b101111 (
1"
#269370000
0"
#269411000
b101110 (
1"
#269452000
0"
#269493000
b101101 (
1"
#269534000
0"
#269575000
b101100 (
1"
#269616000
0"
#269657000
b101011 (
1"
#269698000
0"
#269739000
b101010 (
1"
#269780000
0"
#269821000
b101001 (
1"
#269862000
0"
#269903000
b101000 (
1"
#269944000
0"
#269985000
b100111 (
1"
#270026000
0"
#270067000
b100110 (
1"
#270108000
0"
#270149000
b100101 (
1"
#270190000
0"
#270231000
b100100 (
1"
#270272000
0"
#270313000
b100011 (
1"
#270354000
0"
#270395000
b100010 (
1"
#270436000
0"
#270477000
b100001 (
1"
#270518000
0"
#270559000
b100000 (
1"
#270600000
0"
#270641000
b11111 (
1"
#270682000
0"
#270723000
b11110 (
1"
#270764000
0"
#270805000
b11101 (
1"
#270846000
0"
#270887000
b11100 (
1"
#270928000
0"
#270969000
b11011 (
1"
#271010000
0"
#271051000
b11010 (
1"
#271092000
0"
#271133000
b11001 (
1"
#271174000
0"
#271215000
b11000 (
1"
#271256000
0"
#271297000
b10111 (
1"
#271338000
0"
#271379000
b10110 (
1"
#271420000
0"
#271461000
b10101 (
1"
#271502000
0"
#271543000
b10100 (
1"
#271584000
0"
#271625000
b10011 (
1"
#271666000
0"
#271707000
b10010 (
1"
#271748000
0"
#271789000
b10001 (
1"
#271830000
0"
#271871000
b10000 (
1"
#271912000
0"
#271953000
b1111 (
1"
#271994000
0"
#272035000
b1110 (
1"
#272076000
0"
#272117000
b1101 (
1"
#272158000
0"
#272199000
b1100 (
1"
#272240000
0"
#272281000
b1011 (
1"
#272322000
0"
#272363000
b1010 (
1"
#272404000
0"
#272445000
b1001 (
1"
#272486000
0"
#272527000
b1000 (
1"
#272568000
0"
#272609000
b111 (
1"
#272650000
0"
#272691000
b110 (
1"
#272732000
0"
#272773000
b101 (
1"
#272814000
0"
#272855000
b100 (
1"
#272896000
0"
#272937000
b11 (
1"
#272978000
0"
#273019000
b10 (
1"
#273060000
0"
#273101000
b1 (
1"
#273142000
0"
#273183000
b0 (
1"
#273224000
0"
#273265000
b1000010101101110001 &
1!
b101100001 (
1"
#273306000
0"
#273347000
b101100000 (
1"
#273388000
0"
#273429000
b101011111 (
1"
#273470000
0"
#273511000
b101011110 (
1"
#273552000
0"
#273593000
b101011101 (
1"
#273634000
0"
#273675000
b101011100 (
1"
#273716000
0"
#273757000
b101011011 (
1"
#273798000
0"
#273839000
b101011010 (
1"
#273880000
0"
#273921000
b101011001 (
1"
#273962000
0"
#274003000
b101011000 (
1"
#274044000
0"
#274085000
b101010111 (
1"
#274126000
0"
#274167000
b101010110 (
1"
#274208000
0"
#274249000
b101010101 (
1"
#274290000
0"
#274331000
b101010100 (
1"
#274372000
0"
#274413000
b101010011 (
1"
#274454000
0"
#274495000
b101010010 (
1"
#274536000
0"
#274577000
b101010001 (
1"
#274618000
0"
#274659000
b101010000 (
1"
#274700000
0"
#274741000
b101001111 (
1"
#274782000
0"
#274823000
b101001110 (
1"
#274864000
0"
#274905000
b101001101 (
1"
#274946000
0"
#274987000
b101001100 (
1"
#275028000
0"
#275069000
b101001011 (
1"
#275110000
0"
#275151000
b101001010 (
1"
#275192000
0"
#275233000
b101001001 (
1"
#275274000
0"
#275315000
b101001000 (
1"
#275356000
0"
#275397000
b101000111 (
1"
#275438000
0"
#275479000
b101000110 (
1"
#275520000
0"
#275561000
b101000101 (
1"
#275602000
0"
#275643000
b101000100 (
1"
#275684000
0"
#275725000
b101000011 (
1"
#275766000
0"
#275807000
b101000010 (
1"
#275848000
0"
#275889000
b101000001 (
1"
#275930000
0"
#275971000
b101000000 (
1"
#276012000
0"
#276053000
b100111111 (
1"
#276094000
0"
#276135000
b100111110 (
1"
#276176000
0"
#276217000
b100111101 (
1"
#276258000
0"
#276299000
b100111100 (
1"
#276340000
0"
#276381000
b100111011 (
1"
#276422000
0"
#276463000
b100111010 (
1"
#276504000
0"
#276545000
b100111001 (
1"
#276586000
0"
#276627000
b100111000 (
1"
#276668000
0"
#276709000
b100110111 (
1"
#276750000
0"
#276791000
b100110110 (
1"
#276832000
0"
#276873000
b100110101 (
1"
#276914000
0"
#276955000
b100110100 (
1"
#276996000
0"
#277037000
b100110011 (
1"
#277078000
0"
#277119000
b100110010 (
1"
#277160000
0"
#277201000
b100110001 (
1"
#277242000
0"
#277283000
b100110000 (
1"
#277324000
0"
#277365000
b100101111 (
1"
#277406000
0"
#277447000
b100101110 (
1"
#277488000
0"
#277529000
b100101101 (
1"
#277570000
0"
#277611000
b100101100 (
1"
#277652000
0"
#277693000
b100101011 (
1"
#277734000
0"
#277775000
b100101010 (
1"
#277816000
0"
#277857000
b100101001 (
1"
#277898000
0"
#277939000
b100101000 (
1"
#277980000
0"
#278021000
b100100111 (
1"
#278062000
0"
#278103000
b100100110 (
1"
#278144000
0"
#278185000
b100100101 (
1"
#278226000
0"
#278267000
b100100100 (
1"
#278308000
0"
#278349000
b100100011 (
1"
#278390000
0"
#278431000
b100100010 (
1"
#278472000
0"
#278513000
b100100001 (
1"
#278554000
0"
#278595000
b100100000 (
1"
#278636000
0"
#278677000
b100011111 (
1"
#278718000
0"
#278759000
b100011110 (
1"
#278800000
0"
#278841000
b100011101 (
1"
#278882000
0"
#278923000
b100011100 (
1"
#278964000
0"
#279005000
b100011011 (
1"
#279046000
0"
#279087000
b100011010 (
1"
#279128000
0"
#279169000
b100011001 (
1"
#279210000
0"
#279251000
b100011000 (
1"
#279292000
0"
#279333000
b100010111 (
1"
#279374000
0"
#279415000
b100010110 (
1"
#279456000
0"
#279497000
b100010101 (
1"
#279538000
0"
#279579000
b100010100 (
1"
#279620000
0"
#279661000
b100010011 (
1"
#279702000
0"
#279743000
b100010010 (
1"
#279784000
0"
#279825000
b100010001 (
1"
#279866000
0"
#279907000
b100010000 (
1"
#279948000
0"
#279989000
b100001111 (
1"
#280030000
0"
#280071000
b100001110 (
1"
#280112000
0"
#280153000
b100001101 (
1"
#280194000
0"
#280235000
b100001100 (
1"
#280276000
0"
#280317000
b100001011 (
1"
#280358000
0"
#280399000
b100001010 (
1"
#280440000
0"
#280481000
b100001001 (
1"
#280522000
0"
#280563000
b100001000 (
1"
#280604000
0"
#280645000
b100000111 (
1"
#280686000
0"
#280727000
b100000110 (
1"
#280768000
0"
#280809000
b100000101 (
1"
#280850000
0"
#280891000
b100000100 (
1"
#280932000
0"
#280973000
b100000011 (
1"
#281014000
0"
#281055000
b100000010 (
1"
#281096000
0"
#281137000
b100000001 (
1"
#281178000
0"
#281219000
b100000000 (
1"
#281260000
0"
#281301000
b11111111 (
1"
#281342000
0"
#281383000
b11111110 (
1"
#281424000
0"
#281465000
b11111101 (
1"
#281506000
0"
#281547000
b11111100 (
1"
#281588000
0"
#281629000
b11111011 (
1"
#281670000
0"
#281711000
b11111010 (
1"
#281752000
0"
#281793000
b11111001 (
1"
#281834000
0"
#281875000
b11111000 (
1"
#281916000
0"
#281957000
b11110111 (
1"
#281998000
0"
#282039000
b11110110 (
1"
#282080000
0"
#282121000
b11110101 (
1"
#282162000
0"
#282203000
b11110100 (
1"
#282244000
0"
#282285000
b11110011 (
1"
#282326000
0"
#282367000
b11110010 (
1"
#282408000
0"
#282449000
b11110001 (
1"
#282490000
0"
#282531000
b11110000 (
1"
#282572000
0"
#282613000
b11101111 (
1"
#282654000
0"
#282695000
b11101110 (
1"
#282736000
0"
#282777000
b11101101 (
1"
#282818000
0"
#282859000
b11101100 (
1"
#282900000
0"
#282941000
b11101011 (
1"
#282982000
0"
#283023000
b11101010 (
1"
#283064000
0"
#283105000
b11101001 (
1"
#283146000
0"
#283187000
b11101000 (
1"
#283228000
0"
#283269000
b11100111 (
1"
#283310000
0"
#283351000
b11100110 (
1"
#283392000
0"
#283433000
b11100101 (
1"
#283474000
0"
#283515000
b11100100 (
1"
#283556000
0"
#283597000
b11100011 (
1"
#283638000
0"
#283679000
b11100010 (
1"
#283720000
0"
#283761000
b11100001 (
1"
#283802000
0"
#283843000
b11100000 (
1"
#283884000
0"
#283925000
b11011111 (
1"
#283966000
0"
#284007000
b11011110 (
1"
#284048000
0"
#284089000
b11011101 (
1"
#284130000
0"
#284171000
b11011100 (
1"
#284212000
0"
#284253000
b11011011 (
1"
#284294000
0"
#284335000
b11011010 (
1"
#284376000
0"
#284417000
b11011001 (
1"
#284458000
0"
#284499000
b11011000 (
1"
#284540000
0"
#284581000
b11010111 (
1"
#284622000
0"
#284663000
b11010110 (
1"
#284704000
0"
#284745000
b11010101 (
1"
#284786000
0"
#284827000
b11010100 (
1"
#284868000
0"
#284909000
b11010011 (
1"
#284950000
0"
#284991000
b11010010 (
1"
#285032000
0"
#285073000
b11010001 (
1"
#285114000
0"
#285155000
b11010000 (
1"
#285196000
0"
#285237000
b11001111 (
1"
#285278000
0"
#285319000
b11001110 (
1"
#285360000
0"
#285401000
b11001101 (
1"
#285442000
0"
#285483000
b11001100 (
1"
#285524000
0"
#285565000
b11001011 (
1"
#285606000
0"
#285647000
b11001010 (
1"
#285688000
0"
#285729000
b11001001 (
1"
#285770000
0"
#285811000
b11001000 (
1"
#285852000
0"
#285893000
b11000111 (
1"
#285934000
0"
#285975000
b11000110 (
1"
#286016000
0"
#286057000
b11000101 (
1"
#286098000
0"
#286139000
b11000100 (
1"
#286180000
0"
#286221000
b11000011 (
1"
#286262000
0"
#286303000
b11000010 (
1"
#286344000
0"
#286385000
b11000001 (
1"
#286426000
0"
#286467000
b11000000 (
1"
#286508000
0"
#286549000
b10111111 (
1"
#286590000
0"
#286631000
b10111110 (
1"
#286672000
0"
#286713000
b10111101 (
1"
#286754000
0"
#286795000
b10111100 (
1"
#286836000
0"
#286877000
b10111011 (
1"
#286918000
0"
#286959000
b10111010 (
1"
#287000000
0"
#287041000
b10111001 (
1"
#287082000
0"
#287123000
b10111000 (
1"
#287164000
0"
#287205000
b10110111 (
1"
#287246000
0"
#287287000
b10110110 (
1"
#287328000
0"
#287369000
b10110101 (
1"
#287410000
0"
#287451000
b10110100 (
1"
#287492000
0"
#287533000
b10110011 (
1"
#287574000
0"
#287615000
b10110010 (
1"
#287656000
0"
#287697000
b10110001 (
1"
#287738000
0"
#287779000
b10110000 (
1"
#287820000
0"
#287861000
b10101111 (
1"
#287902000
0"
#287943000
b10101110 (
1"
#287984000
0"
#288025000
b10101101 (
1"
#288066000
0"
#288107000
b10101100 (
1"
#288148000
0"
#288189000
b10101011 (
1"
#288230000
0"
#288271000
b10101010 (
1"
#288312000
0"
#288353000
b10101001 (
1"
#288394000
0"
#288435000
b10101000 (
1"
#288476000
0"
#288517000
b10100111 (
1"
#288558000
0"
#288599000
b10100110 (
1"
#288640000
0"
#288681000
b10100101 (
1"
#288722000
0"
#288763000
b10100100 (
1"
#288804000
0"
#288845000
b10100011 (
1"
#288886000
0"
#288927000
b10100010 (
1"
#288968000
0"
#289009000
b10100001 (
1"
#289050000
0"
#289091000
b10100000 (
1"
#289132000
0"
#289173000
b10011111 (
1"
#289214000
0"
#289255000
b10011110 (
1"
#289296000
0"
#289337000
b10011101 (
1"
#289378000
0"
#289419000
b10011100 (
1"
#289460000
0"
#289501000
b10011011 (
1"
#289542000
0"
#289583000
b10011010 (
1"
#289624000
0"
#289665000
b10011001 (
1"
#289706000
0"
#289747000
b10011000 (
1"
#289788000
0"
#289829000
b10010111 (
1"
#289870000
0"
#289911000
b10010110 (
1"
#289952000
0"
#289993000
b10010101 (
1"
#290034000
0"
#290075000
b10010100 (
1"
#290116000
0"
#290157000
b10010011 (
1"
#290198000
0"
#290239000
b10010010 (
1"
#290280000
0"
#290321000
b10010001 (
1"
#290362000
0"
#290403000
b10010000 (
1"
#290444000
0"
#290485000
b10001111 (
1"
#290526000
0"
#290567000
b10001110 (
1"
#290608000
0"
#290649000
b10001101 (
1"
#290690000
0"
#290731000
b10001100 (
1"
#290772000
0"
#290813000
b10001011 (
1"
#290854000
0"
#290895000
b10001010 (
1"
#290936000
0"
#290977000
b10001001 (
1"
#291018000
0"
#291059000
b10001000 (
1"
#291100000
0"
#291141000
b10000111 (
1"
#291182000
0"
#291223000
b10000110 (
1"
#291264000
0"
#291305000
b10000101 (
1"
#291346000
0"
#291387000
b10000100 (
1"
#291428000
0"
#291469000
b10000011 (
1"
#291510000
0"
#291551000
b10000010 (
1"
#291592000
0"
#291633000
b10000001 (
1"
#291674000
0"
#291715000
b10000000 (
1"
#291756000
0"
#291797000
b1111111 (
1"
#291838000
0"
#291879000
b1111110 (
1"
#291920000
0"
#291961000
b1111101 (
1"
#292002000
0"
#292043000
b1111100 (
1"
#292084000
0"
#292125000
b1111011 (
1"
#292166000
0"
#292207000
b1111010 (
1"
#292248000
0"
#292289000
b1111001 (
1"
#292330000
0"
#292371000
b1111000 (
1"
#292412000
0"
#292453000
b1110111 (
1"
#292494000
0"
#292535000
b1110110 (
1"
#292576000
0"
#292617000
b1110101 (
1"
#292658000
0"
#292699000
b1110100 (
1"
#292740000
0"
#292781000
b1110011 (
1"
#292822000
0"
#292863000
b1110010 (
1"
#292904000
0"
#292945000
b1110001 (
1"
#292986000
0"
#293027000
b1110000 (
1"
#293068000
0"
#293109000
b1101111 (
1"
#293150000
0"
#293191000
b1101110 (
1"
#293232000
0"
#293273000
b1101101 (
1"
#293314000
0"
#293355000
b1101100 (
1"
#293396000
0"
#293437000
b1101011 (
1"
#293478000
0"
#293519000
b1101010 (
1"
#293560000
0"
#293601000
b1101001 (
1"
#293642000
0"
#293683000
b1101000 (
1"
#293724000
0"
#293765000
b1100111 (
1"
#293806000
0"
#293847000
b1100110 (
1"
#293888000
0"
#293929000
b1100101 (
1"
#293970000
0"
#294011000
b1100100 (
1"
#294052000
0"
#294093000
b1100011 (
1"
#294134000
0"
#294175000
b1100010 (
1"
#294216000
0"
#294257000
b1100001 (
1"
#294298000
0"
#294339000
b1100000 (
1"
#294380000
0"
#294421000
b1011111 (
1"
#294462000
0"
#294503000
b1011110 (
1"
#294544000
0"
#294585000
b1011101 (
1"
#294626000
0"
#294667000
b1011100 (
1"
#294708000
0"
#294749000
b1011011 (
1"
#294790000
0"
#294831000
b1011010 (
1"
#294872000
0"
#294913000
b1011001 (
1"
#294954000
0"
#294995000
b1011000 (
1"
#295036000
0"
#295077000
b1010111 (
1"
#295118000
0"
#295159000
b1010110 (
1"
#295200000
0"
#295241000
b1010101 (
1"
#295282000
0"
#295323000
b1010100 (
1"
#295364000
0"
#295405000
b1010011 (
1"
#295446000
0"
#295487000
b1010010 (
1"
#295528000
0"
#295569000
b1010001 (
1"
#295610000
0"
#295651000
b1010000 (
1"
#295692000
0"
#295733000
b1001111 (
1"
#295774000
0"
#295815000
b1001110 (
1"
#295856000
0"
#295897000
b1001101 (
1"
#295938000
0"
#295979000
b1001100 (
1"
#296020000
0"
#296061000
b1001011 (
1"
#296102000
0"
#296143000
b1001010 (
1"
#296184000
0"
#296225000
b1001001 (
1"
#296266000
0"
#296307000
b1001000 (
1"
#296348000
0"
#296389000
b1000111 (
1"
#296430000
0"
#296471000
b1000110 (
1"
#296512000
0"
#296553000
b1000101 (
1"
#296594000
0"
#296635000
b1000100 (
1"
#296676000
0"
#296717000
b1000011 (
1"
#296758000
0"
#296799000
b1000010 (
1"
#296840000
0"
#296881000
b1000001 (
1"
#296922000
0"
#296963000
b1000000 (
1"
#297004000
0"
#297045000
b111111 (
1"
#297086000
0"
#297127000
b111110 (
1"
#297168000
0"
#297209000
b111101 (
1"
#297250000
0"
#297291000
b111100 (
1"
#297332000
0"
#297373000
b111011 (
1"
#297414000
0"
#297455000
b111010 (
1"
#297496000
0"
#297537000
b111001 (
1"
#297578000
0"
#297619000
b111000 (
1"
#297660000
0"
#297701000
b110111 (
1"
#297742000
0"
#297783000
b110110 (
1"
#297824000
0"
#297865000
b110101 (
1"
#297906000
0"
#297947000
b110100 (
1"
#297988000
0"
#298029000
b110011 (
1"
#298070000
0"
#298111000
b110010 (
1"
#298152000
0"
#298193000
b110001 (
1"
#298234000
0"
#298275000
b110000 (
1"
#298316000
0"
#298357000
b101111 (
1"
#298398000
0"
#298439000
b101110 (
1"
#298480000
0"
#298521000
b101101 (
1"
#298562000
0"
#298603000
b101100 (
1"
#298644000
0"
#298685000
b101011 (
1"
#298726000
0"
#298767000
b101010 (
1"
#298808000
0"
#298849000
b101001 (
1"
#298890000
0"
#298931000
b101000 (
1"
#298972000
0"
#299013000
b100111 (
1"
#299054000
0"
#299095000
b100110 (
1"
#299136000
0"
#299177000
b100101 (
1"
#299218000
0"
#299259000
b100100 (
1"
#299300000
0"
#299341000
b100011 (
1"
#299382000
0"
#299423000
b100010 (
1"
#299464000
0"
#299505000
b100001 (
1"
#299546000
0"
#299587000
b100000 (
1"
#299628000
0"
#299669000
b11111 (
1"
#299710000
0"
#299751000
b11110 (
1"
#299792000
0"
#299833000
b11101 (
1"
#299874000
0"
#299915000
b11100 (
1"
#299956000
0"
#299997000
b11011 (
1"
#300038000
0"
#300079000
b11010 (
1"
#300120000
0"
#300161000
b11001 (
1"
#300202000
0"
#300243000
b11000 (
1"
#300284000
0"
#300325000
b10111 (
1"
#300366000
0"
#300407000
b10110 (
1"
#300448000
0"
#300489000
b10101 (
1"
#300530000
0"
#300571000
b10100 (
1"
#300612000
0"
#300653000
b10011 (
1"
#300694000
0"
#300735000
b10010 (
1"
#300776000
0"
#300817000
b10001 (
1"
#300858000
0"
#300899000
b10000 (
1"
#300940000
0"
#300981000
b1111 (
1"
#301022000
0"
#301063000
b1110 (
1"
#301104000
0"
#301145000
b1101 (
1"
#301186000
0"
#301227000
b1100 (
1"
#301268000
0"
#301309000
b1011 (
1"
#301350000
0"
#301391000
b1010 (
1"
#301432000
0"
#301473000
b1001 (
1"
#301514000
0"
#301555000
b1000 (
1"
#301596000
0"
#301637000
b111 (
1"
#301678000
0"
#301719000
b110 (
1"
#301760000
0"
#301801000
b101 (
1"
#301842000
0"
#301883000
b100 (
1"
#301924000
0"
#301965000
b11 (
1"
#302006000
0"
#302047000
b10 (
1"
#302088000
0"
#302129000
b1 (
1"
#302170000
0"
#302211000
b0 (
1"
#302252000
0"
#302293000
b1001001110011010101 &
0!
b101100001 (
1"
#302334000
0"
#302375000
b101100000 (
1"
#302416000
0"
#302457000
b101011111 (
1"
#302498000
0"
#302539000
b101011110 (
1"
#302580000
0"
#302621000
b101011101 (
1"
#302662000
0"
#302703000
b101011100 (
1"
#302744000
0"
#302785000
b101011011 (
1"
#302826000
0"
#302867000
b101011010 (
1"
#302908000
0"
#302949000
b101011001 (
1"
#302990000
0"
#303031000
b101011000 (
1"
#303072000
0"
#303113000
b101010111 (
1"
#303154000
0"
#303195000
b101010110 (
1"
#303236000
0"
#303277000
b101010101 (
1"
#303318000
0"
#303359000
b101010100 (
1"
#303400000
0"
#303441000
b101010011 (
1"
#303482000
0"
#303523000
b101010010 (
1"
#303564000
0"
#303605000
b101010001 (
1"
#303646000
0"
#303687000
b101010000 (
1"
#303728000
0"
#303769000
b101001111 (
1"
#303810000
0"
#303851000
b101001110 (
1"
#303892000
0"
#303933000
b101001101 (
1"
#303974000
0"
#304015000
b101001100 (
1"
#304056000
0"
#304097000
b101001011 (
1"
#304138000
0"
#304179000
b101001010 (
1"
#304220000
0"
#304261000
b101001001 (
1"
#304302000
0"
#304343000
b101001000 (
1"
#304384000
0"
#304425000
b101000111 (
1"
#304466000
0"
#304507000
b101000110 (
1"
#304548000
0"
#304589000
b101000101 (
1"
#304630000
0"
#304671000
b101000100 (
1"
#304712000
0"
#304753000
b101000011 (
1"
#304794000
0"
#304835000
b101000010 (
1"
#304876000
0"
#304917000
b101000001 (
1"
#304958000
0"
#304999000
b101000000 (
1"
#305040000
0"
#305081000
b100111111 (
1"
#305122000
0"
#305163000
b100111110 (
1"
#305204000
0"
#305245000
b100111101 (
1"
#305286000
0"
#305327000
b100111100 (
1"
#305368000
0"
#305409000
b100111011 (
1"
#305450000
0"
#305491000
b100111010 (
1"
#305532000
0"
#305573000
b100111001 (
1"
#305614000
0"
#305655000
b100111000 (
1"
#305696000
0"
#305737000
b100110111 (
1"
#305778000
0"
#305819000
b100110110 (
1"
#305860000
0"
#305901000
b100110101 (
1"
#305942000
0"
#305983000
b100110100 (
1"
#306024000
0"
#306065000
b100110011 (
1"
#306106000
0"
#306147000
b100110010 (
1"
#306188000
0"
#306229000
b100110001 (
1"
#306270000
0"
#306311000
b100110000 (
1"
#306352000
0"
#306393000
b100101111 (
1"
#306434000
0"
#306475000
b100101110 (
1"
#306516000
0"
#306557000
b100101101 (
1"
#306598000
0"
#306639000
b100101100 (
1"
#306680000
0"
#306721000
b100101011 (
1"
#306762000
0"
#306803000
b100101010 (
1"
#306844000
0"
#306885000
b100101001 (
1"
#306926000
0"
#306967000
b100101000 (
1"
#307008000
0"
#307049000
b100100111 (
1"
#307090000
0"
#307131000
b100100110 (
1"
#307172000
0"
#307213000
b100100101 (
1"
#307254000
0"
#307295000
b100100100 (
1"
#307336000
0"
#307377000
b100100011 (
1"
#307418000
0"
#307459000
b100100010 (
1"
#307500000
0"
#307541000
b100100001 (
1"
#307582000
0"
#307623000
b100100000 (
1"
#307664000
0"
#307705000
b100011111 (
1"
#307746000
0"
#307787000
b100011110 (
1"
#307828000
0"
#307869000
b100011101 (
1"
#307910000
0"
#307951000
b100011100 (
1"
#307992000
0"
#308033000
b100011011 (
1"
#308074000
0"
#308115000
b100011010 (
1"
#308156000
0"
#308197000
b100011001 (
1"
#308238000
0"
#308279000
b100011000 (
1"
#308320000
0"
#308361000
b100010111 (
1"
#308402000
0"
#308443000
b100010110 (
1"
#308484000
0"
#308525000
b100010101 (
1"
#308566000
0"
#308607000
b100010100 (
1"
#308648000
0"
#308689000
b100010011 (
1"
#308730000
0"
#308771000
b100010010 (
1"
#308812000
0"
#308853000
b100010001 (
1"
#308894000
0"
#308935000
b100010000 (
1"
#308976000
0"
#309017000
b100001111 (
1"
#309058000
0"
#309099000
b100001110 (
1"
#309140000
0"
#309181000
b100001101 (
1"
#309222000
0"
#309263000
b100001100 (
1"
#309304000
0"
#309345000
b100001011 (
1"
#309386000
0"
#309427000
b100001010 (
1"
#309468000
0"
#309509000
b100001001 (
1"
#309550000
0"
#309591000
b100001000 (
1"
#309632000
0"
#309673000
b100000111 (
1"
#309714000
0"
#309755000
b100000110 (
1"
#309796000
0"
#309837000
b100000101 (
1"
#309878000
0"
#309919000
b100000100 (
1"
#309960000
0"
#310001000
b100000011 (
1"
#310042000
0"
#310083000
b100000010 (
1"
#310124000
0"
#310165000
b100000001 (
1"
#310206000
0"
#310247000
b100000000 (
1"
#310288000
0"
#310329000
b11111111 (
1"
#310370000
0"
#310411000
b11111110 (
1"
#310452000
0"
#310493000
b11111101 (
1"
#310534000
0"
#310575000
b11111100 (
1"
#310616000
0"
#310657000
b11111011 (
1"
#310698000
0"
#310739000
b11111010 (
1"
#310780000
0"
#310821000
b11111001 (
1"
#310862000
0"
#310903000
b11111000 (
1"
#310944000
0"
#310985000
b11110111 (
1"
#311026000
0"
#311067000
b11110110 (
1"
#311108000
0"
#311149000
b11110101 (
1"
#311190000
0"
#311231000
b11110100 (
1"
#311272000
0"
#311313000
b11110011 (
1"
#311354000
0"
#311395000
b11110010 (
1"
#311436000
0"
#311477000
b11110001 (
1"
#311518000
0"
#311559000
b11110000 (
1"
#311600000
0"
#311641000
b11101111 (
1"
#311682000
0"
#311723000
b11101110 (
1"
#311764000
0"
#311805000
b11101101 (
1"
#311846000
0"
#311887000
b11101100 (
1"
#311928000
0"
#311969000
b11101011 (
1"
#312010000
0"
#312051000
b11101010 (
1"
#312092000
0"
#312133000
b11101001 (
1"
#312174000
0"
#312215000
b11101000 (
1"
#312256000
0"
#312297000
b11100111 (
1"
#312338000
0"
#312379000
b11100110 (
1"
#312420000
0"
#312461000
b11100101 (
1"
#312502000
0"
#312543000
b11100100 (
1"
#312584000
0"
#312625000
b11100011 (
1"
#312666000
0"
#312707000
b11100010 (
1"
#312748000
0"
#312789000
b11100001 (
1"
#312830000
0"
#312871000
b11100000 (
1"
#312912000
0"
#312953000
b11011111 (
1"
#312994000
0"
#313035000
b11011110 (
1"
#313076000
0"
#313117000
b11011101 (
1"
#313158000
0"
#313199000
b11011100 (
1"
#313240000
0"
#313281000
b11011011 (
1"
#313322000
0"
#313363000
b11011010 (
1"
#313404000
0"
#313445000
b11011001 (
1"
#313486000
0"
#313527000
b11011000 (
1"
#313568000
0"
#313609000
b11010111 (
1"
#313650000
0"
#313691000
b11010110 (
1"
#313732000
0"
#313773000
b11010101 (
1"
#313814000
0"
#313855000
b11010100 (
1"
#313896000
0"
#313937000
b11010011 (
1"
#313978000
0"
#314019000
b11010010 (
1"
#314060000
0"
#314101000
b11010001 (
1"
#314142000
0"
#314183000
b11010000 (
1"
#314224000
0"
#314265000
b11001111 (
1"
#314306000
0"
#314347000
b11001110 (
1"
#314388000
0"
#314429000
b11001101 (
1"
#314470000
0"
#314511000
b11001100 (
1"
#314552000
0"
#314593000
b11001011 (
1"
#314634000
0"
#314675000
b11001010 (
1"
#314716000
0"
#314757000
b11001001 (
1"
#314798000
0"
#314839000
b11001000 (
1"
#314880000
0"
#314921000
b11000111 (
1"
#314962000
0"
#315003000
b11000110 (
1"
#315044000
0"
#315085000
b11000101 (
1"
#315126000
0"
#315167000
b11000100 (
1"
#315208000
0"
#315249000
b11000011 (
1"
#315290000
0"
#315331000
b11000010 (
1"
#315372000
0"
#315413000
b11000001 (
1"
#315454000
0"
#315495000
b11000000 (
1"
#315536000
0"
#315577000
b10111111 (
1"
#315618000
0"
#315659000
b10111110 (
1"
#315700000
0"
#315741000
b10111101 (
1"
#315782000
0"
#315823000
b10111100 (
1"
#315864000
0"
#315905000
b10111011 (
1"
#315946000
0"
#315987000
b10111010 (
1"
#316028000
0"
#316069000
b10111001 (
1"
#316110000
0"
#316151000
b10111000 (
1"
#316192000
0"
#316233000
b10110111 (
1"
#316274000
0"
#316315000
b10110110 (
1"
#316356000
0"
#316397000
b10110101 (
1"
#316438000
0"
#316479000
b10110100 (
1"
#316520000
0"
#316561000
b10110011 (
1"
#316602000
0"
#316643000
b10110010 (
1"
#316684000
0"
#316725000
b10110001 (
1"
#316766000
0"
#316807000
b10110000 (
1"
#316848000
0"
#316889000
b10101111 (
1"
#316930000
0"
#316971000
b10101110 (
1"
#317012000
0"
#317053000
b10101101 (
1"
#317094000
0"
#317135000
b10101100 (
1"
#317176000
0"
#317217000
b10101011 (
1"
#317258000
0"
#317299000
b10101010 (
1"
#317340000
0"
#317381000
b10101001 (
1"
#317422000
0"
#317463000
b10101000 (
1"
#317504000
0"
#317545000
b10100111 (
1"
#317586000
0"
#317627000
b10100110 (
1"
#317668000
0"
#317709000
b10100101 (
1"
#317750000
0"
#317791000
b10100100 (
1"
#317832000
0"
#317873000
b10100011 (
1"
#317914000
0"
#317955000
b10100010 (
1"
#317996000
0"
#318037000
b10100001 (
1"
#318078000
0"
#318119000
b10100000 (
1"
#318160000
0"
#318201000
b10011111 (
1"
#318242000
0"
#318283000
b10011110 (
1"
#318324000
0"
#318365000
b10011101 (
1"
#318406000
0"
#318447000
b10011100 (
1"
#318488000
0"
#318529000
b10011011 (
1"
#318570000
0"
#318611000
b10011010 (
1"
#318652000
0"
#318693000
b10011001 (
1"
#318734000
0"
#318775000
b10011000 (
1"
#318816000
0"
#318857000
b10010111 (
1"
#318898000
0"
#318939000
b10010110 (
1"
#318980000
0"
#319021000
b10010101 (
1"
#319062000
0"
#319103000
b10010100 (
1"
#319144000
0"
#319185000
b10010011 (
1"
#319226000
0"
#319267000
b10010010 (
1"
#319308000
0"
#319349000
b10010001 (
1"
#319390000
0"
#319431000
b10010000 (
1"
#319472000
0"
#319513000
b10001111 (
1"
#319554000
0"
#319595000
b10001110 (
1"
#319636000
0"
#319677000
b10001101 (
1"
#319718000
0"
#319759000
b10001100 (
1"
#319800000
0"
#319841000
b10001011 (
1"
#319882000
0"
#319923000
b10001010 (
1"
#319964000
0"
#320005000
b10001001 (
1"
#320046000
0"
#320087000
b10001000 (
1"
#320128000
0"
#320169000
b10000111 (
1"
#320210000
0"
#320251000
b10000110 (
1"
#320292000
0"
#320333000
b10000101 (
1"
#320374000
0"
#320415000
b10000100 (
1"
#320456000
0"
#320497000
b10000011 (
1"
#320538000
0"
#320579000
b10000010 (
1"
#320620000
0"
#320661000
b10000001 (
1"
#320702000
0"
#320743000
b10000000 (
1"
#320784000
0"
#320825000
b1111111 (
1"
#320866000
0"
#320907000
b1111110 (
1"
#320948000
0"
#320989000
b1111101 (
1"
#321030000
0"
#321071000
b1111100 (
1"
#321112000
0"
#321153000
b1111011 (
1"
#321194000
0"
#321235000
b1111010 (
1"
#321276000
0"
#321317000
b1111001 (
1"
#321358000
0"
#321399000
b1111000 (
1"
#321440000
0"
#321481000
b1110111 (
1"
#321522000
0"
#321563000
b1110110 (
1"
#321604000
0"
#321645000
b1110101 (
1"
#321686000
0"
#321727000
b1110100 (
1"
#321768000
0"
#321809000
b1110011 (
1"
#321850000
0"
#321891000
b1110010 (
1"
#321932000
0"
#321973000
b1110001 (
1"
#322014000
0"
#322055000
b1110000 (
1"
#322096000
0"
#322137000
b1101111 (
1"
#322178000
0"
#322219000
b1101110 (
1"
#322260000
0"
#322301000
b1101101 (
1"
#322342000
0"
#322383000
b1101100 (
1"
#322424000
0"
#322465000
b1101011 (
1"
#322506000
0"
#322547000
b1101010 (
1"
#322588000
0"
#322629000
b1101001 (
1"
#322670000
0"
#322711000
b1101000 (
1"
#322752000
0"
#322793000
b1100111 (
1"
#322834000
0"
#322875000
b1100110 (
1"
#322916000
0"
#322957000
b1100101 (
1"
#322998000
0"
#323039000
b1100100 (
1"
#323080000
0"
#323121000
b1100011 (
1"
#323162000
0"
#323203000
b1100010 (
1"
#323244000
0"
#323285000
b1100001 (
1"
#323326000
0"
#323367000
b1100000 (
1"
#323408000
0"
#323449000
b1011111 (
1"
#323490000
0"
#323531000
b1011110 (
1"
#323572000
0"
#323613000
b1011101 (
1"
#323654000
0"
#323695000
b1011100 (
1"
#323736000
0"
#323777000
b1011011 (
1"
#323818000
0"
#323859000
b1011010 (
1"
#323900000
0"
#323941000
b1011001 (
1"
#323982000
0"
#324023000
b1011000 (
1"
#324064000
0"
#324105000
b1010111 (
1"
#324146000
0"
#324187000
b1010110 (
1"
#324228000
0"
#324269000
b1010101 (
1"
#324310000
0"
#324351000
b1010100 (
1"
#324392000
0"
#324433000
b1010011 (
1"
#324474000
0"
#324515000
b1010010 (
1"
#324556000
0"
#324597000
b1010001 (
1"
#324638000
0"
#324679000
b1010000 (
1"
#324720000
0"
#324761000
b1001111 (
1"
#324802000
0"
#324843000
b1001110 (
1"
#324884000
0"
#324925000
b1001101 (
1"
#324966000
0"
#325007000
b1001100 (
1"
#325048000
0"
#325089000
b1001011 (
1"
#325130000
0"
#325171000
b1001010 (
1"
#325212000
0"
#325253000
b1001001 (
1"
#325294000
0"
#325335000
b1001000 (
1"
#325376000
0"
#325417000
b1000111 (
1"
#325458000
0"
#325499000
b1000110 (
1"
#325540000
0"
#325581000
b1000101 (
1"
#325622000
0"
#325663000
b1000100 (
1"
#325704000
0"
#325745000
b1000011 (
1"
#325786000
0"
#325827000
b1000010 (
1"
#325868000
0"
#325909000
b1000001 (
1"
#325950000
0"
#325991000
b1000000 (
1"
#326032000
0"
#326073000
b111111 (
1"
#326114000
0"
#326155000
b111110 (
1"
#326196000
0"
#326237000
b111101 (
1"
#326278000
0"
#326319000
b111100 (
1"
#326360000
0"
#326401000
b111011 (
1"
#326442000
0"
#326483000
b111010 (
1"
#326524000
0"
#326565000
b111001 (
1"
#326606000
0"
#326647000
b111000 (
1"
#326688000
0"
#326729000
b110111 (
1"
#326770000
0"
#326811000
b110110 (
1"
#326852000
0"
#326893000
b110101 (
1"
#326934000
0"
#326975000
b110100 (
1"
#327016000
0"
#327057000
b110011 (
1"
#327098000
0"
#327139000
b110010 (
1"
#327180000
0"
#327221000
b110001 (
1"
#327262000
0"
#327303000
b110000 (
1"
#327344000
0"
#327385000
b101111 (
1"
#327426000
0"
#327467000
b101110 (
1"
#327508000
0"
#327549000
b101101 (
1"
#327590000
0"
#327631000
b101100 (
1"
#327672000
0"
#327713000
b101011 (
1"
#327754000
0"
#327795000
b101010 (
1"
#327836000
0"
#327877000
b101001 (
1"
#327918000
0"
#327959000
b101000 (
1"
#328000000
0"
#328041000
b100111 (
1"
#328082000
0"
#328123000
b100110 (
1"
#328164000
0"
#328205000
b100101 (
1"
#328246000
0"
#328287000
b100100 (
1"
#328328000
0"
#328369000
b100011 (
1"
#328410000
0"
#328451000
b100010 (
1"
#328492000
0"
#328533000
b100001 (
1"
#328574000
0"
#328615000
b100000 (
1"
#328656000
0"
#328697000
b11111 (
1"
#328738000
0"
#328779000
b11110 (
1"
#328820000
0"
#328861000
b11101 (
1"
#328902000
0"
#328943000
b11100 (
1"
#328984000
0"
#329025000
b11011 (
1"
#329066000
0"
#329107000
b11010 (
1"
#329148000
0"
#329189000
b11001 (
1"
#329230000
0"
#329271000
b11000 (
1"
#329312000
0"
#329353000
b10111 (
1"
#329394000
0"
#329435000
b10110 (
1"
#329476000
0"
#329517000
b10101 (
1"
#329558000
0"
#329599000
b10100 (
1"
#329640000
0"
#329681000
b10011 (
1"
#329722000
0"
#329763000
b10010 (
1"
#329804000
0"
#329845000
b10001 (
1"
#329886000
0"
#329927000
b10000 (
1"
#329968000
0"
#330009000
b1111 (
1"
#330050000
0"
#330091000
b1110 (
1"
#330132000
0"
#330173000
b1101 (
1"
#330214000
0"
#330255000
b1100 (
1"
#330296000
0"
#330337000
b1011 (
1"
#330378000
0"
#330419000
b1010 (
1"
#330460000
0"
#330501000
b1001 (
1"
#330542000
0"
#330583000
b1000 (
1"
#330624000
0"
#330665000
b111 (
1"
#330706000
0"
#330747000
b110 (
1"
#330788000
0"
#330829000
b101 (
1"
#330870000
0"
#330911000
b100 (
1"
#330952000
0"
#330993000
b11 (
1"
#331034000
0"
#331075000
b10 (
1"
#331116000
0"
#331157000
b1 (
1"
#331198000
0"
#331239000
b0 (
1"
#331280000
0"
#331321000
b1010000111000111001 &
1!
b101100001 (
1"
#331362000
0"
#331403000
b101100000 (
1"
#331444000
0"
#331485000
b101011111 (
1"
#331526000
0"
#331567000
b101011110 (
1"
#331608000
0"
#331649000
b101011101 (
1"
#331690000
0"
#331731000
b101011100 (
1"
#331772000
0"
#331813000
b101011011 (
1"
#331854000
0"
#331895000
b101011010 (
1"
#331936000
0"
#331977000
b101011001 (
1"
#332018000
0"
#332059000
b101011000 (
1"
#332100000
0"
#332141000
b101010111 (
1"
#332182000
0"
#332223000
b101010110 (
1"
#332264000
0"
#332305000
b101010101 (
1"
#332346000
0"
#332387000
b101010100 (
1"
#332428000
0"
#332469000
b101010011 (
1"
#332510000
0"
#332551000
b101010010 (
1"
#332592000
0"
#332633000
b101010001 (
1"
#332674000
0"
#332715000
b101010000 (
1"
#332756000
0"
#332797000
b101001111 (
1"
#332838000
0"
#332879000
b101001110 (
1"
#332920000
0"
#332961000
b101001101 (
1"
#333002000
0"
#333043000
b101001100 (
1"
#333084000
0"
#333125000
b101001011 (
1"
#333166000
0"
#333207000
b101001010 (
1"
#333248000
0"
#333289000
b101001001 (
1"
#333330000
0"
#333371000
b101001000 (
1"
#333412000
0"
#333453000
b101000111 (
1"
#333494000
0"
#333535000
b101000110 (
1"
#333576000
0"
#333617000
b101000101 (
1"
#333658000
0"
#333699000
b101000100 (
1"
#333740000
0"
#333781000
b101000011 (
1"
#333822000
0"
#333863000
b101000010 (
1"
#333904000
0"
#333945000
b101000001 (
1"
#333986000
0"
#334027000
b101000000 (
1"
#334068000
0"
#334109000
b100111111 (
1"
#334150000
0"
#334191000
b100111110 (
1"
#334232000
0"
#334273000
b100111101 (
1"
#334314000
0"
#334355000
b100111100 (
1"
#334396000
0"
#334437000
b100111011 (
1"
#334478000
0"
#334519000
b100111010 (
1"
#334560000
0"
#334601000
b100111001 (
1"
#334642000
0"
#334683000
b100111000 (
1"
#334724000
0"
#334765000
b100110111 (
1"
#334806000
0"
#334847000
b100110110 (
1"
#334888000
0"
#334929000
b100110101 (
1"
#334970000
0"
#335011000
b100110100 (
1"
#335052000
0"
#335093000
b100110011 (
1"
#335134000
0"
#335175000
b100110010 (
1"
#335216000
0"
#335257000
b100110001 (
1"
#335298000
0"
#335339000
b100110000 (
1"
#335380000
0"
#335421000
b100101111 (
1"
#335462000
0"
#335503000
b100101110 (
1"
#335544000
0"
#335585000
b100101101 (
1"
#335626000
0"
#335667000
b100101100 (
1"
#335708000
0"
#335749000
b100101011 (
1"
#335790000
0"
#335831000
b100101010 (
1"
#335872000
0"
#335913000
b100101001 (
1"
#335954000
0"
#335995000
b100101000 (
1"
#336036000
0"
#336077000
b100100111 (
1"
#336118000
0"
#336159000
b100100110 (
1"
#336200000
0"
#336241000
b100100101 (
1"
#336282000
0"
#336323000
b100100100 (
1"
#336364000
0"
#336405000
b100100011 (
1"
#336446000
0"
#336487000
b100100010 (
1"
#336528000
0"
#336569000
b100100001 (
1"
#336610000
0"
#336651000
b100100000 (
1"
#336692000
0"
#336733000
b100011111 (
1"
#336774000
0"
#336815000
b100011110 (
1"
#336856000
0"
#336897000
b100011101 (
1"
#336938000
0"
#336979000
b100011100 (
1"
#337020000
0"
#337061000
b100011011 (
1"
#337102000
0"
#337143000
b100011010 (
1"
#337184000
0"
#337225000
b100011001 (
1"
#337266000
0"
#337307000
b100011000 (
1"
#337348000
0"
#337389000
b100010111 (
1"
#337430000
0"
#337471000
b100010110 (
1"
#337512000
0"
#337553000
b100010101 (
1"
#337594000
0"
#337635000
b100010100 (
1"
#337676000
0"
#337717000
b100010011 (
1"
#337758000
0"
#337799000
b100010010 (
1"
#337840000
0"
#337881000
b100010001 (
1"
#337922000
0"
#337963000
b100010000 (
1"
#338004000
0"
#338045000
b100001111 (
1"
#338086000
0"
#338127000
b100001110 (
1"
#338168000
0"
#338209000
b100001101 (
1"
#338250000
0"
#338291000
b100001100 (
1"
#338332000
0"
#338373000
b100001011 (
1"
#338414000
0"
#338455000
b100001010 (
1"
#338496000
0"
#338537000
b100001001 (
1"
#338578000
0"
#338619000
b100001000 (
1"
#338660000
0"
#338701000
b100000111 (
1"
#338742000
0"
#338783000
b100000110 (
1"
#338824000
0"
#338865000
b100000101 (
1"
#338906000
0"
#338947000
b100000100 (
1"
#338988000
0"
#339029000
b100000011 (
1"
#339070000
0"
#339111000
b100000010 (
1"
#339152000
0"
#339193000
b100000001 (
1"
#339234000
0"
#339275000
b100000000 (
1"
#339316000
0"
#339357000
b11111111 (
1"
#339398000
0"
#339439000
b11111110 (
1"
#339480000
0"
#339521000
b11111101 (
1"
#339562000
0"
#339603000
b11111100 (
1"
#339644000
0"
#339685000
b11111011 (
1"
#339726000
0"
#339767000
b11111010 (
1"
#339808000
0"
#339849000
b11111001 (
1"
#339890000
0"
#339931000
b11111000 (
1"
#339972000
0"
#340013000
b11110111 (
1"
#340054000
0"
#340095000
b11110110 (
1"
#340136000
0"
#340177000
b11110101 (
1"
#340218000
0"
#340259000
b11110100 (
1"
#340300000
0"
#340341000
b11110011 (
1"
#340382000
0"
#340423000
b11110010 (
1"
#340464000
0"
#340505000
b11110001 (
1"
#340546000
0"
#340587000
b11110000 (
1"
#340628000
0"
#340669000
b11101111 (
1"
#340710000
0"
#340751000
b11101110 (
1"
#340792000
0"
#340833000
b11101101 (
1"
#340874000
0"
#340915000
b11101100 (
1"
#340956000
0"
#340997000
b11101011 (
1"
#341038000
0"
#341079000
b11101010 (
1"
#341120000
0"
#341161000
b11101001 (
1"
#341202000
0"
#341243000
b11101000 (
1"
#341284000
0"
#341325000
b11100111 (
1"
#341366000
0"
#341407000
b11100110 (
1"
#341448000
0"
#341489000
b11100101 (
1"
#341530000
0"
#341571000
b11100100 (
1"
#341612000
0"
#341653000
b11100011 (
1"
#341694000
0"
#341735000
b11100010 (
1"
#341776000
0"
#341817000
b11100001 (
1"
#341858000
0"
#341899000
b11100000 (
1"
#341940000
0"
#341981000
b11011111 (
1"
#342022000
0"
#342063000
b11011110 (
1"
#342104000
0"
#342145000
b11011101 (
1"
#342186000
0"
#342227000
b11011100 (
1"
#342268000
0"
#342309000
b11011011 (
1"
#342350000
0"
#342391000
b11011010 (
1"
#342432000
0"
#342473000
b11011001 (
1"
#342514000
0"
#342555000
b11011000 (
1"
#342596000
0"
#342637000
b11010111 (
1"
#342678000
0"
#342719000
b11010110 (
1"
#342760000
0"
#342801000
b11010101 (
1"
#342842000
0"
#342883000
b11010100 (
1"
#342924000
0"
#342965000
b11010011 (
1"
#343006000
0"
#343047000
b11010010 (
1"
#343088000
0"
#343129000
b11010001 (
1"
#343170000
0"
#343211000
b11010000 (
1"
#343252000
0"
#343293000
b11001111 (
1"
#343334000
0"
#343375000
b11001110 (
1"
#343416000
0"
#343457000
b11001101 (
1"
#343498000
0"
#343539000
b11001100 (
1"
#343580000
0"
#343621000
b11001011 (
1"
#343662000
0"
#343703000
b11001010 (
1"
#343744000
0"
#343785000
b11001001 (
1"
#343826000
0"
#343867000
b11001000 (
1"
#343908000
0"
#343949000
b11000111 (
1"
#343990000
0"
#344031000
b11000110 (
1"
#344072000
0"
#344113000
b11000101 (
1"
#344154000
0"
#344195000
b11000100 (
1"
#344236000
0"
#344277000
b11000011 (
1"
#344318000
0"
#344359000
b11000010 (
1"
#344400000
0"
#344441000
b11000001 (
1"
#344482000
0"
#344523000
b11000000 (
1"
#344564000
0"
#344605000
b10111111 (
1"
#344646000
0"
#344687000
b10111110 (
1"
#344728000
0"
#344769000
b10111101 (
1"
#344810000
0"
#344851000
b10111100 (
1"
#344892000
0"
#344933000
b10111011 (
1"
#344974000
0"
#345015000
b10111010 (
1"
#345056000
0"
#345097000
b10111001 (
1"
#345138000
0"
#345179000
b10111000 (
1"
#345220000
0"
#345261000
b10110111 (
1"
#345302000
0"
#345343000
b10110110 (
1"
#345384000
0"
#345425000
b10110101 (
1"
#345466000
0"
#345507000
b10110100 (
1"
#345548000
0"
#345589000
b10110011 (
1"
#345630000
0"
#345671000
b10110010 (
1"
#345712000
0"
#345753000
b10110001 (
1"
#345794000
0"
#345835000
b10110000 (
1"
#345876000
0"
#345917000
b10101111 (
1"
#345958000
0"
#345999000
b10101110 (
1"
#346040000
0"
#346081000
b10101101 (
1"
#346122000
0"
#346163000
b10101100 (
1"
#346204000
0"
#346245000
b10101011 (
1"
#346286000
0"
#346327000
b10101010 (
1"
#346368000
0"
#346409000
b10101001 (
1"
#346450000
0"
#346491000
b10101000 (
1"
#346532000
0"
#346573000
b10100111 (
1"
#346614000
0"
#346655000
b10100110 (
1"
#346696000
0"
#346737000
b10100101 (
1"
#346778000
0"
#346819000
b10100100 (
1"
#346860000
0"
#346901000
b10100011 (
1"
#346942000
0"
#346983000
b10100010 (
1"
#347024000
0"
#347065000
b10100001 (
1"
#347106000
0"
#347147000
b10100000 (
1"
#347188000
0"
#347229000
b10011111 (
1"
#347270000
0"
#347311000
b10011110 (
1"
#347352000
0"
#347393000
b10011101 (
1"
#347434000
0"
#347475000
b10011100 (
1"
#347516000
0"
#347557000
b10011011 (
1"
#347598000
0"
#347639000
b10011010 (
1"
#347680000
0"
#347721000
b10011001 (
1"
#347762000
0"
#347803000
b10011000 (
1"
#347844000
0"
#347885000
b10010111 (
1"
#347926000
0"
#347967000
b10010110 (
1"
#348008000
0"
#348049000
b10010101 (
1"
#348090000
0"
#348131000
b10010100 (
1"
#348172000
0"
#348213000
b10010011 (
1"
#348254000
0"
#348295000
b10010010 (
1"
#348336000
0"
#348377000
b10010001 (
1"
#348418000
0"
#348459000
b10010000 (
1"
#348500000
0"
#348541000
b10001111 (
1"
#348582000
0"
#348623000
b10001110 (
1"
#348664000
0"
#348705000
b10001101 (
1"
#348746000
0"
#348787000
b10001100 (
1"
#348828000
0"
#348869000
b10001011 (
1"
#348910000
0"
#348951000
b10001010 (
1"
#348992000
0"
#349033000
b10001001 (
1"
#349074000
0"
#349115000
b10001000 (
1"
#349156000
0"
#349197000
b10000111 (
1"
#349238000
0"
#349279000
b10000110 (
1"
#349320000
0"
#349361000
b10000101 (
1"
#349402000
0"
#349443000
b10000100 (
1"
#349484000
0"
#349525000
b10000011 (
1"
#349566000
0"
#349607000
b10000010 (
1"
#349648000
0"
#349689000
b10000001 (
1"
#349730000
0"
#349771000
b10000000 (
1"
#349812000
0"
#349853000
b1111111 (
1"
#349894000
0"
#349935000
b1111110 (
1"
#349976000
0"
#350017000
b1111101 (
1"
#350058000
0"
#350099000
b1111100 (
1"
#350140000
0"
#350181000
b1111011 (
1"
#350222000
0"
#350263000
b1111010 (
1"
#350304000
0"
#350345000
b1111001 (
1"
#350386000
0"
#350427000
b1111000 (
1"
#350468000
0"
#350509000
b1110111 (
1"
#350550000
0"
#350591000
b1110110 (
1"
#350632000
0"
#350673000
b1110101 (
1"
#350714000
0"
#350755000
b1110100 (
1"
#350796000
0"
#350837000
b1110011 (
1"
#350878000
0"
#350919000
b1110010 (
1"
#350960000
0"
#351001000
b1110001 (
1"
#351042000
0"
#351083000
b1110000 (
1"
#351124000
0"
#351165000
b1101111 (
1"
#351206000
0"
#351247000
b1101110 (
1"
#351288000
0"
#351329000
b1101101 (
1"
#351370000
0"
#351411000
b1101100 (
1"
#351452000
0"
#351493000
b1101011 (
1"
#351534000
0"
#351575000
b1101010 (
1"
#351616000
0"
#351657000
b1101001 (
1"
#351698000
0"
#351739000
b1101000 (
1"
#351780000
0"
#351821000
b1100111 (
1"
#351862000
0"
#351903000
b1100110 (
1"
#351944000
0"
#351985000
b1100101 (
1"
#352026000
0"
#352067000
b1100100 (
1"
#352108000
0"
#352149000
b1100011 (
1"
#352190000
0"
#352231000
b1100010 (
1"
#352272000
0"
#352313000
b1100001 (
1"
#352354000
0"
#352395000
b1100000 (
1"
#352436000
0"
#352477000
b1011111 (
1"
#352518000
0"
#352559000
b1011110 (
1"
#352600000
0"
#352641000
b1011101 (
1"
#352682000
0"
#352723000
b1011100 (
1"
#352764000
0"
#352805000
b1011011 (
1"
#352846000
0"
#352887000
b1011010 (
1"
#352928000
0"
#352969000
b1011001 (
1"
#353010000
0"
#353051000
b1011000 (
1"
#353092000
0"
#353133000
b1010111 (
1"
#353174000
0"
#353215000
b1010110 (
1"
#353256000
0"
#353297000
b1010101 (
1"
#353338000
0"
#353379000
b1010100 (
1"
#353420000
0"
#353461000
b1010011 (
1"
#353502000
0"
#353543000
b1010010 (
1"
#353584000
0"
#353625000
b1010001 (
1"
#353666000
0"
#353707000
b1010000 (
1"
#353748000
0"
#353789000
b1001111 (
1"
#353830000
0"
#353871000
b1001110 (
1"
#353912000
0"
#353953000
b1001101 (
1"
#353994000
0"
#354035000
b1001100 (
1"
#354076000
0"
#354117000
b1001011 (
1"
#354158000
0"
#354199000
b1001010 (
1"
#354240000
0"
#354281000
b1001001 (
1"
#354322000
0"
#354363000
b1001000 (
1"
#354404000
0"
#354445000
b1000111 (
1"
#354486000
0"
#354527000
b1000110 (
1"
#354568000
0"
#354609000
b1000101 (
1"
#354650000
0"
#354691000
b1000100 (
1"
#354732000
0"
#354773000
b1000011 (
1"
#354814000
0"
#354855000
b1000010 (
1"
#354896000
0"
#354937000
b1000001 (
1"
#354978000
0"
#355019000
b1000000 (
1"
#355060000
0"
#355101000
b111111 (
1"
#355142000
0"
#355183000
b111110 (
1"
#355224000
0"
#355265000
b111101 (
1"
#355306000
0"
#355347000
b111100 (
1"
#355388000
0"
#355429000
b111011 (
1"
#355470000
0"
#355511000
b111010 (
1"
#355552000
0"
#355593000
b111001 (
1"
#355634000
0"
#355675000
b111000 (
1"
#355716000
0"
#355757000
b110111 (
1"
#355798000
0"
#355839000
b110110 (
1"
#355880000
0"
#355921000
b110101 (
1"
#355962000
0"
#356003000
b110100 (
1"
#356044000
0"
#356085000
b110011 (
1"
#356126000
0"
#356167000
b110010 (
1"
#356208000
0"
#356249000
b110001 (
1"
#356290000
0"
#356331000
b110000 (
1"
#356372000
0"
#356413000
b101111 (
1"
#356454000
0"
#356495000
b101110 (
1"
#356536000
0"
#356577000
b101101 (
1"
#356618000
0"
#356659000
b101100 (
1"
#356700000
0"
#356741000
b101011 (
1"
#356782000
0"
#356823000
b101010 (
1"
#356864000
0"
#356905000
b101001 (
1"
#356946000
0"
#356987000
b101000 (
1"
#357028000
0"
#357069000
b100111 (
1"
#357110000
0"
#357151000
b100110 (
1"
#357192000
0"
#357233000
b100101 (
1"
#357274000
0"
#357315000
b100100 (
1"
#357356000
0"
#357397000
b100011 (
1"
#357438000
0"
#357479000
b100010 (
1"
#357520000
0"
#357561000
b100001 (
1"
#357602000
0"
#357643000
b100000 (
1"
#357684000
0"
#357725000
b11111 (
1"
#357766000
0"
#357807000
b11110 (
1"
#357848000
0"
#357889000
b11101 (
1"
#357930000
0"
#357971000
b11100 (
1"
#358012000
0"
#358053000
b11011 (
1"
#358094000
0"
#358135000
b11010 (
1"
#358176000
0"
#358217000
b11001 (
1"
#358258000
0"
#358299000
b11000 (
1"
#358340000
0"
#358381000
b10111 (
1"
#358422000
0"
#358463000
b10110 (
1"
#358504000
0"
#358545000
b10101 (
1"
#358586000
0"
#358627000
b10100 (
1"
#358668000
0"
#358709000
b10011 (
1"
#358750000
0"
#358791000
b10010 (
1"
#358832000
0"
#358873000
b10001 (
1"
#358914000
0"
#358955000
b10000 (
1"
#358996000
0"
#359037000
b1111 (
1"
#359078000
0"
#359119000
b1110 (
1"
#359160000
0"
#359201000
b1101 (
1"
#359242000
0"
#359283000
b1100 (
1"
#359324000
0"
#359365000
b1011 (
1"
#359406000
0"
#359447000
b1010 (
1"
#359488000
0"
#359529000
b1001 (
1"
#359570000
0"
#359611000
b1000 (
1"
#359652000
0"
#359693000
b111 (
1"
#359734000
0"
#359775000
b110 (
1"
#359816000
0"
#359857000
b101 (
1"
#359898000
0"
#359939000
b100 (
1"
#359980000
0"
#360021000
b11 (
1"
#360062000
0"
#360103000
b10 (
1"
#360144000
0"
#360185000
b1 (
1"
#360226000
0"
#360267000
b0 (
1"
#360308000
0"
#360349000
b1010111111110011101 &
0!
b101100001 (
1"
#360390000
0"
#360431000
b101100000 (
1"
#360472000
0"
#360513000
b101011111 (
1"
#360554000
0"
#360595000
b101011110 (
1"
#360636000
0"
#360677000
b101011101 (
1"
#360718000
0"
#360759000
b101011100 (
1"
#360800000
0"
#360841000
b101011011 (
1"
#360882000
0"
#360923000
b101011010 (
1"
#360964000
0"
#361005000
b101011001 (
1"
#361046000
0"
#361087000
b101011000 (
1"
#361128000
0"
#361169000
b101010111 (
1"
#361210000
0"
#361251000
b101010110 (
1"
#361292000
0"
#361333000
b101010101 (
1"
#361374000
0"
#361415000
b101010100 (
1"
#361456000
0"
#361497000
b101010011 (
1"
#361538000
0"
#361579000
b101010010 (
1"
#361620000
0"
#361661000
b101010001 (
1"
#361702000
0"
#361743000
b101010000 (
1"
#361784000
0"
#361825000
b101001111 (
1"
#361866000
0"
#361907000
b101001110 (
1"
#361948000
0"
#361989000
b101001101 (
1"
#362030000
0"
#362071000
b101001100 (
1"
#362112000
0"
#362153000
b101001011 (
1"
#362194000
0"
#362235000
b101001010 (
1"
#362276000
0"
#362317000
b101001001 (
1"
#362358000
0"
#362399000
b101001000 (
1"
#362440000
0"
#362481000
b101000111 (
1"
#362522000
0"
#362563000
b101000110 (
1"
#362604000
0"
#362645000
b101000101 (
1"
#362686000
0"
#362727000
b101000100 (
1"
#362768000
0"
#362809000
b101000011 (
1"
#362850000
0"
#362891000
b101000010 (
1"
#362932000
0"
#362973000
b101000001 (
1"
#363014000
0"
#363055000
b101000000 (
1"
#363096000
0"
#363137000
b100111111 (
1"
#363178000
0"
#363219000
b100111110 (
1"
#363260000
0"
#363301000
b100111101 (
1"
#363342000
0"
#363383000
b100111100 (
1"
#363424000
0"
#363465000
b100111011 (
1"
#363506000
0"
#363547000
b100111010 (
1"
#363588000
0"
#363629000
b100111001 (
1"
#363670000
0"
#363711000
b100111000 (
1"
#363752000
0"
#363793000
b100110111 (
1"
#363834000
0"
#363875000
b100110110 (
1"
#363916000
0"
#363957000
b100110101 (
1"
#363998000
0"
#364039000
b100110100 (
1"
#364080000
0"
#364121000
b100110011 (
1"
#364162000
0"
#364203000
b100110010 (
1"
#364244000
0"
#364285000
b100110001 (
1"
#364326000
0"
#364367000
b100110000 (
1"
#364408000
0"
#364449000
b100101111 (
1"
#364490000
0"
#364531000
b100101110 (
1"
#364572000
0"
#364613000
b100101101 (
1"
#364654000
0"
#364695000
b100101100 (
1"
#364736000
0"
#364777000
b100101011 (
1"
#364818000
0"
#364859000
b100101010 (
1"
#364900000
0"
#364941000
b100101001 (
1"
#364982000
0"
#365023000
b100101000 (
1"
#365064000
0"
#365105000
b100100111 (
1"
#365146000
0"
#365187000
b100100110 (
1"
#365228000
0"
#365269000
b100100101 (
1"
#365310000
0"
#365351000
b100100100 (
1"
#365392000
0"
#365433000
b100100011 (
1"
#365474000
0"
#365515000
b100100010 (
1"
#365556000
0"
#365597000
b100100001 (
1"
#365638000
0"
#365679000
b100100000 (
1"
#365720000
0"
#365761000
b100011111 (
1"
#365802000
0"
#365843000
b100011110 (
1"
#365884000
0"
#365925000
b100011101 (
1"
#365966000
0"
#366007000
b100011100 (
1"
#366048000
0"
#366089000
b100011011 (
1"
#366130000
0"
#366171000
b100011010 (
1"
#366212000
0"
#366253000
b100011001 (
1"
#366294000
0"
#366335000
b100011000 (
1"
#366376000
0"
#366417000
b100010111 (
1"
#366458000
0"
#366499000
b100010110 (
1"
#366540000
0"
#366581000
b100010101 (
1"
#366622000
0"
#366663000
b100010100 (
1"
#366704000
0"
#366745000
b100010011 (
1"
#366786000
0"
#366827000
b100010010 (
1"
#366868000
0"
#366909000
b100010001 (
1"
#366950000
0"
#366991000
b100010000 (
1"
#367032000
0"
#367073000
b100001111 (
1"
#367114000
0"
#367155000
b100001110 (
1"
#367196000
0"
#367237000
b100001101 (
1"
#367278000
0"
#367319000
b100001100 (
1"
#367360000
0"
#367401000
b100001011 (
1"
#367442000
0"
#367483000
b100001010 (
1"
#367524000
0"
#367565000
b100001001 (
1"
#367606000
0"
#367647000
b100001000 (
1"
#367688000
0"
#367729000
b100000111 (
1"
#367770000
0"
#367811000
b100000110 (
1"
#367852000
0"
#367893000
b100000101 (
1"
#367934000
0"
#367975000
b100000100 (
1"
#368016000
0"
#368057000
b100000011 (
1"
#368098000
0"
#368139000
b100000010 (
1"
#368180000
0"
#368221000
b100000001 (
1"
#368262000
0"
#368303000
b100000000 (
1"
#368344000
0"
#368385000
b11111111 (
1"
#368426000
0"
#368467000
b11111110 (
1"
#368508000
0"
#368549000
b11111101 (
1"
#368590000
0"
#368631000
b11111100 (
1"
#368672000
0"
#368713000
b11111011 (
1"
#368754000
0"
#368795000
b11111010 (
1"
#368836000
0"
#368877000
b11111001 (
1"
#368918000
0"
#368959000
b11111000 (
1"
#369000000
0"
#369041000
b11110111 (
1"
#369082000
0"
#369123000
b11110110 (
1"
#369164000
0"
#369205000
b11110101 (
1"
#369246000
0"
#369287000
b11110100 (
1"
#369328000
0"
#369369000
b11110011 (
1"
#369410000
0"
#369451000
b11110010 (
1"
#369492000
0"
#369533000
b11110001 (
1"
#369574000
0"
#369615000
b11110000 (
1"
#369656000
0"
#369697000
b11101111 (
1"
#369738000
0"
#369779000
b11101110 (
1"
#369820000
0"
#369861000
b11101101 (
1"
#369902000
0"
#369943000
b11101100 (
1"
#369984000
0"
#370025000
b11101011 (
1"
#370066000
0"
#370107000
b11101010 (
1"
#370148000
0"
#370189000
b11101001 (
1"
#370230000
0"
#370271000
b11101000 (
1"
#370312000
0"
#370353000
b11100111 (
1"
#370394000
0"
#370435000
b11100110 (
1"
#370476000
0"
#370517000
b11100101 (
1"
#370558000
0"
#370599000
b11100100 (
1"
#370640000
0"
#370681000
b11100011 (
1"
#370722000
0"
#370763000
b11100010 (
1"
#370804000
0"
#370845000
b11100001 (
1"
#370886000
0"
#370927000
b11100000 (
1"
#370968000
0"
#371009000
b11011111 (
1"
#371050000
0"
#371091000
b11011110 (
1"
#371132000
0"
#371173000
b11011101 (
1"
#371214000
0"
#371255000
b11011100 (
1"
#371296000
0"
#371337000
b11011011 (
1"
#371378000
0"
#371419000
b11011010 (
1"
#371460000
0"
#371501000
b11011001 (
1"
#371542000
0"
#371583000
b11011000 (
1"
#371624000
0"
#371665000
b11010111 (
1"
#371706000
0"
#371747000
b11010110 (
1"
#371788000
0"
#371829000
b11010101 (
1"
#371870000
0"
#371911000
b11010100 (
1"
#371952000
0"
#371993000
b11010011 (
1"
#372034000
0"
#372075000
b11010010 (
1"
#372116000
0"
#372157000
b11010001 (
1"
#372198000
0"
#372239000
b11010000 (
1"
#372280000
0"
#372321000
b11001111 (
1"
#372362000
0"
#372403000
b11001110 (
1"
#372444000
0"
#372485000
b11001101 (
1"
#372526000
0"
#372567000
b11001100 (
1"
#372608000
0"
#372649000
b11001011 (
1"
#372690000
0"
#372731000
b11001010 (
1"
#372772000
0"
#372813000
b11001001 (
1"
#372854000
0"
#372895000
b11001000 (
1"
#372936000
0"
#372977000
b11000111 (
1"
#373018000
0"
#373059000
b11000110 (
1"
#373100000
0"
#373141000
b11000101 (
1"
#373182000
0"
#373223000
b11000100 (
1"
#373264000
0"
#373305000
b11000011 (
1"
#373346000
0"
#373387000
b11000010 (
1"
#373428000
0"
#373469000
b11000001 (
1"
#373510000
0"
#373551000
b11000000 (
1"
#373592000
0"
#373633000
b10111111 (
1"
#373674000
0"
#373715000
b10111110 (
1"
#373756000
0"
#373797000
b10111101 (
1"
#373838000
0"
#373879000
b10111100 (
1"
#373920000
0"
#373961000
b10111011 (
1"
#374002000
0"
#374043000
b10111010 (
1"
#374084000
0"
#374125000
b10111001 (
1"
#374166000
0"
#374207000
b10111000 (
1"
#374248000
0"
#374289000
b10110111 (
1"
#374330000
0"
#374371000
b10110110 (
1"
#374412000
0"
#374453000
b10110101 (
1"
#374494000
0"
#374535000
b10110100 (
1"
#374576000
0"
#374617000
b10110011 (
1"
#374658000
0"
#374699000
b10110010 (
1"
#374740000
0"
#374781000
b10110001 (
1"
#374822000
0"
#374863000
b10110000 (
1"
#374904000
0"
#374945000
b10101111 (
1"
#374986000
0"
#375027000
b10101110 (
1"
#375068000
0"
#375109000
b10101101 (
1"
#375150000
0"
#375191000
b10101100 (
1"
#375232000
0"
#375273000
b10101011 (
1"
#375314000
0"
#375355000
b10101010 (
1"
#375396000
0"
#375437000
b10101001 (
1"
#375478000
0"
#375519000
b10101000 (
1"
#375560000
0"
#375601000
b10100111 (
1"
#375642000
0"
#375683000
b10100110 (
1"
#375724000
0"
#375765000
b10100101 (
1"
#375806000
0"
#375847000
b10100100 (
1"
#375888000
0"
#375929000
b10100011 (
1"
#375970000
0"
#376011000
b10100010 (
1"
#376052000
0"
#376093000
b10100001 (
1"
#376134000
0"
#376175000
b10100000 (
1"
#376216000
0"
#376257000
b10011111 (
1"
#376298000
0"
#376339000
b10011110 (
1"
#376380000
0"
#376421000
b10011101 (
1"
#376462000
0"
#376503000
b10011100 (
1"
#376544000
0"
#376585000
b10011011 (
1"
#376626000
0"
#376667000
b10011010 (
1"
#376708000
0"
#376749000
b10011001 (
1"
#376790000
0"
#376831000
b10011000 (
1"
#376872000
0"
#376913000
b10010111 (
1"
#376954000
0"
#376995000
b10010110 (
1"
#377036000
0"
#377077000
b10010101 (
1"
#377118000
0"
#377159000
b10010100 (
1"
#377200000
0"
#377241000
b10010011 (
1"
#377282000
0"
#377323000
b10010010 (
1"
#377364000
0"
#377405000
b10010001 (
1"
#377446000
0"
#377487000
b10010000 (
1"
#377528000
0"
#377569000
b10001111 (
1"
#377610000
0"
#377651000
b10001110 (
1"
#377692000
0"
#377733000
b10001101 (
1"
#377774000
0"
#377815000
b10001100 (
1"
#377856000
0"
#377897000
b10001011 (
1"
#377938000
0"
#377979000
b10001010 (
1"
#378020000
0"
#378061000
b10001001 (
1"
#378102000
0"
#378143000
b10001000 (
1"
#378184000
0"
#378225000
b10000111 (
1"
#378266000
0"
#378307000
b10000110 (
1"
#378348000
0"
#378389000
b10000101 (
1"
#378430000
0"
#378471000
b10000100 (
1"
#378512000
0"
#378553000
b10000011 (
1"
#378594000
0"
#378635000
b10000010 (
1"
#378676000
0"
#378717000
b10000001 (
1"
#378758000
0"
#378799000
b10000000 (
1"
#378840000
0"
#378881000
b1111111 (
1"
#378922000
0"
#378963000
b1111110 (
1"
#379004000
0"
#379045000
b1111101 (
1"
#379086000
0"
#379127000
b1111100 (
1"
#379168000
0"
#379209000
b1111011 (
1"
#379250000
0"
#379291000
b1111010 (
1"
#379332000
0"
#379373000
b1111001 (
1"
#379414000
0"
#379455000
b1111000 (
1"
#379496000
0"
#379537000
b1110111 (
1"
#379578000
0"
#379619000
b1110110 (
1"
#379660000
0"
#379701000
b1110101 (
1"
#379742000
0"
#379783000
b1110100 (
1"
#379824000
0"
#379865000
b1110011 (
1"
#379906000
0"
#379947000
b1110010 (
1"
#379988000
0"
#380029000
b1110001 (
1"
#380070000
0"
#380111000
b1110000 (
1"
#380152000
0"
#380193000
b1101111 (
1"
#380234000
0"
#380275000
b1101110 (
1"
#380316000
0"
#380357000
b1101101 (
1"
#380398000
0"
#380439000
b1101100 (
1"
#380480000
0"
#380521000
b1101011 (
1"
#380562000
0"
#380603000
b1101010 (
1"
#380644000
0"
#380685000
b1101001 (
1"
#380726000
0"
#380767000
b1101000 (
1"
#380808000
0"
#380849000
b1100111 (
1"
#380890000
0"
#380931000
b1100110 (
1"
#380972000
0"
#381013000
b1100101 (
1"
#381054000
0"
#381095000
b1100100 (
1"
#381136000
0"
#381177000
b1100011 (
1"
#381218000
0"
#381259000
b1100010 (
1"
#381300000
0"
#381341000
b1100001 (
1"
#381382000
0"
#381423000
b1100000 (
1"
#381464000
0"
#381505000
b1011111 (
1"
#381546000
0"
#381587000
b1011110 (
1"
#381628000
0"
#381669000
b1011101 (
1"
#381710000
0"
#381751000
b1011100 (
1"
#381792000
0"
#381833000
b1011011 (
1"
#381874000
0"
#381915000
b1011010 (
1"
#381956000
0"
#381997000
b1011001 (
1"
#382038000
0"
#382079000
b1011000 (
1"
#382120000
0"
#382161000
b1010111 (
1"
#382202000
0"
#382243000
b1010110 (
1"
#382284000
0"
#382325000
b1010101 (
1"
#382366000
0"
#382407000
b1010100 (
1"
#382448000
0"
#382489000
b1010011 (
1"
#382530000
0"
#382571000
b1010010 (
1"
#382612000
0"
#382653000
b1010001 (
1"
#382694000
0"
#382735000
b1010000 (
1"
#382776000
0"
#382817000
b1001111 (
1"
#382858000
0"
#382899000
b1001110 (
1"
#382940000
0"
#382981000
b1001101 (
1"
#383022000
0"
#383063000
b1001100 (
1"
#383104000
0"
#383145000
b1001011 (
1"
#383186000
0"
#383227000
b1001010 (
1"
#383268000
0"
#383309000
b1001001 (
1"
#383350000
0"
#383391000
b1001000 (
1"
#383432000
0"
#383473000
b1000111 (
1"
#383514000
0"
#383555000
b1000110 (
1"
#383596000
0"
#383637000
b1000101 (
1"
#383678000
0"
#383719000
b1000100 (
1"
#383760000
0"
#383801000
b1000011 (
1"
#383842000
0"
#383883000
b1000010 (
1"
#383924000
0"
#383965000
b1000001 (
1"
#384006000
0"
#384047000
b1000000 (
1"
#384088000
0"
#384129000
b111111 (
1"
#384170000
0"
#384211000
b111110 (
1"
#384252000
0"
#384293000
b111101 (
1"
#384334000
0"
#384375000
b111100 (
1"
#384416000
0"
#384457000
b111011 (
1"
#384498000
0"
#384539000
b111010 (
1"
#384580000
0"
#384621000
b111001 (
1"
#384662000
0"
#384703000
b111000 (
1"
#384744000
0"
#384785000
b110111 (
1"
#384826000
0"
#384867000
b110110 (
1"
#384908000
0"
#384949000
b110101 (
1"
#384990000
0"
#385031000
b110100 (
1"
#385072000
0"
#385113000
b110011 (
1"
#385154000
0"
#385195000
b110010 (
1"
#385236000
0"
#385277000
b110001 (
1"
#385318000
0"
#385359000
b110000 (
1"
#385400000
0"
#385441000
b101111 (
1"
#385482000
0"
#385523000
b101110 (
1"
#385564000
0"
#385605000
b101101 (
1"
#385646000
0"
#385687000
b101100 (
1"
#385728000
0"
#385769000
b101011 (
1"
#385810000
0"
#385851000
b101010 (
1"
#385892000
0"
#385933000
b101001 (
1"
#385974000
0"
#386015000
b101000 (
1"
#386056000
0"
#386097000
b100111 (
1"
#386138000
0"
#386179000
b100110 (
1"
#386220000
0"
#386261000
b100101 (
1"
#386302000
0"
#386343000
b100100 (
1"
#386384000
0"
#386425000
b100011 (
1"
#386466000
0"
#386507000
b100010 (
1"
#386548000
0"
#386589000
b100001 (
1"
#386630000
0"
#386671000
b100000 (
1"
#386712000
0"
#386753000
b11111 (
1"
#386794000
0"
#386835000
b11110 (
1"
#386876000
0"
#386917000
b11101 (
1"
#386958000
0"
#386999000
b11100 (
1"
#387040000
0"
#387081000
b11011 (
1"
#387122000
0"
#387163000
b11010 (
1"
#387204000
0"
#387245000
b11001 (
1"
#387286000
0"
#387327000
b11000 (
1"
#387368000
0"
#387409000
b10111 (
1"
#387450000
0"
#387491000
b10110 (
1"
#387532000
0"
#387573000
b10101 (
1"
#387614000
0"
#387655000
b10100 (
1"
#387696000
0"
#387737000
b10011 (
1"
#387778000
0"
#387819000
b10010 (
1"
#387860000
0"
#387901000
b10001 (
1"
#387942000
0"
#387983000
b10000 (
1"
#388024000
0"
#388065000
b1111 (
1"
#388106000
0"
#388147000
b1110 (
1"
#388188000
0"
#388229000
b1101 (
1"
#388270000
0"
#388311000
b1100 (
1"
#388352000
0"
#388393000
b1011 (
1"
#388434000
0"
#388475000
b1010 (
1"
#388516000
0"
#388557000
b1001 (
1"
#388598000
0"
#388639000
b1000 (
1"
#388680000
0"
#388721000
b111 (
1"
#388762000
0"
#388803000
b110 (
1"
#388844000
0"
#388885000
b101 (
1"
#388926000
0"
#388967000
b100 (
1"
#389008000
0"
#389049000
b11 (
1"
#389090000
0"
#389131000
b10 (
1"
#389172000
0"
#389213000
b1 (
1"
#389254000
0"
#389295000
b0 (
1"
#389336000
0"
#389377000
b1011111000100000001 &
1!
b101100001 (
1"
#389418000
0"
#389459000
b101100000 (
1"
#389500000
0"
#389541000
b101011111 (
1"
#389582000
0"
#389623000
b101011110 (
1"
#389664000
0"
#389705000
b101011101 (
1"
#389746000
0"
#389787000
b101011100 (
1"
#389828000
0"
#389869000
b101011011 (
1"
#389910000
0"
#389951000
b101011010 (
1"
#389992000
0"
#390033000
b101011001 (
1"
#390074000
0"
#390115000
b101011000 (
1"
#390156000
0"
#390197000
b101010111 (
1"
#390238000
0"
#390279000
b101010110 (
1"
#390320000
0"
#390361000
b101010101 (
1"
#390402000
0"
#390443000
b101010100 (
1"
#390484000
0"
#390525000
b101010011 (
1"
#390566000
0"
#390607000
b101010010 (
1"
#390648000
0"
#390689000
b101010001 (
1"
#390730000
0"
#390771000
b101010000 (
1"
#390812000
0"
#390853000
b101001111 (
1"
#390894000
0"
#390935000
b101001110 (
1"
#390976000
0"
#391017000
b101001101 (
1"
#391058000
0"
#391099000
b101001100 (
1"
#391140000
0"
#391181000
b101001011 (
1"
#391222000
0"
#391263000
b101001010 (
1"
#391304000
0"
#391345000
b101001001 (
1"
#391386000
0"
#391427000
b101001000 (
1"
#391468000
0"
#391509000
b101000111 (
1"
#391550000
0"
#391591000
b101000110 (
1"
#391632000
0"
#391673000
b101000101 (
1"
#391714000
0"
#391755000
b101000100 (
1"
#391796000
0"
#391837000
b101000011 (
1"
#391878000
0"
#391919000
b101000010 (
1"
#391960000
0"
#392001000
b101000001 (
1"
#392042000
0"
#392083000
b101000000 (
1"
#392124000
0"
#392165000
b100111111 (
1"
#392206000
0"
#392247000
b100111110 (
1"
#392288000
0"
#392329000
b100111101 (
1"
#392370000
0"
#392411000
b100111100 (
1"
#392452000
0"
#392493000
b100111011 (
1"
#392534000
0"
#392575000
b100111010 (
1"
#392616000
0"
#392657000
b100111001 (
1"
#392698000
0"
#392739000
b100111000 (
1"
#392780000
0"
#392821000
b100110111 (
1"
#392862000
0"
#392903000
b100110110 (
1"
#392944000
0"
#392985000
b100110101 (
1"
#393026000
0"
#393067000
b100110100 (
1"
#393108000
0"
#393149000
b100110011 (
1"
#393190000
0"
#393231000
b100110010 (
1"
#393272000
0"
#393313000
b100110001 (
1"
#393354000
0"
#393395000
b100110000 (
1"
#393436000
0"
#393477000
b100101111 (
1"
#393518000
0"
#393559000
b100101110 (
1"
#393600000
0"
#393641000
b100101101 (
1"
#393682000
0"
#393723000
b100101100 (
1"
#393764000
0"
#393805000
b100101011 (
1"
#393846000
0"
#393887000
b100101010 (
1"
#393928000
0"
#393969000
b100101001 (
1"
#394010000
0"
#394051000
b100101000 (
1"
#394092000
0"
#394133000
b100100111 (
1"
#394174000
0"
#394215000
b100100110 (
1"
#394256000
0"
#394297000
b100100101 (
1"
#394338000
0"
#394379000
b100100100 (
1"
#394420000
0"
#394461000
b100100011 (
1"
#394502000
0"
#394543000
b100100010 (
1"
#394584000
0"
#394625000
b100100001 (
1"
#394666000
0"
#394707000
b100100000 (
1"
#394748000
0"
#394789000
b100011111 (
1"
#394830000
0"
#394871000
b100011110 (
1"
#394912000
0"
#394953000
b100011101 (
1"
#394994000
0"
#395035000
b100011100 (
1"
#395076000
0"
#395117000
b100011011 (
1"
#395158000
0"
#395199000
b100011010 (
1"
#395240000
0"
#395281000
b100011001 (
1"
#395322000
0"
#395363000
b100011000 (
1"
#395404000
0"
#395445000
b100010111 (
1"
#395486000
0"
#395527000
b100010110 (
1"
#395568000
0"
#395609000
b100010101 (
1"
#395650000
0"
#395691000
b100010100 (
1"
#395732000
0"
#395773000
b100010011 (
1"
#395814000
0"
#395855000
b100010010 (
1"
#395896000
0"
#395937000
b100010001 (
1"
#395978000
0"
#396019000
b100010000 (
1"
#396060000
0"
#396101000
b100001111 (
1"
#396142000
0"
#396183000
b100001110 (
1"
#396224000
0"
#396265000
b100001101 (
1"
#396306000
0"
#396347000
b100001100 (
1"
#396388000
0"
#396429000
b100001011 (
1"
#396470000
0"
#396511000
b100001010 (
1"
#396552000
0"
#396593000
b100001001 (
1"
#396634000
0"
#396675000
b100001000 (
1"
#396716000
0"
#396757000
b100000111 (
1"
#396798000
0"
#396839000
b100000110 (
1"
#396880000
0"
#396921000
b100000101 (
1"
#396962000
0"
#397003000
b100000100 (
1"
#397044000
0"
#397085000
b100000011 (
1"
#397126000
0"
#397167000
b100000010 (
1"
#397208000
0"
#397249000
b100000001 (
1"
#397290000
0"
#397331000
b100000000 (
1"
#397372000
0"
#397413000
b11111111 (
1"
#397454000
0"
#397495000
b11111110 (
1"
#397536000
0"
#397577000
b11111101 (
1"
#397618000
0"
#397659000
b11111100 (
1"
#397700000
0"
#397741000
b11111011 (
1"
#397782000
0"
#397823000
b11111010 (
1"
#397864000
0"
#397905000
b11111001 (
1"
#397946000
0"
#397987000
b11111000 (
1"
#398028000
0"
#398069000
b11110111 (
1"
#398110000
0"
#398151000
b11110110 (
1"
#398192000
0"
#398233000
b11110101 (
1"
#398274000
0"
#398315000
b11110100 (
1"
#398356000
0"
#398397000
b11110011 (
1"
#398438000
0"
#398479000
b11110010 (
1"
#398520000
0"
#398561000
b11110001 (
1"
#398602000
0"
#398643000
b11110000 (
1"
#398684000
0"
#398725000
b11101111 (
1"
#398766000
0"
#398807000
b11101110 (
1"
#398848000
0"
#398889000
b11101101 (
1"
#398930000
0"
#398971000
b11101100 (
1"
#399012000
0"
#399053000
b11101011 (
1"
#399094000
0"
#399135000
b11101010 (
1"
#399176000
0"
#399217000
b11101001 (
1"
#399258000
0"
#399299000
b11101000 (
1"
#399340000
0"
#399381000
b11100111 (
1"
#399422000
0"
#399463000
b11100110 (
1"
#399504000
0"
#399545000
b11100101 (
1"
#399586000
0"
#399627000
b11100100 (
1"
#399668000
0"
#399709000
b11100011 (
1"
#399750000
0"
#399791000
b11100010 (
1"
#399832000
0"
#399873000
b11100001 (
1"
#399914000
0"
#399955000
b11100000 (
1"
#399996000
0"
#400037000
b11011111 (
1"
#400078000
0"
#400119000
b11011110 (
1"
#400160000
0"
#400201000
b11011101 (
1"
#400242000
0"
#400283000
b11011100 (
1"
#400324000
0"
#400365000
b11011011 (
1"
#400406000
0"
#400447000
b11011010 (
1"
#400488000
0"
#400529000
b11011001 (
1"
#400570000
0"
#400611000
b11011000 (
1"
#400652000
0"
#400693000
b11010111 (
1"
#400734000
0"
#400775000
b11010110 (
1"
#400816000
0"
#400857000
b11010101 (
1"
#400898000
0"
#400939000
b11010100 (
1"
#400980000
0"
#401021000
b11010011 (
1"
#401062000
0"
#401103000
b11010010 (
1"
#401144000
0"
#401185000
b11010001 (
1"
#401226000
0"
#401267000
b11010000 (
1"
#401308000
0"
#401349000
b11001111 (
1"
#401390000
0"
#401431000
b11001110 (
1"
#401472000
0"
#401513000
b11001101 (
1"
#401554000
0"
#401595000
b11001100 (
1"
#401636000
0"
#401677000
b11001011 (
1"
#401718000
0"
#401759000
b11001010 (
1"
#401800000
0"
#401841000
b11001001 (
1"
#401882000
0"
#401923000
b11001000 (
1"
#401964000
0"
#402005000
b11000111 (
1"
#402046000
0"
#402087000
b11000110 (
1"
#402128000
0"
#402169000
b11000101 (
1"
#402210000
0"
#402251000
b11000100 (
1"
#402292000
0"
#402333000
b11000011 (
1"
#402374000
0"
#402415000
b11000010 (
1"
#402456000
0"
#402497000
b11000001 (
1"
#402538000
0"
#402579000
b11000000 (
1"
#402620000
0"
#402661000
b10111111 (
1"
#402702000
0"
#402743000
b10111110 (
1"
#402784000
0"
#402825000
b10111101 (
1"
#402866000
0"
#402907000
b10111100 (
1"
#402948000
0"
#402989000
b10111011 (
1"
#403030000
0"
#403071000
b10111010 (
1"
#403112000
0"
#403153000
b10111001 (
1"
#403194000
0"
#403235000
b10111000 (
1"
#403276000
0"
#403317000
b10110111 (
1"
#403358000
0"
#403399000
b10110110 (
1"
#403440000
0"
#403481000
b10110101 (
1"
#403522000
0"
#403563000
b10110100 (
1"
#403604000
0"
#403645000
b10110011 (
1"
#403686000
0"
#403727000
b10110010 (
1"
#403768000
0"
#403809000
b10110001 (
1"
#403850000
0"
#403891000
b10110000 (
1"
#403932000
0"
#403973000
b10101111 (
1"
#404014000
0"
#404055000
b10101110 (
1"
#404096000
0"
#404137000
b10101101 (
1"
#404178000
0"
#404219000
b10101100 (
1"
#404260000
0"
#404301000
b10101011 (
1"
#404342000
0"
#404383000
b10101010 (
1"
#404424000
0"
#404465000
b10101001 (
1"
#404506000
0"
#404547000
b10101000 (
1"
#404588000
0"
#404629000
b10100111 (
1"
#404670000
0"
#404711000
b10100110 (
1"
#404752000
0"
#404793000
b10100101 (
1"
#404834000
0"
#404875000
b10100100 (
1"
#404916000
0"
#404957000
b10100011 (
1"
#404998000
0"
#405039000
b10100010 (
1"
#405080000
0"
#405121000
b10100001 (
1"
#405162000
0"
#405203000
b10100000 (
1"
#405244000
0"
#405285000
b10011111 (
1"
#405326000
0"
#405367000
b10011110 (
1"
#405408000
0"
#405449000
b10011101 (
1"
#405490000
0"
#405531000
b10011100 (
1"
#405572000
0"
#405613000
b10011011 (
1"
#405654000
0"
#405695000
b10011010 (
1"
#405736000
0"
#405777000
b10011001 (
1"
#405818000
0"
#405859000
b10011000 (
1"
#405900000
0"
#405941000
b10010111 (
1"
#405982000
0"
#406023000
b10010110 (
1"
#406064000
0"
#406105000
b10010101 (
1"
#406146000
0"
#406187000
b10010100 (
1"
#406228000
0"
#406269000
b10010011 (
1"
#406310000
0"
#406351000
b10010010 (
1"
#406392000
0"
#406433000
b10010001 (
1"
#406474000
0"
#406515000
b10010000 (
1"
#406556000
0"
#406597000
b10001111 (
1"
#406638000
0"
#406679000
b10001110 (
1"
#406720000
0"
#406761000
b10001101 (
1"
#406802000
0"
#406843000
b10001100 (
1"
#406884000
0"
#406925000
b10001011 (
1"
#406966000
0"
#407007000
b10001010 (
1"
#407048000
0"
#407089000
b10001001 (
1"
#407130000
0"
#407171000
b10001000 (
1"
#407212000
0"
#407253000
b10000111 (
1"
#407294000
0"
#407335000
b10000110 (
1"
#407376000
0"
#407417000
b10000101 (
1"
#407458000
0"
#407499000
b10000100 (
1"
#407540000
0"
#407581000
b10000011 (
1"
#407622000
0"
#407663000
b10000010 (
1"
#407704000
0"
#407745000
b10000001 (
1"
#407786000
0"
#407827000
b10000000 (
1"
#407868000
0"
#407909000
b1111111 (
1"
#407950000
0"
#407991000
b1111110 (
1"
#408032000
0"
#408073000
b1111101 (
1"
#408114000
0"
#408155000
b1111100 (
1"
#408196000
0"
#408237000
b1111011 (
1"
#408278000
0"
#408319000
b1111010 (
1"
#408360000
0"
#408401000
b1111001 (
1"
#408442000
0"
#408483000
b1111000 (
1"
#408524000
0"
#408565000
b1110111 (
1"
#408606000
0"
#408647000
b1110110 (
1"
#408688000
0"
#408729000
b1110101 (
1"
#408770000
0"
#408811000
b1110100 (
1"
#408852000
0"
#408893000
b1110011 (
1"
#408934000
0"
#408975000
b1110010 (
1"
#409016000
0"
#409057000
b1110001 (
1"
#409098000
0"
#409139000
b1110000 (
1"
#409180000
0"
#409221000
b1101111 (
1"
#409262000
0"
#409303000
b1101110 (
1"
#409344000
0"
#409385000
b1101101 (
1"
#409426000
0"
#409467000
b1101100 (
1"
#409508000
0"
#409549000
b1101011 (
1"
#409590000
0"
#409631000
b1101010 (
1"
#409672000
0"
#409713000
b1101001 (
1"
#409754000
0"
#409795000
b1101000 (
1"
#409836000
0"
#409877000
b1100111 (
1"
#409918000
0"
#409959000
b1100110 (
b101001101 $
b101001101 '
1"
#410000000
0"
#410041000
b1100101 (
1"
#410082000
0"
#410123000
b1100100 (
1"
#410164000
0"
#410205000
b1100011 (
1"
#410246000
0"
#410287000
b1100010 (
1"
#410328000
0"
#410369000
b1100001 (
1"
#410410000
0"
#410451000
b1100000 (
1"
#410492000
0"
#410533000
b1011111 (
1"
#410574000
0"
#410615000
b1011110 (
1"
#410656000
0"
#410697000
b1011101 (
1"
#410738000
0"
#410779000
b1011100 (
1"
#410820000
0"
#410861000
b1011011 (
1"
#410902000
0"
#410943000
b1011010 (
1"
#410984000
0"
#411025000
b1011001 (
1"
#411066000
0"
#411107000
b1011000 (
1"
#411148000
0"
#411189000
b1010111 (
1"
#411230000
0"
#411271000
b1010110 (
1"
#411312000
0"
#411353000
b1010101 (
1"
#411394000
0"
#411435000
b1010100 (
1"
#411476000
0"
#411517000
b1010011 (
1"
#411558000
0"
#411599000
b1010010 (
1"
#411640000
0"
#411681000
b1010001 (
1"
#411722000
0"
#411763000
b1010000 (
1"
#411804000
0"
#411845000
b1001111 (
1"
#411886000
0"
#411927000
b1001110 (
1"
#411968000
0"
#412009000
b1001101 (
1"
#412050000
0"
#412091000
b1001100 (
1"
#412132000
0"
#412173000
b1001011 (
1"
#412214000
0"
#412255000
b1001010 (
1"
#412296000
0"
#412337000
b1001001 (
1"
#412378000
0"
#412419000
b1001000 (
1"
#412460000
0"
#412501000
b1000111 (
1"
#412542000
0"
#412583000
b1000110 (
1"
#412624000
0"
#412665000
b1000101 (
1"
#412706000
0"
#412747000
b1000100 (
1"
#412788000
0"
#412829000
b1000011 (
1"
#412870000
0"
#412911000
b1000010 (
1"
#412952000
0"
#412993000
b1000001 (
1"
#413034000
0"
#413075000
b1000000 (
1"
#413116000
0"
#413157000
b111111 (
1"
#413198000
0"
#413239000
b111110 (
1"
#413280000
0"
#413321000
b111101 (
1"
#413362000
0"
#413403000
b111100 (
1"
#413444000
0"
#413485000
b111011 (
1"
#413526000
0"
#413567000
b111010 (
1"
#413608000
0"
#413649000
b111001 (
1"
#413690000
0"
#413731000
b111000 (
1"
#413772000
0"
#413813000
b110111 (
1"
#413854000
0"
#413895000
b110110 (
1"
#413936000
0"
#413977000
b110101 (
1"
#414018000
0"
#414059000
b110100 (
1"
#414100000
0"
#414141000
b110011 (
1"
#414182000
0"
#414223000
b110010 (
1"
#414264000
0"
#414305000
b110001 (
1"
#414346000
0"
#414387000
b110000 (
1"
#414428000
0"
#414469000
b101111 (
1"
#414510000
0"
#414551000
b101110 (
1"
#414592000
0"
#414633000
b101101 (
1"
#414674000
0"
#414715000
b101100 (
1"
#414756000
0"
#414797000
b101011 (
1"
#414838000
0"
#414879000
b101010 (
1"
#414920000
0"
#414961000
b101001 (
1"
#415002000
0"
#415043000
b101000 (
1"
#415084000
0"
#415125000
b100111 (
1"
#415166000
0"
#415207000
b100110 (
1"
#415248000
0"
#415289000
b100101 (
1"
#415330000
0"
#415371000
b100100 (
1"
#415412000
0"
#415453000
b100011 (
1"
#415494000
0"
#415535000
b100010 (
1"
#415576000
0"
#415617000
b100001 (
1"
#415658000
0"
#415699000
b100000 (
1"
#415740000
0"
#415781000
b11111 (
1"
#415822000
0"
#415863000
b11110 (
1"
#415904000
0"
#415945000
b11101 (
1"
#415986000
0"
#416027000
b11100 (
1"
#416068000
0"
#416109000
b11011 (
1"
#416150000
0"
#416191000
b11010 (
1"
#416232000
0"
#416273000
b11001 (
1"
#416314000
0"
#416355000
b11000 (
1"
#416396000
0"
#416437000
b10111 (
1"
#416478000
0"
#416519000
b10110 (
1"
#416560000
0"
#416601000
b10101 (
1"
#416642000
0"
#416683000
b10100 (
1"
#416724000
0"
#416765000
b10011 (
1"
#416806000
0"
#416847000
b10010 (
1"
#416888000
0"
#416929000
b10001 (
1"
#416970000
0"
#417011000
b10000 (
1"
#417052000
0"
#417093000
b1111 (
1"
#417134000
0"
#417175000
b1110 (
1"
#417216000
0"
#417257000
b1101 (
1"
#417298000
0"
#417339000
b1100 (
1"
#417380000
0"
#417421000
b1011 (
1"
#417462000
0"
#417503000
b1010 (
1"
#417544000
0"
#417585000
b1001 (
1"
#417626000
0"
#417667000
b1000 (
1"
#417708000
0"
#417749000
b111 (
1"
#417790000
0"
#417831000
b110 (
1"
#417872000
0"
#417913000
b101 (
1"
#417954000
0"
#417995000
b100 (
1"
#418036000
0"
#418077000
b11 (
1"
#418118000
0"
#418159000
b10 (
1"
#418200000
0"
#418241000
b1 (
1"
#418282000
0"
#418323000
b0 (
1"
#418364000
0"
#418405000
b1100110001001100101 &
0!
b101001101 (
1"
#418446000
0"
#418487000
b101001100 (
1"
#418528000
0"
#418569000
b101001011 (
1"
#418610000
0"
#418651000
b101001010 (
1"
#418692000
0"
#418733000
b101001001 (
1"
#418774000
0"
#418815000
b101001000 (
1"
#418856000
0"
#418897000
b101000111 (
1"
#418938000
0"
#418979000
b101000110 (
1"
#419020000
0"
#419061000
b101000101 (
1"
#419102000
0"
#419143000
b101000100 (
1"
#419184000
0"
#419225000
b101000011 (
1"
#419266000
0"
#419307000
b101000010 (
1"
#419348000
0"
#419389000
b101000001 (
1"
#419430000
0"
#419471000
b101000000 (
1"
#419512000
0"
#419553000
b100111111 (
1"
#419594000
0"
#419635000
b100111110 (
1"
#419676000
0"
#419717000
b100111101 (
1"
#419758000
0"
#419799000
b100111100 (
1"
#419840000
0"
#419881000
b100111011 (
1"
#419922000
0"
#419963000
b100111010 (
1"
#420004000
0"
#420045000
b100111001 (
1"
#420086000
0"
#420127000
b100111000 (
1"
#420168000
0"
#420209000
b100110111 (
1"
#420250000
0"
#420291000
b100110110 (
1"
#420332000
0"
#420373000
b100110101 (
1"
#420414000
0"
#420455000
b100110100 (
1"
#420496000
0"
#420537000
b100110011 (
1"
#420578000
0"
#420619000
b100110010 (
1"
#420660000
0"
#420701000
b100110001 (
1"
#420742000
0"
#420783000
b100110000 (
1"
#420824000
0"
#420865000
b100101111 (
1"
#420906000
0"
#420947000
b100101110 (
1"
#420988000
0"
#421029000
b100101101 (
1"
#421070000
0"
#421111000
b100101100 (
1"
#421152000
0"
#421193000
b100101011 (
1"
#421234000
0"
#421275000
b100101010 (
1"
#421316000
0"
#421357000
b100101001 (
1"
#421398000
0"
#421439000
b100101000 (
1"
#421480000
0"
#421521000
b100100111 (
1"
#421562000
0"
#421603000
b100100110 (
1"
#421644000
0"
#421685000
b100100101 (
1"
#421726000
0"
#421767000
b100100100 (
1"
#421808000
0"
#421849000
b100100011 (
1"
#421890000
0"
#421931000
b100100010 (
1"
#421972000
0"
#422013000
b100100001 (
1"
#422054000
0"
#422095000
b100100000 (
1"
#422136000
0"
#422177000
b100011111 (
1"
#422218000
0"
#422259000
b100011110 (
1"
#422300000
0"
#422341000
b100011101 (
1"
#422382000
0"
#422423000
b100011100 (
1"
#422464000
0"
#422505000
b100011011 (
1"
#422546000
0"
#422587000
b100011010 (
1"
#422628000
0"
#422669000
b100011001 (
1"
#422710000
0"
#422751000
b100011000 (
1"
#422792000
0"
#422833000
b100010111 (
1"
#422874000
0"
#422915000
b100010110 (
1"
#422956000
0"
#422997000
b100010101 (
1"
#423038000
0"
#423079000
b100010100 (
1"
#423120000
0"
#423161000
b100010011 (
1"
#423202000
0"
#423243000
b100010010 (
1"
#423284000
0"
#423325000
b100010001 (
1"
#423366000
0"
#423407000
b100010000 (
1"
#423448000
0"
#423489000
b100001111 (
1"
#423530000
0"
#423571000
b100001110 (
1"
#423612000
0"
#423653000
b100001101 (
1"
#423694000
0"
#423735000
b100001100 (
1"
#423776000
0"
#423817000
b100001011 (
1"
#423858000
0"
#423899000
b100001010 (
1"
#423940000
0"
#423981000
b100001001 (
1"
#424022000
0"
#424063000
b100001000 (
1"
#424104000
0"
#424145000
b100000111 (
1"
#424186000
0"
#424227000
b100000110 (
1"
#424268000
0"
#424309000
b100000101 (
1"
#424350000
0"
#424391000
b100000100 (
1"
#424432000
0"
#424473000
b100000011 (
1"
#424514000
0"
#424555000
b100000010 (
1"
#424596000
0"
#424637000
b100000001 (
1"
#424678000
0"
#424719000
b100000000 (
1"
#424760000
0"
#424801000
b11111111 (
1"
#424842000
0"
#424883000
b11111110 (
1"
#424924000
0"
#424965000
b11111101 (
1"
#425006000
0"
#425047000
b11111100 (
1"
#425088000
0"
#425129000
b11111011 (
1"
#425170000
0"
#425211000
b11111010 (
1"
#425252000
0"
#425293000
b11111001 (
1"
#425334000
0"
#425375000
b11111000 (
1"
#425416000
0"
#425457000
b11110111 (
1"
#425498000
0"
#425539000
b11110110 (
1"
#425580000
0"
#425621000
b11110101 (
1"
#425662000
0"
#425703000
b11110100 (
1"
#425744000
0"
#425785000
b11110011 (
1"
#425826000
0"
#425867000
b11110010 (
1"
#425908000
0"
#425949000
b11110001 (
1"
#425990000
0"
#426031000
b11110000 (
1"
#426072000
0"
#426113000
b11101111 (
1"
#426154000
0"
#426195000
b11101110 (
1"
#426236000
0"
#426277000
b11101101 (
1"
#426318000
0"
#426359000
b11101100 (
1"
#426400000
0"
#426441000
b11101011 (
1"
#426482000
0"
#426523000
b11101010 (
1"
#426564000
0"
#426605000
b11101001 (
1"
#426646000
0"
#426687000
b11101000 (
1"
#426728000
0"
#426769000
b11100111 (
1"
#426810000
0"
#426851000
b11100110 (
1"
#426892000
0"
#426933000
b11100101 (
1"
#426974000
0"
#427015000
b11100100 (
1"
#427056000
0"
#427097000
b11100011 (
1"
#427138000
0"
#427179000
b11100010 (
1"
#427220000
0"
#427261000
b11100001 (
1"
#427302000
0"
#427343000
b11100000 (
1"
#427384000
0"
#427425000
b11011111 (
1"
#427466000
0"
#427507000
b11011110 (
1"
#427548000
0"
#427589000
b11011101 (
1"
#427630000
0"
#427671000
b11011100 (
1"
#427712000
0"
#427753000
b11011011 (
1"
#427794000
0"
#427835000
b11011010 (
1"
#427876000
0"
#427917000
b11011001 (
1"
#427958000
0"
#427999000
b11011000 (
1"
#428040000
0"
#428081000
b11010111 (
1"
#428122000
0"
#428163000
b11010110 (
1"
#428204000
0"
#428245000
b11010101 (
1"
#428286000
0"
#428327000
b11010100 (
1"
#428368000
0"
#428409000
b11010011 (
1"
#428450000
0"
#428491000
b11010010 (
1"
#428532000
0"
#428573000
b11010001 (
1"
#428614000
0"
#428655000
b11010000 (
1"
#428696000
0"
#428737000
b11001111 (
1"
#428778000
0"
#428819000
b11001110 (
1"
#428860000
0"
#428901000
b11001101 (
1"
#428942000
0"
#428983000
b11001100 (
1"
#429024000
0"
#429065000
b11001011 (
1"
#429106000
0"
#429147000
b11001010 (
1"
#429188000
0"
#429229000
b11001001 (
1"
#429270000
0"
#429311000
b11001000 (
1"
#429352000
0"
#429393000
b11000111 (
1"
#429434000
0"
#429475000
b11000110 (
1"
#429516000
0"
#429557000
b11000101 (
1"
#429598000
0"
#429639000
b11000100 (
1"
#429680000
0"
#429721000
b11000011 (
1"
#429762000
0"
#429803000
b11000010 (
1"
#429844000
0"
#429885000
b11000001 (
1"
#429926000
0"
#429967000
b11000000 (
1"
#430008000
0"
#430049000
b10111111 (
1"
#430090000
0"
#430131000
b10111110 (
1"
#430172000
0"
#430213000
b10111101 (
1"
#430254000
0"
#430295000
b10111100 (
1"
#430336000
0"
#430377000
b10111011 (
1"
#430418000
0"
#430459000
b10111010 (
1"
#430500000
0"
#430541000
b10111001 (
1"
#430582000
0"
#430623000
b10111000 (
1"
#430664000
0"
#430705000
b10110111 (
1"
#430746000
0"
#430787000
b10110110 (
1"
#430828000
0"
#430869000
b10110101 (
1"
#430910000
0"
#430951000
b10110100 (
1"
#430992000
0"
#431033000
b10110011 (
1"
#431074000
0"
#431115000
b10110010 (
1"
#431156000
0"
#431197000
b10110001 (
1"
#431238000
0"
#431279000
b10110000 (
1"
#431320000
0"
#431361000
b10101111 (
1"
#431402000
0"
#431443000
b10101110 (
1"
#431484000
0"
#431525000
b10101101 (
1"
#431566000
0"
#431607000
b10101100 (
1"
#431648000
0"
#431689000
b10101011 (
1"
#431730000
0"
#431771000
b10101010 (
1"
#431812000
0"
#431853000
b10101001 (
1"
#431894000
0"
#431935000
b10101000 (
1"
#431976000
0"
#432017000
b10100111 (
1"
#432058000
0"
#432099000
b10100110 (
1"
#432140000
0"
#432181000
b10100101 (
1"
#432222000
0"
#432263000
b10100100 (
1"
#432304000
0"
#432345000
b10100011 (
1"
#432386000
0"
#432427000
b10100010 (
1"
#432468000
0"
#432509000
b10100001 (
1"
#432550000
0"
#432591000
b10100000 (
1"
#432632000
0"
#432673000
b10011111 (
1"
#432714000
0"
#432755000
b10011110 (
1"
#432796000
0"
#432837000
b10011101 (
1"
#432878000
0"
#432919000
b10011100 (
1"
#432960000
0"
#433001000
b10011011 (
1"
#433042000
0"
#433083000
b10011010 (
1"
#433124000
0"
#433165000
b10011001 (
1"
#433206000
0"
#433247000
b10011000 (
1"
#433288000
0"
#433329000
b10010111 (
1"
#433370000
0"
#433411000
b10010110 (
1"
#433452000
0"
#433493000
b10010101 (
1"
#433534000
0"
#433575000
b10010100 (
1"
#433616000
0"
#433657000
b10010011 (
1"
#433698000
0"
#433739000
b10010010 (
1"
#433780000
0"
#433821000
b10010001 (
1"
#433862000
0"
#433903000
b10010000 (
1"
#433944000
0"
#433985000
b10001111 (
1"
#434026000
0"
#434067000
b10001110 (
1"
#434108000
0"
#434149000
b10001101 (
1"
#434190000
0"
#434231000
b10001100 (
1"
#434272000
0"
#434313000
b10001011 (
1"
#434354000
0"
#434395000
b10001010 (
1"
#434436000
0"
#434477000
b10001001 (
1"
#434518000
0"
#434559000
b10001000 (
1"
#434600000
0"
#434641000
b10000111 (
1"
#434682000
0"
#434723000
b10000110 (
1"
#434764000
0"
#434805000
b10000101 (
1"
#434846000
0"
#434887000
b10000100 (
1"
#434928000
0"
#434969000
b10000011 (
1"
#435010000
0"
#435051000
b10000010 (
1"
#435092000
0"
#435133000
b10000001 (
1"
#435174000
0"
#435215000
b10000000 (
1"
#435256000
0"
#435297000
b1111111 (
1"
#435338000
0"
#435379000
b1111110 (
1"
#435420000
0"
#435461000
b1111101 (
1"
#435502000
0"
#435543000
b1111100 (
1"
#435584000
0"
#435625000
b1111011 (
1"
#435666000
0"
#435707000
b1111010 (
1"
#435748000
0"
#435789000
b1111001 (
1"
#435830000
0"
#435871000
b1111000 (
1"
#435912000
0"
#435953000
b1110111 (
1"
#435994000
0"
#436035000
b1110110 (
1"
#436076000
0"
#436117000
b1110101 (
1"
#436158000
0"
#436199000
b1110100 (
1"
#436240000
0"
#436281000
b1110011 (
1"
#436322000
0"
#436363000
b1110010 (
1"
#436404000
0"
#436445000
b1110001 (
1"
#436486000
0"
#436527000
b1110000 (
1"
#436568000
0"
#436609000
b1101111 (
1"
#436650000
0"
#436691000
b1101110 (
1"
#436732000
0"
#436773000
b1101101 (
1"
#436814000
0"
#436855000
b1101100 (
1"
#436896000
0"
#436937000
b1101011 (
1"
#436978000
0"
#437019000
b1101010 (
1"
#437060000
0"
#437101000
b1101001 (
1"
#437142000
0"
#437183000
b1101000 (
1"
#437224000
0"
#437265000
b1100111 (
1"
#437306000
0"
#437347000
b1100110 (
1"
#437388000
0"
#437429000
b1100101 (
1"
#437470000
0"
#437511000
b1100100 (
1"
#437552000
0"
#437593000
b1100011 (
1"
#437634000
0"
#437675000
b1100010 (
1"
#437716000
0"
#437757000
b1100001 (
1"
#437798000
0"
#437839000
b1100000 (
1"
#437880000
0"
#437921000
b1011111 (
1"
#437962000
0"
#438003000
b1011110 (
1"
#438044000
0"
#438085000
b1011101 (
1"
#438126000
0"
#438167000
b1011100 (
1"
#438208000
0"
#438249000
b1011011 (
1"
#438290000
0"
#438331000
b1011010 (
1"
#438372000
0"
#438413000
b1011001 (
1"
#438454000
0"
#438495000
b1011000 (
1"
#438536000
0"
#438577000
b1010111 (
1"
#438618000
0"
#438659000
b1010110 (
1"
#438700000
0"
#438741000
b1010101 (
1"
#438782000
0"
#438823000
b1010100 (
1"
#438864000
0"
#438905000
b1010011 (
1"
#438946000
0"
#438987000
b1010010 (
1"
#439028000
0"
#439069000
b1010001 (
1"
#439110000
0"
#439151000
b1010000 (
1"
#439192000
0"
#439233000
b1001111 (
1"
#439274000
0"
#439315000
b1001110 (
1"
#439356000
0"
#439397000
b1001101 (
1"
#439438000
0"
#439479000
b1001100 (
1"
#439520000
0"
#439561000
b1001011 (
1"
#439602000
0"
#439643000
b1001010 (
1"
#439684000
0"
#439725000
b1001001 (
1"
#439766000
0"
#439807000
b1001000 (
1"
#439848000
0"
#439889000
b1000111 (
1"
#439930000
0"
#439971000
b1000110 (
1"
#440012000
0"
#440053000
b1000101 (
1"
#440094000
0"
#440135000
b1000100 (
1"
#440176000
0"
#440217000
b1000011 (
1"
#440258000
0"
#440299000
b1000010 (
1"
#440340000
0"
#440381000
b1000001 (
1"
#440422000
0"
#440463000
b1000000 (
1"
#440504000
0"
#440545000
b111111 (
1"
#440586000
0"
#440627000
b111110 (
1"
#440668000
0"
#440709000
b111101 (
1"
#440750000
0"
#440791000
b111100 (
1"
#440832000
0"
#440873000
b111011 (
1"
#440914000
0"
#440955000
b111010 (
1"
#440996000
0"
#441037000
b111001 (
1"
#441078000
0"
#441119000
b111000 (
1"
#441160000
0"
#441201000
b110111 (
1"
#441242000
0"
#441283000
b110110 (
1"
#441324000
0"
#441365000
b110101 (
1"
#441406000
0"
#441447000
b110100 (
1"
#441488000
0"
#441529000
b110011 (
1"
#441570000
0"
#441611000
b110010 (
1"
#441652000
0"
#441693000
b110001 (
1"
#441734000
0"
#441775000
b110000 (
1"
#441816000
0"
#441857000
b101111 (
1"
#441898000
0"
#441939000
b101110 (
1"
#441980000
0"
#442021000
b101101 (
1"
#442062000
0"
#442103000
b101100 (
1"
#442144000
0"
#442185000
b101011 (
1"
#442226000
0"
#442267000
b101010 (
1"
#442308000
0"
#442349000
b101001 (
1"
#442390000
0"
#442431000
b101000 (
1"
#442472000
0"
#442513000
b100111 (
1"
#442554000
0"
#442595000
b100110 (
1"
#442636000
0"
#442677000
b100101 (
1"
#442718000
0"
#442759000
b100100 (
1"
#442800000
0"
#442841000
b100011 (
1"
#442882000
0"
#442923000
b100010 (
1"
#442964000
0"
#443005000
b100001 (
1"
#443046000
0"
#443087000
b100000 (
1"
#443128000
0"
#443169000
b11111 (
1"
#443210000
0"
#443251000
b11110 (
1"
#443292000
0"
#443333000
b11101 (
1"
#443374000
0"
#443415000
b11100 (
1"
#443456000
0"
#443497000
b11011 (
1"
#443538000
0"
#443579000
b11010 (
1"
#443620000
0"
#443661000
b11001 (
1"
#443702000
0"
#443743000
b11000 (
1"
#443784000
0"
#443825000
b10111 (
1"
#443866000
0"
#443907000
b10110 (
1"
#443948000
0"
#443989000
b10101 (
1"
#444030000
0"
#444071000
b10100 (
1"
#444112000
0"
#444153000
b10011 (
1"
#444194000
0"
#444235000
b10010 (
1"
#444276000
0"
#444317000
b10001 (
1"
#444358000
0"
#444399000
b10000 (
1"
#444440000
0"
#444481000
b1111 (
1"
#444522000
0"
#444563000
b1110 (
1"
#444604000
0"
#444645000
b1101 (
1"
#444686000
0"
#444727000
b1100 (
1"
#444768000
0"
#444809000
b1011 (
1"
#444850000
0"
#444891000
b1010 (
1"
#444932000
0"
#444973000
b1001 (
1"
#445014000
0"
#445055000
b1000 (
1"
#445096000
0"
#445137000
b111 (
1"
#445178000
0"
#445219000
b110 (
1"
#445260000
0"
#445301000
b101 (
1"
#445342000
0"
#445383000
b100 (
1"
#445424000
0"
#445465000
b11 (
1"
#445506000
0"
#445547000
b10 (
1"
#445588000
0"
#445629000
b1 (
1"
#445670000
0"
#445711000
b0 (
1"
#445752000
0"
#445793000
b1101100110101100001 &
b101001110 %
1!
b101001101 (
1"
#445834000
0"
#445875000
b101001100 (
1"
#445916000
0"
#445957000
b101001011 (
1"
#445998000
0"
#446039000
b101001010 (
1"
#446080000
0"
#446121000
b101001001 (
1"
#446162000
0"
#446203000
b101001000 (
1"
#446244000
0"
#446285000
b101000111 (
1"
#446326000
0"
#446367000
b101000110 (
1"
#446408000
0"
#446449000
b101000101 (
1"
#446490000
0"
#446531000
b101000100 (
1"
#446572000
0"
#446613000
b101000011 (
1"
#446654000
0"
#446695000
b101000010 (
1"
#446736000
0"
#446777000
b101000001 (
1"
#446818000
0"
#446859000
b101000000 (
1"
#446900000
0"
#446941000
b100111111 (
1"
#446982000
0"
#447023000
b100111110 (
1"
#447064000
0"
#447105000
b100111101 (
1"
#447146000
0"
#447187000
b100111100 (
1"
#447228000
0"
#447269000
b100111011 (
1"
#447310000
0"
#447351000
b100111010 (
1"
#447392000
0"
#447433000
b100111001 (
1"
#447474000
0"
#447515000
b100111000 (
1"
#447556000
0"
#447597000
b100110111 (
1"
#447638000
0"
#447679000
b100110110 (
1"
#447720000
0"
#447761000
b100110101 (
1"
#447802000
0"
#447843000
b100110100 (
1"
#447884000
0"
#447925000
b100110011 (
1"
#447966000
0"
#448007000
b100110010 (
1"
#448048000
0"
#448089000
b100110001 (
1"
#448130000
0"
#448171000
b100110000 (
1"
#448212000
0"
#448253000
b100101111 (
1"
#448294000
0"
#448335000
b100101110 (
1"
#448376000
0"
#448417000
b100101101 (
1"
#448458000
0"
#448499000
b100101100 (
1"
#448540000
0"
#448581000
b100101011 (
1"
#448622000
0"
#448663000
b100101010 (
1"
#448704000
0"
#448745000
b100101001 (
1"
#448786000
0"
#448827000
b100101000 (
1"
#448868000
0"
#448909000
b100100111 (
1"
#448950000
0"
#448991000
b100100110 (
1"
#449032000
0"
#449073000
b100100101 (
1"
#449114000
0"
#449155000
b100100100 (
1"
#449196000
0"
#449237000
b100100011 (
1"
#449278000
0"
#449319000
b100100010 (
1"
#449360000
0"
#449401000
b100100001 (
1"
#449442000
0"
#449483000
b100100000 (
1"
#449524000
0"
#449565000
b100011111 (
1"
#449606000
0"
#449647000
b100011110 (
1"
#449688000
0"
#449729000
b100011101 (
1"
#449770000
0"
#449811000
b100011100 (
1"
#449852000
0"
#449893000
b100011011 (
1"
#449934000
0"
#449975000
b100011010 (
1"
#450016000
0"
#450057000
b100011001 (
1"
#450098000
0"
#450139000
b100011000 (
1"
#450180000
0"
#450221000
b100010111 (
1"
#450262000
0"
#450303000
b100010110 (
1"
#450344000
0"
#450385000
b100010101 (
1"
#450426000
0"
#450467000
b100010100 (
1"
#450508000
0"
#450549000
b100010011 (
1"
#450590000
0"
#450631000
b100010010 (
1"
#450672000
0"
#450713000
b100010001 (
1"
#450754000
0"
#450795000
b100010000 (
1"
#450836000
0"
#450877000
b100001111 (
1"
#450918000
0"
#450959000
b100001110 (
1"
#451000000
0"
#451041000
b100001101 (
1"
#451082000
0"
#451123000
b100001100 (
1"
#451164000
0"
#451205000
b100001011 (
1"
#451246000
0"
#451287000
b100001010 (
1"
#451328000
0"
#451369000
b100001001 (
1"
#451410000
0"
#451451000
b100001000 (
1"
#451492000
0"
#451533000
b100000111 (
1"
#451574000
0"
#451615000
b100000110 (
1"
#451656000
0"
#451697000
b100000101 (
1"
#451738000
0"
#451779000
b100000100 (
1"
#451820000
0"
#451861000
b100000011 (
1"
#451902000
0"
#451943000
b100000010 (
1"
#451984000
0"
#452025000
b100000001 (
1"
#452066000
0"
#452107000
b100000000 (
1"
#452148000
0"
#452189000
b11111111 (
1"
#452230000
0"
#452271000
b11111110 (
1"
#452312000
0"
#452353000
b11111101 (
1"
#452394000
0"
#452435000
b11111100 (
1"
#452476000
0"
#452517000
b11111011 (
1"
#452558000
0"
#452599000
b11111010 (
1"
#452640000
0"
#452681000
b11111001 (
1"
#452722000
0"
#452763000
b11111000 (
1"
#452804000
0"
#452845000
b11110111 (
1"
#452886000
0"
#452927000
b11110110 (
1"
#452968000
0"
#453009000
b11110101 (
1"
#453050000
0"
#453091000
b11110100 (
1"
#453132000
0"
#453173000
b11110011 (
1"
#453214000
0"
#453255000
b11110010 (
1"
#453296000
0"
#453337000
b11110001 (
1"
#453378000
0"
#453419000
b11110000 (
1"
#453460000
0"
#453501000
b11101111 (
1"
#453542000
0"
#453583000
b11101110 (
1"
#453624000
0"
#453665000
b11101101 (
1"
#453706000
0"
#453747000
b11101100 (
1"
#453788000
0"
#453829000
b11101011 (
1"
#453870000
0"
#453911000
b11101010 (
1"
#453952000
0"
#453993000
b11101001 (
1"
#454034000
0"
#454075000
b11101000 (
1"
#454116000
0"
#454157000
b11100111 (
1"
#454198000
0"
#454239000
b11100110 (
1"
#454280000
0"
#454321000
b11100101 (
1"
#454362000
0"
#454403000
b11100100 (
1"
#454444000
0"
#454485000
b11100011 (
1"
#454526000
0"
#454567000
b11100010 (
1"
#454608000
0"
#454649000
b11100001 (
1"
#454690000
0"
#454731000
b11100000 (
1"
#454772000
0"
#454813000
b11011111 (
1"
#454854000
0"
#454895000
b11011110 (
1"
#454936000
0"
#454977000
b11011101 (
1"
#455018000
0"
#455059000
b11011100 (
1"
#455100000
0"
#455141000
b11011011 (
1"
#455182000
0"
#455223000
b11011010 (
1"
#455264000
0"
#455305000
b11011001 (
1"
#455346000
0"
#455387000
b11011000 (
1"
#455428000
0"
#455469000
b11010111 (
1"
#455510000
0"
#455551000
b11010110 (
1"
#455592000
0"
#455633000
b11010101 (
1"
#455674000
0"
#455715000
b11010100 (
1"
#455756000
0"
#455797000
b11010011 (
1"
#455838000
0"
#455879000
b11010010 (
1"
#455920000
0"
#455961000
b11010001 (
1"
#456002000
0"
#456043000
b11010000 (
1"
#456084000
0"
#456125000
b11001111 (
1"
#456166000
0"
#456207000
b11001110 (
1"
#456248000
0"
#456289000
b11001101 (
1"
#456330000
0"
#456371000
b11001100 (
1"
#456412000
0"
#456453000
b11001011 (
1"
#456494000
0"
#456535000
b11001010 (
1"
#456576000
0"
#456617000
b11001001 (
1"
#456658000
0"
#456699000
b11001000 (
1"
#456740000
0"
#456781000
b11000111 (
1"
#456822000
0"
#456863000
b11000110 (
1"
#456904000
0"
#456945000
b11000101 (
1"
#456986000
0"
#457027000
b11000100 (
1"
#457068000
0"
#457109000
b11000011 (
1"
#457150000
0"
#457191000
b11000010 (
1"
#457232000
0"
#457273000
b11000001 (
1"
#457314000
0"
#457355000
b11000000 (
1"
#457396000
0"
#457437000
b10111111 (
1"
#457478000
0"
#457519000
b10111110 (
1"
#457560000
0"
#457601000
b10111101 (
1"
#457642000
0"
#457683000
b10111100 (
1"
#457724000
0"
#457765000
b10111011 (
1"
#457806000
0"
#457847000
b10111010 (
1"
#457888000
0"
#457929000
b10111001 (
1"
#457970000
0"
#458011000
b10111000 (
1"
#458052000
0"
#458093000
b10110111 (
1"
#458134000
0"
#458175000
b10110110 (
1"
#458216000
0"
#458257000
b10110101 (
1"
#458298000
0"
#458339000
b10110100 (
1"
#458380000
0"
#458421000
b10110011 (
1"
#458462000
0"
#458503000
b10110010 (
1"
#458544000
0"
#458585000
b10110001 (
1"
#458626000
0"
#458667000
b10110000 (
1"
#458708000
0"
#458749000
b10101111 (
1"
#458790000
0"
#458831000
b10101110 (
1"
#458872000
0"
#458913000
b10101101 (
1"
#458954000
0"
#458995000
b10101100 (
1"
#459036000
0"
#459077000
b10101011 (
1"
#459118000
0"
#459159000
b10101010 (
1"
#459200000
0"
#459241000
b10101001 (
1"
#459282000
0"
#459323000
b10101000 (
1"
#459364000
0"
#459405000
b10100111 (
1"
#459446000
0"
#459487000
b10100110 (
1"
#459528000
0"
#459569000
b10100101 (
1"
#459610000
0"
#459651000
b10100100 (
1"
#459692000
0"
#459733000
b10100011 (
1"
#459774000
0"
#459815000
b10100010 (
1"
#459856000
0"
#459897000
b10100001 (
1"
#459938000
0"
#459979000
b10100000 (
1"
#460020000
0"
#460061000
b10011111 (
1"
#460102000
0"
#460143000
b10011110 (
1"
#460184000
0"
#460225000
b10011101 (
1"
#460266000
0"
#460307000
b10011100 (
1"
#460348000
0"
#460389000
b10011011 (
1"
#460430000
0"
#460471000
b10011010 (
1"
#460512000
0"
#460553000
b10011001 (
1"
#460594000
0"
#460635000
b10011000 (
1"
#460676000
0"
#460717000
b10010111 (
1"
#460758000
0"
#460799000
b10010110 (
1"
#460840000
0"
#460881000
b10010101 (
1"
#460922000
0"
#460963000
b10010100 (
1"
#461004000
0"
#461045000
b10010011 (
1"
#461086000
0"
#461127000
b10010010 (
1"
#461168000
0"
#461209000
b10010001 (
1"
#461250000
0"
#461291000
b10010000 (
1"
#461332000
0"
#461373000
b10001111 (
1"
#461414000
0"
#461455000
b10001110 (
1"
#461496000
0"
#461537000
b10001101 (
1"
#461578000
0"
#461619000
b10001100 (
1"
#461660000
0"
#461701000
b10001011 (
1"
#461742000
0"
#461783000
b10001010 (
1"
#461824000
0"
#461865000
b10001001 (
1"
#461906000
0"
#461947000
b10001000 (
1"
#461988000
0"
#462029000
b10000111 (
1"
#462070000
0"
#462111000
b10000110 (
1"
#462152000
0"
#462193000
b10000101 (
1"
#462234000
0"
#462275000
b10000100 (
1"
#462316000
0"
#462357000
b10000011 (
1"
#462398000
0"
#462439000
b10000010 (
1"
#462480000
0"
#462521000
b10000001 (
1"
#462562000
0"
#462603000
b10000000 (
1"
#462644000
0"
#462685000
b1111111 (
1"
#462726000
0"
#462767000
b1111110 (
1"
#462808000
0"
#462849000
b1111101 (
1"
#462890000
0"
#462931000
b1111100 (
1"
#462972000
0"
#463013000
b1111011 (
1"
#463054000
0"
#463095000
b1111010 (
1"
#463136000
0"
#463177000
b1111001 (
1"
#463218000
0"
#463259000
b1111000 (
1"
#463300000
0"
#463341000
b1110111 (
1"
#463382000
0"
#463423000
b1110110 (
1"
#463464000
0"
#463505000
b1110101 (
1"
#463546000
0"
#463587000
b1110100 (
1"
#463628000
0"
#463669000
b1110011 (
1"
#463710000
0"
#463751000
b1110010 (
1"
#463792000
0"
#463833000
b1110001 (
1"
#463874000
0"
#463915000
b1110000 (
1"
#463956000
0"
#463997000
b1101111 (
1"
#464038000
0"
#464079000
b1101110 (
1"
#464120000
0"
#464161000
b1101101 (
1"
#464202000
0"
#464243000
b1101100 (
1"
#464284000
0"
#464325000
b1101011 (
1"
#464366000
0"
#464407000
b1101010 (
1"
#464448000
0"
#464489000
b1101001 (
1"
#464530000
0"
#464571000
b1101000 (
1"
#464612000
0"
#464653000
b1100111 (
1"
#464694000
0"
#464735000
b1100110 (
1"
#464776000
0"
#464817000
b1100101 (
1"
#464858000
0"
#464899000
b1100100 (
1"
#464940000
0"
#464981000
b1100011 (
1"
#465022000
0"
#465063000
b1100010 (
1"
#465104000
0"
#465145000
b1100001 (
1"
#465186000
0"
#465227000
b1100000 (
1"
#465268000
0"
#465309000
b1011111 (
1"
#465350000
0"
#465391000
b1011110 (
1"
#465432000
0"
#465473000
b1011101 (
1"
#465514000
0"
#465555000
b1011100 (
1"
#465596000
0"
#465637000
b1011011 (
1"
#465678000
0"
#465719000
b1011010 (
1"
#465760000
0"
#465801000
b1011001 (
1"
#465842000
0"
#465883000
b1011000 (
1"
#465924000
0"
#465965000
b1010111 (
1"
#466006000
0"
#466047000
b1010110 (
1"
#466088000
0"
#466129000
b1010101 (
1"
#466170000
0"
#466211000
b1010100 (
1"
#466252000
0"
#466293000
b1010011 (
1"
#466334000
0"
#466375000
b1010010 (
1"
#466416000
0"
#466457000
b1010001 (
1"
#466498000
0"
#466539000
b1010000 (
1"
#466580000
0"
#466621000
b1001111 (
1"
#466662000
0"
#466703000
b1001110 (
1"
#466744000
0"
#466785000
b1001101 (
1"
#466826000
0"
#466867000
b1001100 (
1"
#466908000
0"
#466949000
b1001011 (
1"
#466990000
0"
#467031000
b1001010 (
1"
#467072000
0"
#467113000
b1001001 (
1"
#467154000
0"
#467195000
b1001000 (
1"
#467236000
0"
#467277000
b1000111 (
1"
#467318000
0"
#467359000
b1000110 (
1"
#467400000
0"
#467441000
b1000101 (
1"
#467482000
0"
#467523000
b1000100 (
1"
#467564000
0"
#467605000
b1000011 (
1"
#467646000
0"
#467687000
b1000010 (
1"
#467728000
0"
#467769000
b1000001 (
1"
#467810000
0"
#467851000
b1000000 (
1"
#467892000
0"
#467933000
b111111 (
1"
#467974000
0"
#468015000
b111110 (
1"
#468056000
0"
#468097000
b111101 (
1"
#468138000
0"
#468179000
b111100 (
1"
#468220000
0"
#468261000
b111011 (
1"
#468302000
0"
#468343000
b111010 (
1"
#468384000
0"
#468425000
b111001 (
1"
#468466000
0"
#468507000
b111000 (
1"
#468548000
0"
#468589000
b110111 (
1"
#468630000
0"
#468671000
b110110 (
1"
#468712000
0"
#468753000
b110101 (
1"
#468794000
0"
#468835000
b110100 (
1"
#468876000
0"
#468917000
b110011 (
1"
#468958000
0"
#468999000
b110010 (
1"
#469040000
0"
#469081000
b110001 (
1"
#469122000
0"
#469163000
b110000 (
1"
#469204000
0"
#469245000
b101111 (
1"
#469286000
0"
#469327000
b101110 (
1"
#469368000
0"
#469409000
b101101 (
1"
#469450000
0"
#469491000
b101100 (
1"
#469532000
0"
#469573000
b101011 (
1"
#469614000
0"
#469655000
b101010 (
1"
#469696000
0"
#469737000
b101001 (
1"
#469778000
0"
#469819000
b101000 (
1"
#469860000
0"
#469901000
b100111 (
1"
#469942000
0"
#469983000
b100110 (
1"
#470024000
0"
#470065000
b100101 (
1"
#470106000
0"
#470147000
b100100 (
1"
#470188000
0"
#470229000
b100011 (
1"
#470270000
0"
#470311000
b100010 (
1"
#470352000
0"
#470393000
b100001 (
1"
#470434000
0"
#470475000
b100000 (
1"
#470516000
0"
#470557000
b11111 (
1"
#470598000
0"
#470639000
b11110 (
1"
#470680000
0"
#470721000
b11101 (
1"
#470762000
0"
#470803000
b11100 (
1"
#470844000
0"
#470885000
b11011 (
1"
#470926000
0"
#470967000
b11010 (
1"
#471008000
0"
#471049000
b11001 (
1"
#471090000
0"
#471131000
b11000 (
1"
#471172000
0"
#471213000
b10111 (
1"
#471254000
0"
#471295000
b10110 (
1"
#471336000
0"
#471377000
b10101 (
1"
#471418000
0"
#471459000
b10100 (
1"
#471500000
0"
#471541000
b10011 (
1"
#471582000
0"
#471623000
b10010 (
1"
#471664000
0"
#471705000
b10001 (
1"
#471746000
0"
#471787000
b10000 (
1"
#471828000
0"
#471869000
b1111 (
1"
#471910000
0"
#471951000
b1110 (
1"
#471992000
0"
#472033000
b1101 (
1"
#472074000
0"
#472115000
b1100 (
1"
#472156000
0"
#472197000
b1011 (
1"
#472238000
0"
#472279000
b1010 (
1"
#472320000
0"
#472361000
b1001 (
1"
#472402000
0"
#472443000
b1000 (
1"
#472484000
0"
#472525000
b111 (
1"
#472566000
0"
#472607000
b110 (
1"
#472648000
0"
#472689000
b101 (
1"
#472730000
0"
#472771000
b100 (
1"
#472812000
0"
#472853000
b11 (
1"
#472894000
0"
#472935000
b10 (
1"
#472976000
0"
#473017000
b1 (
1"
#473058000
0"
#473099000
b0 (
1"
#473140000
0"
#473181000
b1110011100001011101 &
0!
b101001101 (
1"
#473222000
0"
#473263000
b101001100 (
1"
#473304000
0"
#473345000
b101001011 (
1"
#473386000
0"
#473427000
b101001010 (
1"
#473468000
0"
#473509000
b101001001 (
1"
#473550000
0"
#473591000
b101001000 (
1"
#473632000
0"
#473673000
b101000111 (
1"
#473714000
0"
#473755000
b101000110 (
1"
#473796000
0"
#473837000
b101000101 (
1"
#473878000
0"
#473919000
b101000100 (
1"
#473960000
0"
#474001000
b101000011 (
1"
#474042000
0"
#474083000
b101000010 (
1"
#474124000
0"
#474165000
b101000001 (
1"
#474206000
0"
#474247000
b101000000 (
1"
#474288000
0"
#474329000
b100111111 (
1"
#474370000
0"
#474411000
b100111110 (
1"
#474452000
0"
#474493000
b100111101 (
1"
#474534000
0"
#474575000
b100111100 (
1"
#474616000
0"
#474657000
b100111011 (
1"
#474698000
0"
#474739000
b100111010 (
1"
#474780000
0"
#474821000
b100111001 (
1"
#474862000
0"
#474903000
b100111000 (
1"
#474944000
0"
#474985000
b100110111 (
1"
#475026000
0"
#475067000
b100110110 (
1"
#475108000
0"
#475149000
b100110101 (
1"
#475190000
0"
#475231000
b100110100 (
1"
#475272000
0"
#475313000
b100110011 (
1"
#475354000
0"
#475395000
b100110010 (
1"
#475436000
0"
#475477000
b100110001 (
1"
#475518000
0"
#475559000
b100110000 (
1"
#475600000
0"
#475641000
b100101111 (
1"
#475682000
0"
#475723000
b100101110 (
1"
#475764000
0"
#475805000
b100101101 (
1"
#475846000
0"
#475887000
b100101100 (
1"
#475928000
0"
#475969000
b100101011 (
1"
#476010000
0"
#476051000
b100101010 (
1"
#476092000
0"
#476133000
b100101001 (
1"
#476174000
0"
#476215000
b100101000 (
1"
#476256000
0"
#476297000
b100100111 (
1"
#476338000
0"
#476379000
b100100110 (
1"
#476420000
0"
#476461000
b100100101 (
1"
#476502000
0"
#476543000
b100100100 (
1"
#476584000
0"
#476625000
b100100011 (
1"
#476666000
0"
#476707000
b100100010 (
1"
#476748000
0"
#476789000
b100100001 (
1"
#476830000
0"
#476871000
b100100000 (
1"
#476912000
0"
#476953000
b100011111 (
1"
#476994000
0"
#477035000
b100011110 (
1"
#477076000
0"
#477117000
b100011101 (
1"
#477158000
0"
#477199000
b100011100 (
1"
#477240000
0"
#477281000
b100011011 (
1"
#477322000
0"
#477363000
b100011010 (
1"
#477404000
0"
#477445000
b100011001 (
1"
#477486000
0"
#477527000
b100011000 (
1"
#477568000
0"
#477609000
b100010111 (
1"
#477650000
0"
#477691000
b100010110 (
1"
#477732000
0"
#477773000
b100010101 (
1"
#477814000
0"
#477855000
b100010100 (
1"
#477896000
0"
#477937000
b100010011 (
1"
#477978000
0"
#478019000
b100010010 (
1"
#478060000
0"
#478101000
b100010001 (
1"
#478142000
0"
#478183000
b100010000 (
1"
#478224000
0"
#478265000
b100001111 (
1"
#478306000
0"
#478347000
b100001110 (
1"
#478388000
0"
#478429000
b100001101 (
1"
#478470000
0"
#478511000
b100001100 (
1"
#478552000
0"
#478593000
b100001011 (
1"
#478634000
0"
#478675000
b100001010 (
1"
#478716000
0"
#478757000
b100001001 (
1"
#478798000
0"
#478839000
b100001000 (
1"
#478880000
0"
#478921000
b100000111 (
1"
#478962000
0"
#479003000
b100000110 (
1"
#479044000
0"
#479085000
b100000101 (
1"
#479126000
0"
#479167000
b100000100 (
1"
#479208000
0"
#479249000
b100000011 (
1"
#479290000
0"
#479331000
b100000010 (
1"
#479372000
0"
#479413000
b100000001 (
1"
#479454000
0"
#479495000
b100000000 (
1"
#479536000
0"
#479577000
b11111111 (
1"
#479618000
0"
#479659000
b11111110 (
1"
#479700000
0"
#479741000
b11111101 (
1"
#479782000
0"
#479823000
b11111100 (
1"
#479864000
0"
#479905000
b11111011 (
1"
#479946000
0"
#479987000
b11111010 (
1"
#480028000
0"
#480069000
b11111001 (
1"
#480110000
0"
#480151000
b11111000 (
1"
#480192000
0"
#480233000
b11110111 (
1"
#480274000
0"
#480315000
b11110110 (
1"
#480356000
0"
#480397000
b11110101 (
1"
#480438000
0"
#480479000
b11110100 (
1"
#480520000
0"
#480561000
b11110011 (
1"
#480602000
0"
#480643000
b11110010 (
1"
#480684000
0"
#480725000
b11110001 (
1"
#480766000
0"
#480807000
b11110000 (
1"
#480848000
0"
#480889000
b11101111 (
1"
#480930000
0"
#480971000
b11101110 (
1"
#481012000
0"
#481053000
b11101101 (
1"
#481094000
0"
#481135000
b11101100 (
1"
#481176000
0"
#481217000
b11101011 (
1"
#481258000
0"
#481299000
b11101010 (
1"
#481340000
0"
#481381000
b11101001 (
1"
#481422000
0"
#481463000
b11101000 (
1"
#481504000
0"
#481545000
b11100111 (
1"
#481586000
0"
#481627000
b11100110 (
1"
#481668000
0"
#481709000
b11100101 (
1"
#481750000
0"
#481791000
b11100100 (
1"
#481832000
0"
#481873000
b11100011 (
1"
#481914000
0"
#481955000
b11100010 (
1"
#481996000
0"
#482037000
b11100001 (
1"
#482078000
0"
#482119000
b11100000 (
1"
#482160000
0"
#482201000
b11011111 (
1"
#482242000
0"
#482283000
b11011110 (
1"
#482324000
0"
#482365000
b11011101 (
1"
#482406000
0"
#482447000
b11011100 (
1"
#482488000
0"
#482529000
b11011011 (
1"
#482570000
0"
#482611000
b11011010 (
1"
#482652000
0"
#482693000
b11011001 (
1"
#482734000
0"
#482775000
b11011000 (
1"
#482816000
0"
#482857000
b11010111 (
1"
#482898000
0"
#482939000
b11010110 (
1"
#482980000
0"
#483021000
b11010101 (
1"
#483062000
0"
#483103000
b11010100 (
1"
#483144000
0"
#483185000
b11010011 (
1"
#483226000
0"
#483267000
b11010010 (
1"
#483308000
0"
#483349000
b11010001 (
1"
#483390000
0"
#483431000
b11010000 (
1"
#483472000
0"
#483513000
b11001111 (
1"
#483554000
0"
#483595000
b11001110 (
1"
#483636000
0"
#483677000
b11001101 (
1"
#483718000
0"
#483759000
b11001100 (
1"
#483800000
0"
#483841000
b11001011 (
1"
#483882000
0"
#483923000
b11001010 (
1"
#483964000
0"
#484005000
b11001001 (
1"
#484046000
0"
#484087000
b11001000 (
1"
#484128000
0"
#484169000
b11000111 (
1"
#484210000
0"
#484251000
b11000110 (
1"
#484292000
0"
#484333000
b11000101 (
1"
#484374000
0"
#484415000
b11000100 (
1"
#484456000
0"
#484497000
b11000011 (
1"
#484538000
0"
#484579000
b11000010 (
1"
#484620000
0"
#484661000
b11000001 (
1"
#484702000
0"
#484743000
b11000000 (
1"
#484784000
0"
#484825000
b10111111 (
1"
#484866000
0"
#484907000
b10111110 (
1"
#484948000
0"
#484989000
b10111101 (
1"
#485030000
0"
#485071000
b10111100 (
1"
#485112000
0"
#485153000
b10111011 (
1"
#485194000
0"
#485235000
b10111010 (
1"
#485276000
0"
#485317000
b10111001 (
1"
#485358000
0"
#485399000
b10111000 (
1"
#485440000
0"
#485481000
b10110111 (
1"
#485522000
0"
#485563000
b10110110 (
1"
#485604000
0"
#485645000
b10110101 (
1"
#485686000
0"
#485727000
b10110100 (
1"
#485768000
0"
#485809000
b10110011 (
1"
#485850000
0"
#485891000
b10110010 (
1"
#485932000
0"
#485973000
b10110001 (
1"
#486014000
0"
#486055000
b10110000 (
1"
#486096000
0"
#486137000
b10101111 (
1"
#486178000
0"
#486219000
b10101110 (
1"
#486260000
0"
#486301000
b10101101 (
1"
#486342000
0"
#486383000
b10101100 (
1"
#486424000
0"
#486465000
b10101011 (
1"
#486506000
0"
#486547000
b10101010 (
1"
#486588000
0"
#486629000
b10101001 (
1"
#486670000
0"
#486711000
b10101000 (
1"
#486752000
0"
#486793000
b10100111 (
1"
#486834000
0"
#486875000
b10100110 (
1"
#486916000
0"
#486957000
b10100101 (
1"
#486998000
0"
#487039000
b10100100 (
1"
#487080000
0"
#487121000
b10100011 (
1"
#487162000
0"
#487203000
b10100010 (
1"
#487244000
0"
#487285000
b10100001 (
1"
#487326000
0"
#487367000
b10100000 (
1"
#487408000
0"
#487449000
b10011111 (
1"
#487490000
0"
#487531000
b10011110 (
1"
#487572000
0"
#487613000
b10011101 (
1"
#487654000
0"
#487695000
b10011100 (
1"
#487736000
0"
#487777000
b10011011 (
1"
#487818000
0"
#487859000
b10011010 (
1"
#487900000
0"
#487941000
b10011001 (
1"
#487982000
0"
#488023000
b10011000 (
1"
#488064000
0"
#488105000
b10010111 (
1"
#488146000
0"
#488187000
b10010110 (
1"
#488228000
0"
#488269000
b10010101 (
1"
#488310000
0"
#488351000
b10010100 (
1"
#488392000
0"
#488433000
b10010011 (
1"
#488474000
0"
#488515000
b10010010 (
1"
#488556000
0"
#488597000
b10010001 (
1"
#488638000
0"
#488679000
b10010000 (
1"
#488720000
0"
#488761000
b10001111 (
1"
#488802000
0"
#488843000
b10001110 (
1"
#488884000
0"
#488925000
b10001101 (
1"
#488966000
0"
#489007000
b10001100 (
1"
#489048000
0"
#489089000
b10001011 (
1"
#489130000
0"
#489171000
b10001010 (
1"
#489212000
0"
#489253000
b10001001 (
1"
#489294000
0"
#489335000
b10001000 (
1"
#489376000
0"
#489417000
b10000111 (
1"
#489458000
0"
#489499000
b10000110 (
1"
#489540000
0"
#489581000
b10000101 (
1"
#489622000
0"
#489663000
b10000100 (
1"
#489704000
0"
#489745000
b10000011 (
1"
#489786000
0"
#489827000
b10000010 (
1"
#489868000
0"
#489909000
b10000001 (
1"
#489950000
0"
#489991000
b10000000 (
1"
#490032000
0"
#490073000
b1111111 (
1"
#490114000
0"
#490155000
b1111110 (
1"
#490196000
0"
#490237000
b1111101 (
1"
#490278000
0"
#490319000
b1111100 (
1"
#490360000
0"
#490401000
b1111011 (
1"
#490442000
0"
#490483000
b1111010 (
1"
#490524000
0"
#490565000
b1111001 (
1"
#490606000
0"
#490647000
b1111000 (
1"
#490688000
0"
#490729000
b1110111 (
1"
#490770000
0"
#490811000
b1110110 (
1"
#490852000
0"
#490893000
b1110101 (
1"
#490934000
0"
#490975000
b1110100 (
1"
#491016000
0"
#491057000
b1110011 (
1"
#491098000
0"
#491139000
b1110010 (
1"
#491180000
0"
#491221000
b1110001 (
1"
#491262000
0"
#491303000
b1110000 (
1"
#491344000
0"
#491385000
b1101111 (
1"
#491426000
0"
#491467000
b1101110 (
1"
#491508000
0"
#491549000
b1101101 (
1"
#491590000
0"
#491631000
b1101100 (
1"
#491672000
0"
#491713000
b1101011 (
1"
#491754000
0"
#491795000
b1101010 (
1"
#491836000
0"
#491877000
b1101001 (
1"
#491918000
0"
#491959000
b1101000 (
1"
#492000000
0"
#492041000
b1100111 (
1"
#492082000
0"
#492123000
b1100110 (
1"
#492164000
0"
#492205000
b1100101 (
1"
#492246000
0"
#492287000
b1100100 (
1"
#492328000
0"
#492369000
b1100011 (
1"
#492410000
0"
#492451000
b1100010 (
1"
#492492000
0"
#492533000
b1100001 (
1"
#492574000
0"
#492615000
b1100000 (
1"
#492656000
0"
#492697000
b1011111 (
1"
#492738000
0"
#492779000
b1011110 (
1"
#492820000
0"
#492861000
b1011101 (
1"
#492902000
0"
#492943000
b1011100 (
1"
#492984000
0"
#493025000
b1011011 (
1"
#493066000
0"
#493107000
b1011010 (
1"
#493148000
0"
#493189000
b1011001 (
1"
#493230000
0"
#493271000
b1011000 (
1"
#493312000
0"
#493353000
b1010111 (
1"
#493394000
0"
#493435000
b1010110 (
1"
#493476000
0"
#493517000
b1010101 (
1"
#493558000
0"
#493599000
b1010100 (
1"
#493640000
0"
#493681000
b1010011 (
1"
#493722000
0"
#493763000
b1010010 (
1"
#493804000
0"
#493845000
b1010001 (
1"
#493886000
0"
#493927000
b1010000 (
1"
#493968000
0"
#494009000
b1001111 (
1"
#494050000
0"
#494091000
b1001110 (
1"
#494132000
0"
#494173000
b1001101 (
1"
#494214000
0"
#494255000
b1001100 (
1"
#494296000
0"
#494337000
b1001011 (
1"
#494378000
0"
#494419000
b1001010 (
1"
#494460000
0"
#494501000
b1001001 (
1"
#494542000
0"
#494583000
b1001000 (
1"
#494624000
0"
#494665000
b1000111 (
1"
#494706000
0"
#494747000
b1000110 (
1"
#494788000
0"
#494829000
b1000101 (
1"
#494870000
0"
#494911000
b1000100 (
1"
#494952000
0"
#494993000
b1000011 (
1"
#495034000
0"
#495075000
b1000010 (
1"
#495116000
0"
#495157000
b1000001 (
1"
#495198000
0"
#495239000
b1000000 (
1"
#495280000
0"
#495321000
b111111 (
1"
#495362000
0"
#495403000
b111110 (
1"
#495444000
0"
#495485000
b111101 (
1"
#495526000
0"
#495567000
b111100 (
1"
#495608000
0"
#495649000
b111011 (
1"
#495690000
0"
#495731000
b111010 (
1"
#495772000
0"
#495813000
b111001 (
1"
#495854000
0"
#495895000
b111000 (
1"
#495936000
0"
#495977000
b110111 (
1"
#496018000
0"
#496059000
b110110 (
1"
#496100000
0"
#496141000
b110101 (
1"
#496182000
0"
#496223000
b110100 (
1"
#496264000
0"
#496305000
b110011 (
1"
#496346000
0"
#496387000
b110010 (
1"
#496428000
0"
#496469000
b110001 (
1"
#496510000
0"
#496551000
b110000 (
1"
#496592000
0"
#496633000
b101111 (
1"
#496674000
0"
#496715000
b101110 (
1"
#496756000
0"
#496797000
b101101 (
1"
#496838000
0"
#496879000
b101100 (
1"
#496920000
0"
#496961000
b101011 (
1"
#497002000
0"
#497043000
b101010 (
1"
#497084000
0"
#497125000
b101001 (
1"
#497166000
0"
#497207000
b101000 (
1"
#497248000
0"
#497289000
b100111 (
1"
#497330000
0"
#497371000
b100110 (
1"
#497412000
0"
#497453000
b100101 (
1"
#497494000
0"
#497535000
b100100 (
1"
#497576000
0"
#497617000
b100011 (
1"
#497658000
0"
#497699000
b100010 (
1"
#497740000
0"
#497781000
b100001 (
1"
#497822000
0"
#497863000
b100000 (
1"
#497904000
0"
#497945000
b11111 (
1"
#497986000
0"
#498027000
b11110 (
1"
#498068000
0"
#498109000
b11101 (
1"
#498150000
0"
#498191000
b11100 (
1"
#498232000
0"
#498273000
b11011 (
1"
#498314000
0"
#498355000
b11010 (
1"
#498396000
0"
#498437000
b11001 (
1"
#498478000
0"
#498519000
b11000 (
1"
#498560000
0"
#498601000
b10111 (
1"
#498642000
0"
#498683000
b10110 (
1"
#498724000
0"
#498765000
b10101 (
1"
#498806000
0"
#498847000
b10100 (
1"
#498888000
0"
#498929000
b10011 (
1"
#498970000
0"
#499011000
b10010 (
1"
#499052000
0"
#499093000
b10001 (
1"
#499134000
0"
#499175000
b10000 (
1"
#499216000
0"
#499257000
b1111 (
1"
#499298000
0"
#499339000
b1110 (
1"
#499380000
0"
#499421000
b1101 (
1"
#499462000
0"
#499503000
b1100 (
1"
#499544000
0"
#499585000
b1011 (
1"
#499626000
0"
#499667000
b1010 (
1"
#499708000
0"
#499749000
b1001 (
1"
#499790000
0"
#499831000
b1000 (
1"
#499872000
0"
#499913000
b111 (
1"
#499954000
0"
#499995000
b110 (
1"
#500036000
0"
#500077000
b101 (
1"
#500118000
0"
#500159000
b100 (
1"
#500200000
0"
#500241000
b11 (
1"
#500282000
0"
#500323000
b10 (
1"
#500364000
0"
#500405000
b1 (
1"
#500446000
0"
#500487000
b0 (
1"
#500528000
0"
#500569000
b1111010001101011001 &
1!
b101001101 (
1"
#500610000
0"
#500651000
b101001100 (
1"
#500692000
0"
#500733000
b101001011 (
1"
#500774000
0"
#500815000
b101001010 (
1"
#500856000
0"
#500897000
b101001001 (
1"
#500938000
0"
#500979000
b101001000 (
1"
#501020000
0"
#501061000
b101000111 (
1"
#501102000
0"
#501143000
b101000110 (
1"
#501184000
0"
#501225000
b101000101 (
1"
#501266000
0"
#501307000
b101000100 (
1"
#501348000
0"
#501389000
b101000011 (
1"
#501430000
0"
#501471000
b101000010 (
1"
#501512000
0"
#501553000
b101000001 (
1"
#501594000
0"
#501635000
b101000000 (
1"
#501676000
0"
#501717000
b100111111 (
1"
#501758000
0"
#501799000
b100111110 (
1"
#501840000
0"
#501881000
b100111101 (
1"
#501922000
0"
#501963000
b100111100 (
1"
#502004000
0"
#502045000
b100111011 (
1"
#502086000
0"
#502127000
b100111010 (
1"
#502168000
0"
#502209000
b100111001 (
1"
#502250000
0"
#502291000
b100111000 (
1"
#502332000
0"
#502373000
b100110111 (
1"
#502414000
0"
#502455000
b100110110 (
1"
#502496000
0"
#502537000
b100110101 (
1"
#502578000
0"
#502619000
b100110100 (
1"
#502660000
0"
#502701000
b100110011 (
1"
#502742000
0"
#502783000
b100110010 (
1"
#502824000
0"
#502865000
b100110001 (
1"
#502906000
0"
#502947000
b100110000 (
1"
#502988000
0"
#503029000
b100101111 (
1"
#503070000
0"
#503111000
b100101110 (
1"
#503152000
0"
#503193000
b100101101 (
1"
#503234000
0"
#503275000
b100101100 (
1"
#503316000
0"
#503357000
b100101011 (
1"
#503398000
0"
#503439000
b100101010 (
1"
#503480000
0"
#503521000
b100101001 (
1"
#503562000
0"
#503603000
b100101000 (
1"
#503644000
0"
#503685000
b100100111 (
1"
#503726000
0"
#503767000
b100100110 (
1"
#503808000
0"
#503849000
b100100101 (
1"
#503890000
0"
#503931000
b100100100 (
1"
#503972000
0"
#504013000
b100100011 (
1"
#504054000
0"
#504095000
b100100010 (
1"
#504136000
0"
#504177000
b100100001 (
1"
#504218000
0"
#504259000
b100100000 (
1"
#504300000
0"
#504341000
b100011111 (
1"
#504382000
0"
#504423000
b100011110 (
1"
#504464000
0"
#504505000
b100011101 (
1"
#504546000
0"
#504587000
b100011100 (
1"
#504628000
0"
#504669000
b100011011 (
1"
#504710000
0"
#504751000
b100011010 (
1"
#504792000
0"
#504833000
b100011001 (
1"
#504874000
0"
#504915000
b100011000 (
1"
#504956000
0"
#504997000
b100010111 (
1"
#505038000
0"
#505079000
b100010110 (
1"
#505120000
0"
#505161000
b100010101 (
1"
#505202000
0"
#505243000
b100010100 (
1"
#505284000
0"
#505325000
b100010011 (
1"
#505366000
0"
#505407000
b100010010 (
1"
#505448000
0"
#505489000
b100010001 (
1"
#505530000
0"
#505571000
b100010000 (
1"
#505612000
0"
#505653000
b100001111 (
1"
#505694000
0"
#505735000
b100001110 (
1"
#505776000
0"
#505817000
b100001101 (
1"
#505858000
0"
#505899000
b100001100 (
1"
#505940000
0"
#505981000
b100001011 (
1"
#506022000
0"
#506063000
b100001010 (
1"
#506104000
0"
#506145000
b100001001 (
1"
#506186000
0"
#506227000
b100001000 (
1"
#506268000
0"
#506309000
b100000111 (
1"
#506350000
0"
#506391000
b100000110 (
1"
#506432000
0"
#506473000
b100000101 (
1"
#506514000
0"
#506555000
b100000100 (
1"
#506596000
0"
#506637000
b100000011 (
1"
#506678000
0"
#506719000
b100000010 (
1"
#506760000
0"
#506801000
b100000001 (
1"
#506842000
0"
#506883000
b100000000 (
1"
#506924000
0"
#506965000
b11111111 (
1"
#507006000
0"
#507047000
b11111110 (
1"
#507088000
0"
#507129000
b11111101 (
1"
#507170000
0"
#507211000
b11111100 (
1"
#507252000
0"
#507293000
b11111011 (
1"
#507334000
0"
#507375000
b11111010 (
1"
#507416000
0"
#507457000
b11111001 (
1"
#507498000
0"
#507539000
b11111000 (
1"
#507580000
0"
#507621000
b11110111 (
1"
#507662000
0"
#507703000
b11110110 (
1"
#507744000
0"
#507785000
b11110101 (
1"
#507826000
0"
#507867000
b11110100 (
1"
#507908000
0"
#507949000
b11110011 (
1"
#507990000
0"
#508031000
b11110010 (
1"
#508072000
0"
#508113000
b11110001 (
1"
#508154000
0"
#508195000
b11110000 (
1"
#508236000
0"
#508277000
b11101111 (
1"
#508318000
0"
#508359000
b11101110 (
1"
#508400000
0"
#508441000
b11101101 (
1"
#508482000
0"
#508523000
b11101100 (
1"
#508564000
0"
#508605000
b11101011 (
1"
#508646000
0"
#508687000
b11101010 (
1"
#508728000
0"
#508769000
b11101001 (
1"
#508810000
0"
#508851000
b11101000 (
1"
#508892000
0"
#508933000
b11100111 (
1"
#508974000
0"
#509015000
b11100110 (
1"
#509056000
0"
#509097000
b11100101 (
1"
#509138000
0"
#509179000
b11100100 (
1"
#509220000
0"
#509261000
b11100011 (
1"
#509302000
0"
#509343000
b11100010 (
1"
#509384000
0"
#509425000
b11100001 (
1"
#509466000
0"
#509507000
b11100000 (
1"
#509548000
0"
#509589000
b11011111 (
1"
#509630000
0"
#509671000
b11011110 (
1"
#509712000
0"
#509753000
b11011101 (
1"
#509794000
0"
#509835000
b11011100 (
1"
#509876000
0"
#509917000
b11011011 (
1"
#509958000
0"
#509999000
b11011010 (
1"
#510040000
0"
#510081000
b11011001 (
1"
#510122000
0"
#510163000
b11011000 (
1"
#510204000
0"
#510245000
b11010111 (
1"
#510286000
0"
#510327000
b11010110 (
1"
#510368000
0"
#510409000
b11010101 (
1"
#510450000
0"
#510491000
b11010100 (
1"
#510532000
0"
#510573000
b11010011 (
1"
#510614000
0"
#510655000
b11010010 (
1"
#510696000
0"
#510737000
b11010001 (
1"
#510778000
0"
#510819000
b11010000 (
1"
#510860000
0"
#510901000
b11001111 (
1"
#510942000
0"
#510983000
b11001110 (
1"
#511024000
0"
#511065000
b11001101 (
1"
#511106000
0"
#511147000
b11001100 (
1"
#511188000
0"
#511229000
b11001011 (
1"
#511270000
0"
#511311000
b11001010 (
1"
#511352000
0"
#511393000
b11001001 (
1"
#511434000
0"
#511475000
b11001000 (
1"
#511516000
0"
#511557000
b11000111 (
1"
#511598000
0"
#511639000
b11000110 (
1"
#511680000
0"
#511721000
b11000101 (
1"
#511762000
0"
#511803000
b11000100 (
1"
#511844000
0"
#511885000
b11000011 (
1"
#511926000
0"
#511967000
b11000010 (
1"
#512008000
0"
#512049000
b11000001 (
1"
#512090000
0"
#512131000
b11000000 (
1"
#512172000
0"
#512213000
b10111111 (
1"
#512254000
0"
#512295000
b10111110 (
1"
#512336000
0"
#512377000
b10111101 (
1"
#512418000
0"
#512459000
b10111100 (
1"
#512500000
0"
#512541000
b10111011 (
1"
#512582000
0"
#512623000
b10111010 (
1"
#512664000
0"
#512705000
b10111001 (
1"
#512746000
0"
#512787000
b10111000 (
1"
#512828000
0"
#512869000
b10110111 (
1"
#512910000
0"
#512951000
b10110110 (
1"
#512992000
0"
#513033000
b10110101 (
1"
#513074000
0"
#513115000
b10110100 (
1"
#513156000
0"
#513197000
b10110011 (
1"
#513238000
0"
#513279000
b10110010 (
1"
#513320000
0"
#513361000
b10110001 (
1"
#513402000
0"
#513443000
b10110000 (
1"
#513484000
0"
#513525000
b10101111 (
1"
#513566000
0"
#513607000
b10101110 (
1"
#513648000
0"
#513689000
b10101101 (
1"
#513730000
0"
#513771000
b10101100 (
1"
#513812000
0"
#513853000
b10101011 (
1"
#513894000
0"
#513935000
b10101010 (
1"
#513976000
0"
#514017000
b10101001 (
1"
#514058000
0"
#514099000
b10101000 (
1"
#514140000
0"
#514181000
b10100111 (
1"
#514222000
0"
#514263000
b10100110 (
1"
#514304000
0"
#514345000
b10100101 (
1"
#514386000
0"
#514427000
b10100100 (
1"
#514468000
0"
#514509000
b10100011 (
1"
#514550000
0"
#514591000
b10100010 (
1"
#514632000
0"
#514673000
b10100001 (
1"
#514714000
0"
#514755000
b10100000 (
1"
#514796000
0"
#514837000
b10011111 (
1"
#514878000
0"
#514919000
b10011110 (
1"
#514960000
0"
#515001000
b10011101 (
1"
#515042000
0"
#515083000
b10011100 (
1"
#515124000
0"
#515165000
b10011011 (
1"
#515206000
0"
#515247000
b10011010 (
1"
#515288000
0"
#515329000
b10011001 (
1"
#515370000
0"
#515411000
b10011000 (
1"
#515452000
0"
#515493000
b10010111 (
1"
#515534000
0"
#515575000
b10010110 (
1"
#515616000
0"
#515657000
b10010101 (
1"
#515698000
0"
#515739000
b10010100 (
1"
#515780000
0"
#515821000
b10010011 (
1"
#515862000
0"
#515903000
b10010010 (
1"
#515944000
0"
#515985000
b10010001 (
1"
#516026000
0"
#516067000
b10010000 (
1"
#516108000
0"
#516149000
b10001111 (
1"
#516190000
0"
#516231000
b10001110 (
1"
#516272000
0"
#516313000
b10001101 (
1"
#516354000
0"
#516395000
b10001100 (
1"
#516436000
0"
#516477000
b10001011 (
1"
#516518000
0"
#516559000
b10001010 (
1"
#516600000
0"
#516641000
b10001001 (
1"
#516682000
0"
#516723000
b10001000 (
1"
#516764000
0"
#516805000
b10000111 (
1"
#516846000
0"
#516887000
b10000110 (
1"
#516928000
0"
#516969000
b10000101 (
1"
#517010000
0"
#517051000
b10000100 (
1"
#517092000
0"
#517133000
b10000011 (
1"
#517174000
0"
#517215000
b10000010 (
1"
#517256000
0"
#517297000
b10000001 (
1"
#517338000
0"
#517379000
b10000000 (
1"
#517420000
0"
#517461000
b1111111 (
1"
#517502000
0"
#517543000
b1111110 (
1"
#517584000
0"
#517625000
b1111101 (
1"
#517666000
0"
#517707000
b1111100 (
1"
#517748000
0"
#517789000
b1111011 (
1"
#517830000
0"
#517871000
b1111010 (
1"
#517912000
0"
#517953000
b1111001 (
1"
#517994000
0"
#518035000
b1111000 (
1"
#518076000
0"
#518117000
b1110111 (
1"
#518158000
0"
#518199000
b1110110 (
1"
#518240000
0"
#518281000
b1110101 (
1"
#518322000
0"
#518363000
b1110100 (
1"
#518404000
0"
#518445000
b1110011 (
1"
#518486000
0"
#518527000
b1110010 (
1"
#518568000
0"
#518609000
b1110001 (
1"
#518650000
0"
#518691000
b1110000 (
1"
#518732000
0"
#518773000
b1101111 (
1"
#518814000
0"
#518855000
b1101110 (
1"
#518896000
0"
#518937000
b1101101 (
1"
#518978000
0"
#519019000
b1101100 (
1"
#519060000
0"
#519101000
b1101011 (
1"
#519142000
0"
#519183000
b1101010 (
1"
#519224000
0"
#519265000
b1101001 (
1"
#519306000
0"
#519347000
b1101000 (
1"
#519388000
0"
#519429000
b1100111 (
1"
#519470000
0"
#519511000
b1100110 (
1"
#519552000
0"
#519593000
b1100101 (
1"
#519634000
0"
#519675000
b1100100 (
1"
#519716000
0"
#519757000
b1100011 (
1"
#519798000
0"
#519839000
b1100010 (
1"
#519880000
0"
#519921000
b1100001 (
1"
#519962000
0"
#520003000
b1100000 (
1"
#520044000
0"
#520085000
b1011111 (
1"
#520126000
0"
#520167000
b1011110 (
1"
#520208000
0"
#520249000
b1011101 (
1"
#520290000
0"
#520331000
b1011100 (
1"
#520372000
0"
#520413000
b1011011 (
1"
#520454000
0"
#520495000
b1011010 (
1"
#520536000
0"
#520577000
b1011001 (
1"
#520618000
0"
#520659000
b1011000 (
1"
#520700000
0"
#520741000
b1010111 (
1"
#520782000
0"
#520823000
b1010110 (
1"
#520864000
0"
#520905000
b1010101 (
1"
#520946000
0"
#520987000
b1010100 (
1"
#521028000
0"
#521069000
b1010011 (
1"
#521110000
0"
#521151000
b1010010 (
1"
#521192000
0"
#521233000
b1010001 (
1"
#521274000
0"
#521315000
b1010000 (
1"
#521356000
0"
#521397000
b1001111 (
1"
#521438000
0"
#521479000
b1001110 (
1"
#521520000
0"
#521561000
b1001101 (
1"
#521602000
0"
#521643000
b1001100 (
1"
#521684000
0"
#521725000
b1001011 (
1"
#521766000
0"
#521807000
b1001010 (
1"
#521848000
0"
#521889000
b1001001 (
1"
#521930000
0"
#521971000
b1001000 (
1"
#522012000
0"
#522053000
b1000111 (
1"
#522094000
0"
#522135000
b1000110 (
1"
#522176000
0"
#522217000
b1000101 (
1"
#522258000
0"
#522299000
b1000100 (
1"
#522340000
0"
#522381000
b1000011 (
1"
#522422000
0"
#522463000
b1000010 (
1"
#522504000
0"
#522545000
b1000001 (
1"
#522586000
0"
#522627000
b1000000 (
1"
#522668000
0"
#522709000
b111111 (
1"
#522750000
0"
#522791000
b111110 (
1"
#522832000
0"
#522873000
b111101 (
1"
#522914000
0"
#522955000
b111100 (
1"
#522996000
0"
#523037000
b111011 (
1"
#523078000
0"
#523119000
b111010 (
1"
#523160000
0"
#523201000
b111001 (
1"
#523242000
0"
#523283000
b111000 (
1"
#523324000
0"
#523365000
b110111 (
1"
#523406000
0"
#523447000
b110110 (
1"
#523488000
0"
#523529000
b110101 (
1"
#523570000
0"
#523611000
b110100 (
1"
#523652000
0"
#523693000
b110011 (
1"
#523734000
0"
#523775000
b110010 (
1"
#523816000
0"
#523857000
b110001 (
1"
#523898000
0"
#523939000
b110000 (
1"
#523980000
0"
#524021000
b101111 (
1"
#524062000
0"
#524103000
b101110 (
1"
#524144000
0"
#524185000
b101101 (
1"
#524226000
0"
#524267000
b101100 (
1"
#524308000
0"
#524349000
b101011 (
1"
#524390000
0"
#524431000
b101010 (
1"
#524472000
0"
#524513000
b101001 (
1"
#524554000
0"
#524595000
b101000 (
1"
#524636000
0"
#524677000
b100111 (
1"
#524718000
0"
#524759000
b100110 (
1"
#524800000
0"
#524841000
b100101 (
1"
#524882000
0"
#524923000
b100100 (
1"
#524964000
0"
#525005000
b100011 (
1"
#525046000
0"
#525087000
b100010 (
1"
#525128000
0"
#525169000
b100001 (
1"
#525210000
0"
#525251000
b100000 (
1"
#525292000
0"
#525333000
b11111 (
1"
#525374000
0"
#525415000
b11110 (
1"
#525456000
0"
#525497000
b11101 (
1"
#525538000
0"
#525579000
b11100 (
1"
#525620000
0"
#525661000
b11011 (
1"
#525702000
0"
#525743000
b11010 (
1"
#525784000
0"
#525825000
b11001 (
1"
#525866000
0"
#525907000
b11000 (
1"
#525948000
0"
#525989000
b10111 (
1"
#526030000
0"
#526071000
b10110 (
1"
#526112000
0"
#526153000
b10101 (
1"
#526194000
0"
#526235000
b10100 (
1"
#526276000
0"
#526317000
b10011 (
1"
#526358000
0"
#526399000
b10010 (
1"
#526440000
0"
#526481000
b10001 (
1"
#526522000
0"
#526563000
b10000 (
1"
#526604000
0"
#526645000
b1111 (
1"
#526686000
0"
#526727000
b1110 (
1"
#526768000
0"
#526809000
b1101 (
1"
#526850000
0"
#526891000
b1100 (
1"
#526932000
0"
#526973000
b1011 (
1"
#527014000
0"
#527055000
b1010 (
1"
#527096000
0"
#527137000
b1001 (
1"
#527178000
0"
#527219000
b1000 (
1"
#527260000
0"
#527301000
b111 (
1"
#527342000
0"
#527383000
b110 (
1"
#527424000
0"
#527465000
b101 (
1"
#527506000
0"
#527547000
b100 (
1"
#527588000
0"
#527629000
b11 (
1"
#527670000
0"
#527711000
b10 (
1"
#527752000
0"
#527793000
b1 (
1"
#527834000
0"
#527875000
b0 (
1"
#527916000
0"
#527957000
b10000000111001010101 &
0!
b101001101 (
1"
#527998000
0"
#528039000
b101001100 (
1"
#528080000
0"
#528121000
b101001011 (
1"
#528162000
0"
#528203000
b101001010 (
1"
#528244000
0"
#528285000
b101001001 (
1"
#528326000
0"
#528367000
b101001000 (
1"
#528408000
0"
#528449000
b101000111 (
1"
#528490000
0"
#528531000
b101000110 (
1"
#528572000
0"
#528613000
b101000101 (
1"
#528654000
0"
#528695000
b101000100 (
1"
#528736000
0"
#528777000
b101000011 (
1"
#528818000
0"
#528859000
b101000010 (
1"
#528900000
0"
#528941000
b101000001 (
1"
#528982000
0"
#529023000
b101000000 (
1"
#529064000
0"
#529105000
b100111111 (
1"
#529146000
0"
#529187000
b100111110 (
1"
#529228000
0"
#529269000
b100111101 (
1"
#529310000
0"
#529351000
b100111100 (
1"
#529392000
0"
#529433000
b100111011 (
1"
#529474000
0"
#529515000
b100111010 (
1"
#529556000
0"
#529597000
b100111001 (
1"
#529638000
0"
#529679000
b100111000 (
1"
#529720000
0"
#529761000
b100110111 (
1"
#529802000
0"
#529843000
b100110110 (
1"
#529884000
0"
#529925000
b100110101 (
1"
#529966000
0"
#530007000
b100110100 (
1"
#530048000
0"
#530089000
b100110011 (
1"
#530130000
0"
#530171000
b100110010 (
1"
#530212000
0"
#530253000
b100110001 (
1"
#530294000
0"
#530335000
b100110000 (
1"
#530376000
0"
#530417000
b100101111 (
1"
#530458000
0"
#530499000
b100101110 (
1"
#530540000
0"
#530581000
b100101101 (
1"
#530622000
0"
#530663000
b100101100 (
1"
#530704000
0"
#530745000
b100101011 (
1"
#530786000
0"
#530827000
b100101010 (
1"
#530868000
0"
#530909000
b100101001 (
1"
#530950000
0"
#530991000
b100101000 (
1"
#531032000
0"
#531073000
b100100111 (
1"
#531114000
0"
#531155000
b100100110 (
1"
#531196000
0"
#531237000
b100100101 (
1"
#531278000
0"
#531319000
b100100100 (
1"
#531360000
0"
#531401000
b100100011 (
1"
#531442000
0"
#531483000
b100100010 (
1"
#531524000
0"
#531565000
b100100001 (
1"
#531606000
0"
#531647000
b100100000 (
1"
#531688000
0"
#531729000
b100011111 (
1"
#531770000
0"
#531811000
b100011110 (
1"
#531852000
0"
#531893000
b100011101 (
1"
#531934000
0"
#531975000
b100011100 (
1"
#532016000
0"
#532057000
b100011011 (
1"
#532098000
0"
#532139000
b100011010 (
1"
#532180000
0"
#532221000
b100011001 (
1"
#532262000
0"
#532303000
b100011000 (
1"
#532344000
0"
#532385000
b100010111 (
1"
#532426000
0"
#532467000
b100010110 (
1"
#532508000
0"
#532549000
b100010101 (
1"
#532590000
0"
#532631000
b100010100 (
1"
#532672000
0"
#532713000
b100010011 (
1"
#532754000
0"
#532795000
b100010010 (
1"
#532836000
0"
#532877000
b100010001 (
1"
#532918000
0"
#532959000
b100010000 (
1"
#533000000
0"
#533041000
b100001111 (
1"
#533082000
0"
#533123000
b100001110 (
1"
#533164000
0"
#533205000
b100001101 (
1"
#533246000
0"
#533287000
b100001100 (
1"
#533328000
0"
#533369000
b100001011 (
1"
#533410000
0"
#533451000
b100001010 (
1"
#533492000
0"
#533533000
b100001001 (
1"
#533574000
0"
#533615000
b100001000 (
1"
#533656000
0"
#533697000
b100000111 (
1"
#533738000
0"
#533779000
b100000110 (
1"
#533820000
0"
#533861000
b100000101 (
1"
#533902000
0"
#533943000
b100000100 (
1"
#533984000
0"
#534025000
b100000011 (
1"
#534066000
0"
#534107000
b100000010 (
1"
#534148000
0"
#534189000
b100000001 (
1"
#534230000
0"
#534271000
b100000000 (
1"
#534312000
0"
#534353000
b11111111 (
1"
#534394000
0"
#534435000
b11111110 (
1"
#534476000
0"
#534517000
b11111101 (
1"
#534558000
0"
#534599000
b11111100 (
1"
#534640000
0"
#534681000
b11111011 (
1"
#534722000
0"
#534763000
b11111010 (
1"
#534804000
0"
#534845000
b11111001 (
1"
#534886000
0"
#534927000
b11111000 (
1"
#534968000
0"
#535009000
b11110111 (
1"
#535050000
0"
#535091000
b11110110 (
1"
#535132000
0"
#535173000
b11110101 (
1"
#535214000
0"
#535255000
b11110100 (
1"
#535296000
0"
#535337000
b11110011 (
1"
#535378000
0"
#535419000
b11110010 (
1"
#535460000
0"
#535501000
b11110001 (
1"
#535542000
0"
#535583000
b11110000 (
1"
#535624000
0"
#535665000
b11101111 (
1"
#535706000
0"
#535747000
b11101110 (
1"
#535788000
0"
#535829000
b11101101 (
1"
#535870000
0"
#535911000
b11101100 (
1"
#535952000
0"
#535993000
b11101011 (
1"
#536034000
0"
#536075000
b11101010 (
1"
#536116000
0"
#536157000
b11101001 (
1"
#536198000
0"
#536239000
b11101000 (
1"
#536280000
0"
#536321000
b11100111 (
1"
#536362000
0"
#536403000
b11100110 (
1"
#536444000
0"
#536485000
b11100101 (
1"
#536526000
0"
#536567000
b11100100 (
1"
#536608000
0"
#536649000
b11100011 (
1"
#536690000
0"
#536731000
b11100010 (
1"
#536772000
0"
#536813000
b11100001 (
1"
#536854000
0"
#536895000
b11100000 (
1"
#536936000
0"
#536977000
b11011111 (
1"
#537018000
0"
#537059000
b11011110 (
1"
#537100000
0"
#537141000
b11011101 (
1"
#537182000
0"
#537223000
b11011100 (
1"
#537264000
0"
#537305000
b11011011 (
1"
#537346000
0"
#537387000
b11011010 (
1"
#537428000
0"
#537469000
b11011001 (
1"
#537510000
0"
#537551000
b11011000 (
1"
#537592000
0"
#537633000
b11010111 (
1"
#537674000
0"
#537715000
b11010110 (
1"
#537756000
0"
#537797000
b11010101 (
1"
#537838000
0"
#537879000
b11010100 (
1"
#537920000
0"
#537961000
b11010011 (
1"
#538002000
0"
#538043000
b11010010 (
1"
#538084000
0"
#538125000
b11010001 (
1"
#538166000
0"
#538207000
b11010000 (
1"
#538248000
0"
#538289000
b11001111 (
1"
#538330000
0"
#538371000
b11001110 (
1"
#538412000
0"
#538453000
b11001101 (
1"
#538494000
0"
#538535000
b11001100 (
1"
#538576000
0"
#538617000
b11001011 (
1"
#538658000
0"
#538699000
b11001010 (
1"
#538740000
0"
#538781000
b11001001 (
1"
#538822000
0"
#538863000
b11001000 (
1"
#538904000
0"
#538945000
b11000111 (
1"
#538986000
0"
#539027000
b11000110 (
1"
#539068000
0"
#539109000
b11000101 (
1"
#539150000
0"
#539191000
b11000100 (
1"
#539232000
0"
#539273000
b11000011 (
1"
#539314000
0"
#539355000
b11000010 (
1"
#539396000
0"
#539437000
b11000001 (
1"
#539478000
0"
#539519000
b11000000 (
1"
#539560000
0"
#539601000
b10111111 (
1"
#539642000
0"
#539683000
b10111110 (
1"
#539724000
0"
#539765000
b10111101 (
1"
#539806000
0"
#539847000
b10111100 (
1"
#539888000
0"
#539929000
b10111011 (
1"
#539970000
0"
#540011000
b10111010 (
1"
#540052000
0"
#540093000
b10111001 (
1"
#540134000
0"
#540175000
b10111000 (
1"
#540216000
0"
#540257000
b10110111 (
1"
#540298000
0"
#540339000
b10110110 (
1"
#540380000
0"
#540421000
b10110101 (
1"
#540462000
0"
#540503000
b10110100 (
1"
#540544000
0"
#540585000
b10110011 (
1"
#540626000
0"
#540667000
b10110010 (
1"
#540708000
0"
#540749000
b10110001 (
1"
#540790000
0"
#540831000
b10110000 (
1"
#540872000
0"
#540913000
b10101111 (
1"
#540954000
0"
#540995000
b10101110 (
1"
#541036000
0"
#541077000
b10101101 (
1"
#541118000
0"
#541159000
b10101100 (
1"
#541200000
0"
#541241000
b10101011 (
1"
#541282000
0"
#541323000
b10101010 (
1"
#541364000
0"
#541405000
b10101001 (
1"
#541446000
0"
#541487000
b10101000 (
1"
#541528000
0"
#541569000
b10100111 (
1"
#541610000
0"
#541651000
b10100110 (
1"
#541692000
0"
#541733000
b10100101 (
1"
#541774000
0"
#541815000
b10100100 (
1"
#541856000
0"
#541897000
b10100011 (
1"
#541938000
0"
#541979000
b10100010 (
1"
#542020000
0"
#542061000
b10100001 (
1"
#542102000
0"
#542143000
b10100000 (
1"
#542184000
0"
#542225000
b10011111 (
1"
#542266000
0"
#542307000
b10011110 (
1"
#542348000
0"
#542389000
b10011101 (
1"
#542430000
0"
#542471000
b10011100 (
1"
#542512000
0"
#542553000
b10011011 (
1"
#542594000
0"
#542635000
b10011010 (
1"
#542676000
0"
#542717000
b10011001 (
1"
#542758000
0"
#542799000
b10011000 (
1"
#542840000
0"
#542881000
b10010111 (
1"
#542922000
0"
#542963000
b10010110 (
1"
#543004000
0"
#543045000
b10010101 (
1"
#543086000
0"
#543127000
b10010100 (
1"
#543168000
0"
#543209000
b10010011 (
1"
#543250000
0"
#543291000
b10010010 (
1"
#543332000
0"
#543373000
b10010001 (
1"
#543414000
0"
#543455000
b10010000 (
1"
#543496000
0"
#543537000
b10001111 (
1"
#543578000
0"
#543619000
b10001110 (
1"
#543660000
0"
#543701000
b10001101 (
1"
#543742000
0"
#543783000
b10001100 (
1"
#543824000
0"
#543865000
b10001011 (
1"
#543906000
0"
#543947000
b10001010 (
1"
#543988000
0"
#544029000
b10001001 (
1"
#544070000
0"
#544111000
b10001000 (
1"
#544152000
0"
#544193000
b10000111 (
1"
#544234000
0"
#544275000
b10000110 (
1"
#544316000
0"
#544357000
b10000101 (
1"
#544398000
0"
#544439000
b10000100 (
1"
#544480000
0"
#544521000
b10000011 (
1"
#544562000
0"
#544603000
b10000010 (
1"
#544644000
0"
#544685000
b10000001 (
1"
#544726000
0"
#544767000
b10000000 (
1"
#544808000
0"
#544849000
b1111111 (
1"
#544890000
0"
#544931000
b1111110 (
1"
#544972000
0"
#545013000
b1111101 (
1"
#545054000
0"
#545095000
b1111100 (
1"
#545136000
0"
#545177000
b1111011 (
1"
#545218000
0"
#545259000
b1111010 (
1"
#545300000
0"
#545341000
b1111001 (
1"
#545382000
0"
#545423000
b1111000 (
1"
#545464000
0"
#545505000
b1110111 (
1"
#545546000
0"
#545587000
b1110110 (
1"
#545628000
0"
#545669000
b1110101 (
1"
#545710000
0"
#545751000
b1110100 (
1"
#545792000
0"
#545833000
b1110011 (
1"
#545874000
0"
#545915000
b1110010 (
1"
#545956000
0"
#545997000
b1110001 (
1"
#546038000
0"
#546079000
b1110000 (
1"
#546120000
0"
#546161000
b1101111 (
1"
#546202000
0"
#546243000
b1101110 (
1"
#546284000
0"
#546325000
b1101101 (
1"
#546366000
0"
#546407000
b1101100 (
1"
#546448000
0"
#546489000
b1101011 (
1"
#546530000
0"
#546571000
b1101010 (
1"
#546612000
0"
#546653000
b1101001 (
1"
#546694000
0"
#546735000
b1101000 (
1"
#546776000
0"
#546817000
b1100111 (
1"
#546858000
0"
#546899000
b1100110 (
1"
#546940000
0"
#546981000
b1100101 (
1"
#547022000
0"
#547063000
b1100100 (
1"
#547104000
0"
#547145000
b1100011 (
1"
#547186000
0"
#547227000
b1100010 (
1"
#547268000
0"
#547309000
b1100001 (
1"
#547350000
0"
#547391000
b1100000 (
1"
#547432000
0"
#547473000
b1011111 (
1"
#547514000
0"
#547555000
b1011110 (
1"
#547596000
0"
#547637000
b1011101 (
1"
#547678000
0"
#547719000
b1011100 (
1"
#547760000
0"
#547801000
b1011011 (
1"
#547842000
0"
#547883000
b1011010 (
1"
#547924000
0"
#547965000
b1011001 (
1"
#548006000
0"
#548047000
b1011000 (
1"
#548088000
0"
#548129000
b1010111 (
1"
#548170000
0"
#548211000
b1010110 (
1"
#548252000
0"
#548293000
b1010101 (
1"
#548334000
0"
#548375000
b1010100 (
1"
#548416000
0"
#548457000
b1010011 (
1"
#548498000
0"
#548539000
b1010010 (
1"
#548580000
0"
#548621000
b1010001 (
1"
#548662000
0"
#548703000
b1010000 (
1"
#548744000
0"
#548785000
b1001111 (
1"
#548826000
0"
#548867000
b1001110 (
1"
#548908000
0"
#548949000
b1001101 (
1"
#548990000
0"
#549031000
b1001100 (
1"
#549072000
0"
#549113000
b1001011 (
1"
#549154000
0"
#549195000
b1001010 (
1"
#549236000
0"
#549277000
b1001001 (
1"
#549318000
0"
#549359000
b1001000 (
1"
#549400000
0"
#549441000
b1000111 (
1"
#549482000
0"
#549523000
b1000110 (
1"
#549564000
0"
#549605000
b1000101 (
1"
#549646000
0"
#549687000
b1000100 (
1"
#549728000
0"
#549769000
b1000011 (
1"
#549810000
0"
#549851000
b1000010 (
1"
#549892000
0"
#549933000
b1000001 (
1"
#549974000
0"
#550015000
b1000000 (
1"
#550056000
0"
#550097000
b111111 (
1"
#550138000
0"
#550179000
b111110 (
1"
#550220000
0"
#550261000
b111101 (
1"
#550302000
0"
#550343000
b111100 (
1"
#550384000
0"
#550425000
b111011 (
1"
#550466000
0"
#550507000
b111010 (
1"
#550548000
0"
#550589000
b111001 (
1"
#550630000
0"
#550671000
b111000 (
1"
#550712000
0"
#550753000
b110111 (
1"
#550794000
0"
#550835000
b110110 (
1"
#550876000
0"
#550917000
b110101 (
1"
#550958000
0"
#550999000
b110100 (
1"
#551040000
0"
#551081000
b110011 (
1"
#551122000
0"
#551163000
b110010 (
1"
#551204000
0"
#551245000
b110001 (
1"
#551286000
0"
#551327000
b110000 (
1"
#551368000
0"
#551409000
b101111 (
1"
#551450000
0"
#551491000
b101110 (
1"
#551532000
0"
#551573000
b101101 (
1"
#551614000
0"
#551655000
b101100 (
1"
#551696000
0"
#551737000
b101011 (
1"
#551778000
0"
#551819000
b101010 (
1"
#551860000
0"
#551901000
b101001 (
1"
#551942000
0"
#551983000
b101000 (
1"
#552024000
0"
#552065000
b100111 (
1"
#552106000
0"
#552147000
b100110 (
1"
#552188000
0"
#552229000
b100101 (
1"
#552270000
0"
#552311000
b100100 (
1"
#552352000
0"
#552393000
b100011 (
1"
#552434000
0"
#552475000
b100010 (
1"
#552516000
0"
#552557000
b100001 (
1"
#552598000
0"
#552639000
b100000 (
1"
#552680000
0"
#552721000
b11111 (
1"
#552762000
0"
#552803000
b11110 (
1"
#552844000
0"
#552885000
b11101 (
1"
#552926000
0"
#552967000
b11100 (
1"
#553008000
0"
#553049000
b11011 (
1"
#553090000
0"
#553131000
b11010 (
1"
#553172000
0"
#553213000
b11001 (
1"
#553254000
0"
#553295000
b11000 (
1"
#553336000
0"
#553377000
b10111 (
1"
#553418000
0"
#553459000
b10110 (
1"
#553500000
0"
#553541000
b10101 (
1"
#553582000
0"
#553623000
b10100 (
1"
#553664000
0"
#553705000
b10011 (
1"
#553746000
0"
#553787000
b10010 (
1"
#553828000
0"
#553869000
b10001 (
1"
#553910000
0"
#553951000
b10000 (
1"
#553992000
0"
#554033000
b1111 (
1"
#554074000
0"
#554115000
b1110 (
1"
#554156000
0"
#554197000
b1101 (
1"
#554238000
0"
#554279000
b1100 (
1"
#554320000
0"
#554361000
b1011 (
1"
#554402000
0"
#554443000
b1010 (
1"
#554484000
0"
#554525000
b1001 (
1"
#554566000
0"
#554607000
b1000 (
1"
#554648000
0"
#554689000
b111 (
1"
#554730000
0"
#554771000
b110 (
1"
#554812000
0"
#554853000
b101 (
1"
#554894000
0"
#554935000
b100 (
1"
#554976000
0"
#555017000
b11 (
1"
#555058000
0"
#555099000
b10 (
1"
#555140000
0"
#555181000
b1 (
1"
#555222000
0"
#555263000
b0 (
1"
#555304000
0"
#555345000
b10000111100101010001 &
1!
b101001101 (
1"
#555386000
0"
#555427000
b101001100 (
1"
#555468000
0"
#555509000
b101001011 (
1"
#555550000
0"
#555591000
b101001010 (
1"
#555632000
0"
#555673000
b101001001 (
1"
#555714000
0"
#555755000
b101001000 (
1"
#555796000
0"
#555837000
b101000111 (
1"
#555878000
0"
#555919000
b101000110 (
1"
#555960000
0"
#556001000
b101000101 (
1"
#556042000
0"
#556083000
b101000100 (
1"
#556124000
0"
#556165000
b101000011 (
1"
#556206000
0"
#556247000
b101000010 (
1"
#556288000
0"
#556329000
b101000001 (
1"
#556370000
0"
#556411000
b101000000 (
1"
#556452000
0"
#556493000
b100111111 (
1"
#556534000
0"
#556575000
b100111110 (
1"
#556616000
0"
#556657000
b100111101 (
1"
#556698000
0"
#556739000
b100111100 (
1"
#556780000
0"
#556821000
b100111011 (
1"
#556862000
0"
#556903000
b100111010 (
1"
#556944000
0"
#556985000
b100111001 (
1"
#557026000
0"
#557067000
b100111000 (
1"
#557108000
0"
#557149000
b100110111 (
1"
#557190000
0"
#557231000
b100110110 (
1"
#557272000
0"
#557313000
b100110101 (
1"
#557354000
0"
#557395000
b100110100 (
1"
#557436000
0"
#557477000
b100110011 (
1"
#557518000
0"
#557559000
b100110010 (
1"
#557600000
0"
#557641000
b100110001 (
1"
#557682000
0"
#557723000
b100110000 (
1"
#557764000
0"
#557805000
b100101111 (
1"
#557846000
0"
#557887000
b100101110 (
1"
#557928000
0"
#557969000
b100101101 (
1"
#558010000
0"
#558051000
b100101100 (
1"
#558092000
0"
#558133000
b100101011 (
1"
#558174000
0"
#558215000
b100101010 (
1"
#558256000
0"
#558297000
b100101001 (
1"
#558338000
0"
#558379000
b100101000 (
1"
#558420000
0"
#558461000
b100100111 (
1"
#558502000
0"
#558543000
b100100110 (
1"
#558584000
0"
#558625000
b100100101 (
1"
#558666000
0"
#558707000
b100100100 (
1"
#558748000
0"
#558789000
b100100011 (
1"
#558830000
0"
#558871000
b100100010 (
1"
#558912000
0"
#558953000
b100100001 (
1"
#558994000
0"
#559035000
b100100000 (
1"
#559076000
0"
#559117000
b100011111 (
1"
#559158000
0"
#559199000
b100011110 (
1"
#559240000
0"
#559281000
b100011101 (
1"
#559322000
0"
#559363000
b100011100 (
1"
#559404000
0"
#559445000
b100011011 (
1"
#559486000
0"
#559527000
b100011010 (
1"
#559568000
0"
#559609000
b100011001 (
1"
#559650000
0"
#559691000
b100011000 (
1"
#559732000
0"
#559773000
b100010111 (
1"
#559814000
0"
#559855000
b100010110 (
1"
#559896000
0"
#559937000
b100010101 (
1"
#559978000
0"
#560019000
b100010100 (
1"
#560060000
0"
#560101000
b100010011 (
1"
#560142000
0"
#560183000
b100010010 (
1"
#560224000
0"
#560265000
b100010001 (
1"
#560306000
0"
#560347000
b100010000 (
1"
#560388000
0"
#560429000
b100001111 (
1"
#560470000
0"
#560511000
b100001110 (
1"
#560552000
0"
#560593000
b100001101 (
1"
#560634000
0"
#560675000
b100001100 (
1"
#560716000
0"
#560757000
b100001011 (
1"
#560798000
0"
#560839000
b100001010 (
1"
#560880000
0"
#560921000
b100001001 (
1"
#560962000
0"
#561003000
b100001000 (
1"
#561044000
0"
#561085000
b100000111 (
1"
#561126000
0"
#561167000
b100000110 (
1"
#561208000
0"
#561249000
b100000101 (
1"
#561290000
0"
#561331000
b100000100 (
1"
#561372000
0"
#561413000
b100000011 (
1"
#561454000
0"
#561495000
b100000010 (
1"
#561536000
0"
#561577000
b100000001 (
1"
#561618000
0"
#561659000
b100000000 (
1"
#561700000
0"
#561741000
b11111111 (
1"
#561782000
0"
#561823000
b11111110 (
1"
#561864000
0"
#561905000
b11111101 (
1"
#561946000
0"
#561987000
b11111100 (
1"
#562028000
0"
#562069000
b11111011 (
1"
#562110000
0"
#562151000
b11111010 (
1"
#562192000
0"
#562233000
b11111001 (
1"
#562274000
0"
#562315000
b11111000 (
1"
#562356000
0"
#562397000
b11110111 (
1"
#562438000
0"
#562479000
b11110110 (
1"
#562520000
0"
#562561000
b11110101 (
1"
#562602000
0"
#562643000
b11110100 (
1"
#562684000
0"
#562725000
b11110011 (
1"
#562766000
0"
#562807000
b11110010 (
1"
#562848000
0"
#562889000
b11110001 (
1"
#562930000
0"
#562971000
b11110000 (
1"
#563012000
0"
#563053000
b11101111 (
1"
#563094000
0"
#563135000
b11101110 (
1"
#563176000
0"
#563217000
b11101101 (
1"
#563258000
0"
#563299000
b11101100 (
1"
#563340000
0"
#563381000
b11101011 (
1"
#563422000
0"
#563463000
b11101010 (
1"
#563504000
0"
#563545000
b11101001 (
1"
#563586000
0"
#563627000
b11101000 (
1"
#563668000
0"
#563709000
b11100111 (
1"
#563750000
0"
#563791000
b11100110 (
1"
#563832000
0"
#563873000
b11100101 (
1"
#563914000
0"
#563955000
b11100100 (
1"
#563996000
0"
#564037000
b11100011 (
1"
#564078000
0"
#564119000
b11100010 (
1"
#564160000
0"
#564201000
b11100001 (
1"
#564242000
0"
#564283000
b11100000 (
1"
#564324000
0"
#564365000
b11011111 (
1"
#564406000
0"
#564447000
b11011110 (
1"
#564488000
0"
#564529000
b11011101 (
1"
#564570000
0"
#564611000
b11011100 (
1"
#564652000
0"
#564693000
b11011011 (
1"
#564734000
0"
#564775000
b11011010 (
1"
#564816000
0"
#564857000
b11011001 (
1"
#564898000
0"
#564939000
b11011000 (
1"
#564980000
0"
#565021000
b11010111 (
1"
#565062000
0"
#565103000
b11010110 (
1"
#565144000
0"
#565185000
b11010101 (
1"
#565226000
0"
#565267000
b11010100 (
1"
#565308000
0"
#565349000
b11010011 (
1"
#565390000
0"
#565431000
b11010010 (
1"
#565472000
0"
#565513000
b11010001 (
1"
#565554000
0"
#565595000
b11010000 (
1"
#565636000
0"
#565677000
b11001111 (
1"
#565718000
0"
#565759000
b11001110 (
1"
#565800000
0"
#565841000
b11001101 (
1"
#565882000
0"
#565923000
b11001100 (
1"
#565964000
0"
#566005000
b11001011 (
1"
#566046000
0"
#566087000
b11001010 (
1"
#566128000
0"
#566169000
b11001001 (
1"
#566210000
0"
#566251000
b11001000 (
1"
#566292000
0"
#566333000
b11000111 (
1"
#566374000
0"
#566415000
b11000110 (
1"
#566456000
0"
#566497000
b11000101 (
1"
#566538000
0"
#566579000
b11000100 (
1"
#566620000
0"
#566661000
b11000011 (
1"
#566702000
0"
#566743000
b11000010 (
1"
#566784000
0"
#566825000
b11000001 (
1"
#566866000
0"
#566907000
b11000000 (
1"
#566948000
0"
#566989000
b10111111 (
1"
#567030000
0"
#567071000
b10111110 (
1"
#567112000
0"
#567153000
b10111101 (
1"
#567194000
0"
#567235000
b10111100 (
1"
#567276000
0"
#567317000
b10111011 (
1"
#567358000
0"
#567399000
b10111010 (
1"
#567440000
0"
#567481000
b10111001 (
1"
#567522000
0"
#567563000
b10111000 (
1"
#567604000
0"
#567645000
b10110111 (
1"
#567686000
0"
#567727000
b10110110 (
1"
#567768000
0"
#567809000
b10110101 (
1"
#567850000
0"
#567891000
b10110100 (
1"
#567932000
0"
#567973000
b10110011 (
1"
#568014000
0"
#568055000
b10110010 (
1"
#568096000
0"
#568137000
b10110001 (
1"
#568178000
0"
#568219000
b10110000 (
1"
#568260000
0"
#568301000
b10101111 (
1"
#568342000
0"
#568383000
b10101110 (
1"
#568424000
0"
#568465000
b10101101 (
1"
#568506000
0"
#568547000
b10101100 (
1"
#568588000
0"
#568629000
b10101011 (
1"
#568670000
0"
#568711000
b10101010 (
1"
#568752000
0"
#568793000
b10101001 (
1"
#568834000
0"
#568875000
b10101000 (
1"
#568916000
0"
#568957000
b10100111 (
1"
#568998000
0"
#569039000
b10100110 (
1"
#569080000
0"
#569121000
b10100101 (
1"
#569162000
0"
#569203000
b10100100 (
1"
#569244000
0"
#569285000
b10100011 (
1"
#569326000
0"
#569367000
b10100010 (
1"
#569408000
0"
#569449000
b10100001 (
1"
#569490000
0"
#569531000
b10100000 (
1"
#569572000
0"
#569613000
b10011111 (
1"
#569654000
0"
#569695000
b10011110 (
1"
#569736000
0"
#569777000
b10011101 (
1"
#569818000
0"
#569859000
b10011100 (
1"
#569900000
0"
#569941000
b10011011 (
1"
#569982000
0"
#570023000
b10011010 (
1"
#570064000
0"
#570105000
b10011001 (
1"
#570146000
0"
#570187000
b10011000 (
1"
#570228000
0"
#570269000
b10010111 (
1"
#570310000
0"
#570351000
b10010110 (
1"
#570392000
0"
#570433000
b10010101 (
1"
#570474000
0"
#570515000
b10010100 (
1"
#570556000
0"
#570597000
b10010011 (
1"
#570638000
0"
#570679000
b10010010 (
1"
#570720000
0"
#570761000
b10010001 (
1"
#570802000
0"
#570843000
b10010000 (
1"
#570884000
0"
#570925000
b10001111 (
1"
#570966000
0"
#571007000
b10001110 (
1"
#571048000
0"
#571089000
b10001101 (
1"
#571130000
0"
#571171000
b10001100 (
1"
#571212000
0"
#571253000
b10001011 (
1"
#571294000
0"
#571335000
b10001010 (
1"
#571376000
0"
#571417000
b10001001 (
1"
#571458000
0"
#571499000
b10001000 (
1"
#571540000
0"
#571581000
b10000111 (
1"
#571622000
0"
#571663000
b10000110 (
1"
#571704000
0"
#571745000
b10000101 (
1"
#571786000
0"
#571827000
b10000100 (
1"
#571868000
0"
#571909000
b10000011 (
1"
#571950000
0"
#571991000
b10000010 (
1"
#572032000
0"
#572073000
b10000001 (
1"
#572114000
0"
#572155000
b10000000 (
1"
#572196000
0"
#572237000
b1111111 (
1"
#572278000
0"
#572319000
b1111110 (
1"
#572360000
0"
#572401000
b1111101 (
1"
#572442000
0"
#572483000
b1111100 (
1"
#572524000
0"
#572565000
b1111011 (
1"
#572606000
0"
#572647000
b1111010 (
1"
#572688000
0"
#572729000
b1111001 (
1"
#572770000
0"
#572811000
b1111000 (
1"
#572852000
0"
#572893000
b1110111 (
1"
#572934000
0"
#572975000
b1110110 (
1"
#573016000
0"
#573057000
b1110101 (
1"
#573098000
0"
#573139000
b1110100 (
1"
#573180000
0"
#573221000
b1110011 (
1"
#573262000
0"
#573303000
b1110010 (
1"
#573344000
0"
#573385000
b1110001 (
1"
#573426000
0"
#573467000
b1110000 (
1"
#573508000
0"
#573549000
b1101111 (
1"
#573590000
0"
#573631000
b1101110 (
1"
#573672000
0"
#573713000
b1101101 (
1"
#573754000
0"
#573795000
b1101100 (
1"
#573836000
0"
#573877000
b1101011 (
1"
#573918000
0"
#573959000
b1101010 (
1"
#574000000
0"
#574041000
b1101001 (
1"
#574082000
0"
#574123000
b1101000 (
1"
#574164000
0"
#574205000
b1100111 (
1"
#574246000
0"
#574287000
b1100110 (
1"
#574328000
0"
#574369000
b1100101 (
1"
#574410000
0"
#574451000
b1100100 (
1"
#574492000
0"
#574533000
b1100011 (
1"
#574574000
0"
#574615000
b1100010 (
1"
#574656000
0"
#574697000
b1100001 (
1"
#574738000
0"
#574779000
b1100000 (
1"
#574820000
0"
#574861000
b1011111 (
1"
#574902000
0"
#574943000
b1011110 (
1"
#574984000
0"
#575025000
b1011101 (
1"
#575066000
0"
#575107000
b1011100 (
1"
#575148000
0"
#575189000
b1011011 (
1"
#575230000
0"
#575271000
b1011010 (
1"
#575312000
0"
#575353000
b1011001 (
1"
#575394000
0"
#575435000
b1011000 (
1"
#575476000
0"
#575517000
b1010111 (
1"
#575558000
0"
#575599000
b1010110 (
1"
#575640000
0"
#575681000
b1010101 (
1"
#575722000
0"
#575763000
b1010100 (
1"
#575804000
0"
#575845000
b1010011 (
1"
#575886000
0"
#575927000
b1010010 (
1"
#575968000
0"
#576009000
b1010001 (
1"
#576050000
0"
#576091000
b1010000 (
1"
#576132000
0"
#576173000
b1001111 (
1"
#576214000
0"
#576255000
b1001110 (
1"
#576296000
0"
#576337000
b1001101 (
1"
#576378000
0"
#576419000
b1001100 (
1"
#576460000
0"
#576501000
b1001011 (
1"
#576542000
0"
#576583000
b1001010 (
1"
#576624000
0"
#576665000
b1001001 (
1"
#576706000
0"
#576747000
b1001000 (
1"
#576788000
0"
#576829000
b1000111 (
1"
#576870000
0"
#576911000
b1000110 (
1"
#576952000
0"
#576993000
b1000101 (
1"
#577034000
0"
#577075000
b1000100 (
1"
#577116000
0"
#577157000
b1000011 (
1"
#577198000
0"
#577239000
b1000010 (
1"
#577280000
0"
#577321000
b1000001 (
1"
#577362000
0"
#577403000
b1000000 (
1"
#577444000
0"
#577485000
b111111 (
1"
#577526000
0"
#577567000
b111110 (
1"
#577608000
0"
#577649000
b111101 (
1"
#577690000
0"
#577731000
b111100 (
1"
#577772000
0"
#577813000
b111011 (
1"
#577854000
0"
#577895000
b111010 (
1"
#577936000
0"
#577977000
b111001 (
1"
#578018000
0"
#578059000
b111000 (
1"
#578100000
0"
#578141000
b110111 (
1"
#578182000
0"
#578223000
b110110 (
1"
#578264000
0"
#578305000
b110101 (
1"
#578346000
0"
#578387000
b110100 (
1"
#578428000
0"
#578469000
b110011 (
1"
#578510000
0"
#578551000
b110010 (
1"
#578592000
0"
#578633000
b110001 (
1"
#578674000
0"
#578715000
b110000 (
1"
#578756000
0"
#578797000
b101111 (
1"
#578838000
0"
#578879000
b101110 (
1"
#578920000
0"
#578961000
b101101 (
1"
#579002000
0"
#579043000
b101100 (
1"
#579084000
0"
#579125000
b101011 (
1"
#579166000
0"
#579207000
b101010 (
1"
#579248000
0"
#579289000
b101001 (
1"
#579330000
0"
#579371000
b101000 (
1"
#579412000
0"
#579453000
b100111 (
1"
#579494000
0"
#579535000
b100110 (
1"
#579576000
0"
#579617000
b100101 (
1"
#579658000
0"
#579699000
b100100 (
1"
#579740000
0"
#579781000
b100011 (
1"
#579822000
0"
#579863000
b100010 (
1"
#579904000
0"
#579945000
b100001 (
1"
#579986000
0"
#580027000
b100000 (
1"
#580068000
0"
#580109000
b11111 (
1"
#580150000
0"
#580191000
b11110 (
1"
#580232000
0"
#580273000
b11101 (
1"
#580314000
0"
#580355000
b11100 (
1"
#580396000
0"
#580437000
b11011 (
1"
#580478000
0"
#580519000
b11010 (
1"
#580560000
0"
#580601000
b11001 (
1"
#580642000
0"
#580683000
b11000 (
1"
#580724000
0"
#580765000
b10111 (
1"
#580806000
0"
#580847000
b10110 (
1"
#580888000
0"
#580929000
b10101 (
1"
#580970000
0"
#581011000
b10100 (
1"
#581052000
0"
#581093000
b10011 (
1"
#581134000
0"
#581175000
b10010 (
1"
#581216000
0"
#581257000
b10001 (
1"
#581298000
0"
#581339000
b10000 (
1"
#581380000
0"
#581421000
b1111 (
1"
#581462000
0"
#581503000
b1110 (
1"
#581544000
0"
#581585000
b1101 (
1"
#581626000
0"
#581667000
b1100 (
1"
#581708000
0"
#581749000
b1011 (
1"
#581790000
0"
#581831000
b1010 (
1"
#581872000
0"
#581913000
b1001 (
1"
#581954000
0"
#581995000
b1000 (
1"
#582036000
0"
#582077000
b111 (
1"
#582118000
0"
#582159000
b110 (
1"
#582200000
0"
#582241000
b101 (
1"
#582282000
0"
#582323000
b100 (
1"
#582364000
0"
#582405000
b11 (
1"
#582446000
0"
#582487000
b10 (
1"
#582528000
0"
#582569000
b1 (
1"
#582610000
0"
#582651000
b0 (
1"
#582692000
0"
#582733000
b10001110010001001101 &
0!
b101001101 (
1"
#582774000
0"
#582815000
b101001100 (
1"
#582856000
0"
#582897000
b101001011 (
1"
#582938000
0"
#582979000
b101001010 (
1"
#583020000
0"
#583061000
b101001001 (
1"
#583102000
0"
#583143000
b101001000 (
1"
#583184000
0"
#583225000
b101000111 (
1"
#583266000
0"
#583307000
b101000110 (
1"
#583348000
0"
#583389000
b101000101 (
1"
#583430000
0"
#583471000
b101000100 (
1"
#583512000
0"
#583553000
b101000011 (
1"
#583594000
0"
#583635000
b101000010 (
1"
#583676000
0"
#583717000
b101000001 (
1"
#583758000
0"
#583799000
b101000000 (
1"
#583840000
0"
#583881000
b100111111 (
1"
#583922000
0"
#583963000
b100111110 (
1"
#584004000
0"
#584045000
b100111101 (
1"
#584086000
0"
#584127000
b100111100 (
1"
#584168000
0"
#584209000
b100111011 (
1"
#584250000
0"
#584291000
b100111010 (
1"
#584332000
0"
#584373000
b100111001 (
1"
#584414000
0"
#584455000
b100111000 (
1"
#584496000
0"
#584537000
b100110111 (
1"
#584578000
0"
#584619000
b100110110 (
1"
#584660000
0"
#584701000
b100110101 (
1"
#584742000
0"
#584783000
b100110100 (
1"
#584824000
0"
#584865000
b100110011 (
1"
#584906000
0"
#584947000
b100110010 (
1"
#584988000
0"
#585029000
b100110001 (
1"
#585070000
0"
#585111000
b100110000 (
1"
#585152000
0"
#585193000
b100101111 (
1"
#585234000
0"
#585275000
b100101110 (
1"
#585316000
0"
#585357000
b100101101 (
1"
#585398000
0"
#585439000
b100101100 (
1"
#585480000
0"
#585521000
b100101011 (
1"
#585562000
0"
#585603000
b100101010 (
1"
#585644000
0"
#585685000
b100101001 (
1"
#585726000
0"
#585767000
b100101000 (
1"
#585808000
0"
#585849000
b100100111 (
1"
#585890000
0"
#585931000
b100100110 (
1"
#585972000
0"
#586013000
b100100101 (
1"
#586054000
0"
#586095000
b100100100 (
1"
#586136000
0"
#586177000
b100100011 (
1"
#586218000
0"
#586259000
b100100010 (
1"
#586300000
0"
#586341000
b100100001 (
1"
#586382000
0"
#586423000
b100100000 (
1"
#586464000
0"
#586505000
b100011111 (
1"
#586546000
0"
#586587000
b100011110 (
1"
#586628000
0"
#586669000
b100011101 (
1"
#586710000
0"
#586751000
b100011100 (
1"
#586792000
0"
#586833000
b100011011 (
1"
#586874000
0"
#586915000
b100011010 (
1"
#586956000
0"
#586997000
b100011001 (
1"
#587038000
0"
#587079000
b100011000 (
1"
#587120000
0"
#587161000
b100010111 (
1"
#587202000
0"
#587243000
b100010110 (
1"
#587284000
0"
#587325000
b100010101 (
1"
#587366000
0"
#587407000
b100010100 (
1"
#587448000
0"
#587489000
b100010011 (
1"
#587530000
0"
#587571000
b100010010 (
1"
#587612000
0"
#587653000
b100010001 (
1"
#587694000
0"
#587735000
b100010000 (
1"
#587776000
0"
#587817000
b100001111 (
1"
#587858000
0"
#587899000
b100001110 (
1"
#587940000
0"
#587981000
b100001101 (
1"
#588022000
0"
#588063000
b100001100 (
1"
#588104000
0"
#588145000
b100001011 (
1"
#588186000
0"
#588227000
b100001010 (
1"
#588268000
0"
#588309000
b100001001 (
1"
#588350000
0"
#588391000
b100001000 (
1"
#588432000
0"
#588473000
b100000111 (
1"
#588514000
0"
#588555000
b100000110 (
1"
#588596000
0"
#588637000
b100000101 (
1"
#588678000
0"
#588719000
b100000100 (
1"
#588760000
0"
#588801000
b100000011 (
1"
#588842000
0"
#588883000
b100000010 (
1"
#588924000
0"
#588965000
b100000001 (
1"
#589006000
0"
#589047000
b100000000 (
1"
#589088000
0"
#589129000
b11111111 (
1"
#589170000
0"
#589211000
b11111110 (
1"
#589252000
0"
#589293000
b11111101 (
1"
#589334000
0"
#589375000
b11111100 (
1"
#589416000
0"
#589457000
b11111011 (
1"
#589498000
0"
#589539000
b11111010 (
1"
#589580000
0"
#589621000
b11111001 (
1"
#589662000
0"
#589703000
b11111000 (
1"
#589744000
0"
#589785000
b11110111 (
1"
#589826000
0"
#589867000
b11110110 (
1"
#589908000
0"
#589949000
b11110101 (
1"
#589990000
0"
#590031000
b11110100 (
1"
#590072000
0"
#590113000
b11110011 (
1"
#590154000
0"
#590195000
b11110010 (
1"
#590236000
0"
#590277000
b11110001 (
1"
#590318000
0"
#590359000
b11110000 (
1"
#590400000
0"
#590441000
b11101111 (
1"
#590482000
0"
#590523000
b11101110 (
1"
#590564000
0"
#590605000
b11101101 (
1"
#590646000
0"
#590687000
b11101100 (
1"
#590728000
0"
#590769000
b11101011 (
1"
#590810000
0"
#590851000
b11101010 (
1"
#590892000
0"
#590933000
b11101001 (
1"
#590974000
0"
#591015000
b11101000 (
1"
#591056000
0"
#591097000
b11100111 (
1"
#591138000
0"
#591179000
b11100110 (
1"
#591220000
0"
#591261000
b11100101 (
1"
#591302000
0"
#591343000
b11100100 (
1"
#591384000
0"
#591425000
b11100011 (
1"
#591466000
0"
#591507000
b11100010 (
1"
#591548000
0"
#591589000
b11100001 (
1"
#591630000
0"
#591671000
b11100000 (
1"
#591712000
0"
#591753000
b11011111 (
1"
#591794000
0"
#591835000
b11011110 (
1"
#591876000
0"
#591917000
b11011101 (
1"
#591958000
0"
#591999000
b11011100 (
1"
#592040000
0"
#592081000
b11011011 (
1"
#592122000
0"
#592163000
b11011010 (
1"
#592204000
0"
#592245000
b11011001 (
1"
#592286000
0"
#592327000
b11011000 (
1"
#592368000
0"
#592409000
b11010111 (
1"
#592450000
0"
#592491000
b11010110 (
1"
#592532000
0"
#592573000
b11010101 (
1"
#592614000
0"
#592655000
b11010100 (
1"
#592696000
0"
#592737000
b11010011 (
1"
#592778000
0"
#592819000
b11010010 (
1"
#592860000
0"
#592901000
b11010001 (
1"
#592942000
0"
#592983000
b11010000 (
1"
#593024000
0"
#593065000
b11001111 (
1"
#593106000
0"
#593147000
b11001110 (
1"
#593188000
0"
#593229000
b11001101 (
1"
#593270000
0"
#593311000
b11001100 (
1"
#593352000
0"
#593393000
b11001011 (
1"
#593434000
0"
#593475000
b11001010 (
1"
#593516000
0"
#593557000
b11001001 (
1"
#593598000
0"
#593639000
b11001000 (
1"
#593680000
0"
#593721000
b11000111 (
1"
#593762000
0"
#593803000
b11000110 (
1"
#593844000
0"
#593885000
b11000101 (
1"
#593926000
0"
#593967000
b11000100 (
1"
#594008000
0"
#594049000
b11000011 (
1"
#594090000
0"
#594131000
b11000010 (
1"
#594172000
0"
#594213000
b11000001 (
1"
#594254000
0"
#594295000
b11000000 (
1"
#594336000
0"
#594377000
b10111111 (
1"
#594418000
0"
#594459000
b10111110 (
1"
#594500000
0"
#594541000
b10111101 (
1"
#594582000
0"
#594623000
b10111100 (
1"
#594664000
0"
#594705000
b10111011 (
1"
#594746000
0"
#594787000
b10111010 (
1"
#594828000
0"
#594869000
b10111001 (
1"
#594910000
0"
#594951000
b10111000 (
1"
#594992000
0"
#595033000
b10110111 (
1"
#595074000
0"
#595115000
b10110110 (
1"
#595156000
0"
#595197000
b10110101 (
1"
#595238000
0"
#595279000
b10110100 (
1"
#595320000
0"
#595361000
b10110011 (
1"
#595402000
0"
#595443000
b10110010 (
1"
#595484000
0"
#595525000
b10110001 (
1"
#595566000
0"
#595607000
b10110000 (
1"
#595648000
0"
#595689000
b10101111 (
1"
#595730000
0"
#595771000
b10101110 (
1"
#595812000
0"
#595853000
b10101101 (
1"
#595894000
0"
#595935000
b10101100 (
1"
#595976000
0"
#596017000
b10101011 (
1"
#596058000
0"
#596099000
b10101010 (
1"
#596140000
0"
#596181000
b10101001 (
1"
#596222000
0"
#596263000
b10101000 (
1"
#596304000
0"
#596345000
b10100111 (
1"
#596386000
0"
#596427000
b10100110 (
1"
#596468000
0"
#596509000
b10100101 (
1"
#596550000
0"
#596591000
b10100100 (
1"
#596632000
0"
#596673000
b10100011 (
1"
#596714000
0"
#596755000
b10100010 (
1"
#596796000
0"
#596837000
b10100001 (
1"
#596878000
0"
#596919000
b10100000 (
1"
#596960000
0"
#597001000
b10011111 (
1"
#597042000
0"
#597083000
b10011110 (
1"
#597124000
0"
#597165000
b10011101 (
1"
#597206000
0"
#597247000
b10011100 (
1"
#597288000
0"
#597329000
b10011011 (
1"
#597370000
0"
#597411000
b10011010 (
1"
#597452000
0"
#597493000
b10011001 (
1"
#597534000
0"
#597575000
b10011000 (
1"
#597616000
0"
#597657000
b10010111 (
1"
#597698000
0"
#597739000
b10010110 (
1"
#597780000
0"
#597821000
b10010101 (
1"
#597862000
0"
#597903000
b10010100 (
1"
#597944000
0"
#597985000
b10010011 (
1"
#598026000
0"
#598067000
b10010010 (
1"
#598108000
0"
#598149000
b10010001 (
1"
#598190000
0"
#598231000
b10010000 (
1"
#598272000
0"
#598313000
b10001111 (
1"
#598354000
0"
#598395000
b10001110 (
1"
#598436000
0"
#598477000
b10001101 (
1"
#598518000
0"
#598559000
b10001100 (
1"
#598600000
0"
#598641000
b10001011 (
1"
#598682000
0"
#598723000
b10001010 (
1"
#598764000
0"
#598805000
b10001001 (
1"
#598846000
0"
#598887000
b10001000 (
1"
#598928000
0"
#598969000
b10000111 (
1"
#599010000
0"
#599051000
b10000110 (
1"
#599092000
0"
#599133000
b10000101 (
1"
#599174000
0"
#599215000
b10000100 (
1"
#599256000
0"
#599297000
b10000011 (
1"
#599338000
0"
#599379000
b10000010 (
1"
#599420000
0"
#599461000
b10000001 (
1"
#599502000
0"
#599543000
b10000000 (
1"
#599584000
0"
#599625000
b1111111 (
1"
#599666000
0"
#599707000
b1111110 (
1"
#599748000
0"
#599789000
b1111101 (
1"
#599830000
0"
#599871000
b1111100 (
1"
#599912000
0"
#599953000
b1111011 (
1"
#599994000
0"
#600035000
b1111010 (
1"
#600076000
0"
#600117000
b1111001 (
1"
#600158000
0"
#600199000
b1111000 (
1"
#600240000
0"
#600281000
b1110111 (
1"
#600322000
0"
#600363000
b1110110 (
1"
#600404000
0"
#600445000
b1110101 (
1"
#600486000
0"
#600527000
b1110100 (
1"
#600568000
0"
#600609000
b1110011 (
1"
#600650000
0"
#600691000
b1110010 (
1"
#600732000
0"
#600773000
b1110001 (
1"
#600814000
0"
#600855000
b1110000 (
1"
#600896000
0"
#600937000
b1101111 (
1"
#600978000
0"
#601019000
b1101110 (
1"
#601060000
0"
#601101000
b1101101 (
1"
#601142000
0"
#601183000
b1101100 (
1"
#601224000
0"
#601265000
b1101011 (
1"
#601306000
0"
#601347000
b1101010 (
1"
#601388000
0"
#601429000
b1101001 (
1"
#601470000
0"
#601511000
b1101000 (
1"
#601552000
0"
#601593000
b1100111 (
1"
#601634000
0"
#601675000
b1100110 (
1"
#601716000
0"
#601757000
b1100101 (
1"
#601798000
0"
#601839000
b1100100 (
1"
#601880000
0"
#601921000
b1100011 (
1"
#601962000
0"
#602003000
b1100010 (
1"
#602044000
0"
#602085000
b1100001 (
1"
#602126000
0"
#602167000
b1100000 (
1"
#602208000
0"
#602249000
b1011111 (
1"
#602290000
0"
#602331000
b1011110 (
1"
#602372000
0"
#602413000
b1011101 (
1"
#602454000
0"
#602495000
b1011100 (
1"
#602536000
0"
#602577000
b1011011 (
1"
#602618000
0"
#602659000
b1011010 (
1"
#602700000
0"
#602741000
b1011001 (
1"
#602782000
0"
#602823000
b1011000 (
1"
#602864000
0"
#602905000
b1010111 (
1"
#602946000
0"
#602987000
b1010110 (
1"
#603028000
0"
#603069000
b1010101 (
1"
#603110000
0"
#603151000
b1010100 (
1"
#603192000
0"
#603233000
b1010011 (
1"
#603274000
0"
#603315000
b1010010 (
1"
#603356000
0"
#603397000
b1010001 (
1"
#603438000
0"
#603479000
b1010000 (
1"
#603520000
0"
#603561000
b1001111 (
1"
#603602000
0"
#603643000
b1001110 (
1"
#603684000
0"
#603725000
b1001101 (
1"
#603766000
0"
#603807000
b1001100 (
1"
#603848000
0"
#603889000
b1001011 (
1"
#603930000
0"
#603971000
b1001010 (
1"
#604012000
0"
#604053000
b1001001 (
1"
#604094000
0"
#604135000
b1001000 (
1"
#604176000
0"
#604217000
b1000111 (
1"
#604258000
0"
#604299000
b1000110 (
1"
#604340000
0"
#604381000
b1000101 (
1"
#604422000
0"
#604463000
b1000100 (
1"
#604504000
0"
#604545000
b1000011 (
1"
#604586000
0"
#604627000
b1000010 (
1"
#604668000
0"
#604709000
b1000001 (
1"
#604750000
0"
#604791000
b1000000 (
1"
#604832000
0"
#604873000
b111111 (
1"
#604914000
0"
#604955000
b111110 (
1"
#604996000
0"
#605037000
b111101 (
1"
#605078000
0"
#605119000
b111100 (
1"
#605160000
0"
#605201000
b111011 (
1"
#605242000
0"
#605283000
b111010 (
1"
#605324000
0"
#605365000
b111001 (
1"
#605406000
0"
#605447000
b111000 (
1"
#605488000
0"
#605529000
b110111 (
1"
#605570000
0"
#605611000
b110110 (
1"
#605652000
0"
#605693000
b110101 (
1"
#605734000
0"
#605775000
b110100 (
1"
#605816000
0"
#605857000
b110011 (
1"
#605898000
0"
#605939000
b110010 (
1"
#605980000
0"
#606021000
b110001 (
1"
#606062000
0"
#606103000
b110000 (
1"
#606144000
0"
#606185000
b101111 (
1"
#606226000
0"
#606267000
b101110 (
1"
#606308000
0"
#606349000
b101101 (
1"
#606390000
0"
#606431000
b101100 (
1"
#606472000
0"
#606513000
b101011 (
1"
#606554000
0"
#606595000
b101010 (
1"
#606636000
0"
#606677000
b101001 (
1"
#606718000
0"
#606759000
b101000 (
1"
#606800000
0"
#606841000
b100111 (
1"
#606882000
0"
#606923000
b100110 (
1"
#606964000
0"
#607005000
b100101 (
1"
#607046000
0"
#607087000
b100100 (
1"
#607128000
0"
#607169000
b100011 (
1"
#607210000
0"
#607251000
b100010 (
1"
#607292000
0"
#607333000
b100001 (
1"
#607374000
0"
#607415000
b100000 (
1"
#607456000
0"
#607497000
b11111 (
1"
#607538000
0"
#607579000
b11110 (
1"
#607620000
0"
#607661000
b11101 (
1"
#607702000
0"
#607743000
b11100 (
1"
#607784000
0"
#607825000
b11011 (
1"
#607866000
0"
#607907000
b11010 (
1"
#607948000
0"
#607989000
b11001 (
1"
#608030000
0"
#608071000
b11000 (
1"
#608112000
0"
#608153000
b10111 (
1"
#608194000
0"
#608235000
b10110 (
1"
#608276000
0"
#608317000
b10101 (
1"
#608358000
0"
#608399000
b10100 (
1"
#608440000
0"
#608481000
b10011 (
1"
#608522000
0"
#608563000
b10010 (
1"
#608604000
0"
#608645000
b10001 (
1"
#608686000
0"
#608727000
b10000 (
1"
#608768000
0"
#608809000
b1111 (
1"
#608850000
0"
#608891000
b1110 (
1"
#608932000
0"
#608973000
b1101 (
1"
#609014000
0"
#609055000
b1100 (
1"
#609096000
0"
#609137000
b1011 (
1"
#609178000
0"
#609219000
b1010 (
1"
#609260000
0"
#609301000
b1001 (
1"
#609342000
0"
#609383000
b1000 (
1"
#609424000
0"
#609465000
b111 (
1"
#609506000
0"
#609547000
b110 (
1"
#609588000
0"
#609629000
b101 (
1"
#609670000
0"
#609711000
b100 (
1"
#609752000
0"
#609793000
b11 (
1"
#609834000
0"
#609875000
b10 (
1"
#609916000
0"
#609957000
b1 (
1"
#609998000
0"
#610039000
b0 (
1"
#610080000
0"
#610121000
b10010100111101001001 &
1!
b101001101 (
1"
#610162000
0"
#610203000
b101001100 (
1"
#610244000
0"
#610285000
b101001011 (
1"
#610326000
0"
#610367000
b101001010 (
1"
#610408000
0"
#610449000
b101001001 (
1"
#610490000
0"
#610531000
b101001000 (
1"
#610572000
0"
#610613000
b101000111 (
1"
#610654000
0"
#610695000
b101000110 (
1"
#610736000
0"
#610777000
b101000101 (
1"
#610818000
0"
#610859000
b101000100 (
1"
#610900000
0"
#610941000
b101000011 (
1"
#610982000
0"
#611023000
b101000010 (
1"
#611064000
0"
#611105000
b101000001 (
1"
#611146000
0"
#611187000
b101000000 (
1"
#611228000
0"
#611269000
b100111111 (
1"
#611310000
0"
#611351000
b100111110 (
1"
#611392000
0"
#611433000
b100111101 (
1"
#611474000
0"
#611515000
b100111100 (
1"
#611556000
0"
#611597000
b100111011 (
1"
#611638000
0"
#611679000
b100111010 (
1"
#611720000
0"
#611761000
b100111001 (
1"
#611802000
0"
#611843000
b100111000 (
1"
#611884000
0"
#611925000
b100110111 (
1"
#611966000
0"
#612007000
b100110110 (
1"
#612048000
0"
#612089000
b100110101 (
1"
#612130000
0"
#612171000
b100110100 (
1"
#612212000
0"
#612253000
b100110011 (
1"
#612294000
0"
#612335000
b100110010 (
1"
#612376000
0"
#612417000
b100110001 (
1"
#612458000
0"
#612499000
b100110000 (
1"
#612540000
0"
#612581000
b100101111 (
1"
#612622000
0"
#612663000
b100101110 (
1"
#612704000
0"
#612745000
b100101101 (
1"
#612786000
0"
#612827000
b100101100 (
1"
#612868000
0"
#612909000
b100101011 (
1"
#612950000
0"
#612991000
b100101010 (
1"
#613032000
0"
#613073000
b100101001 (
1"
#613114000
0"
#613155000
b100101000 (
1"
#613196000
0"
#613237000
b100100111 (
1"
#613278000
0"
#613319000
b100100110 (
1"
#613360000
0"
#613401000
b100100101 (
1"
#613442000
0"
#613483000
b100100100 (
1"
#613524000
0"
#613565000
b100100011 (
1"
#613606000
0"
#613647000
b100100010 (
1"
#613688000
0"
#613729000
b100100001 (
1"
#613770000
0"
#613811000
b100100000 (
1"
#613852000
0"
#613893000
b100011111 (
1"
#613934000
0"
#613975000
b100011110 (
1"
#614016000
0"
#614057000
b100011101 (
1"
#614098000
0"
#614139000
b100011100 (
1"
#614180000
0"
#614221000
b100011011 (
1"
#614262000
0"
#614303000
b100011010 (
1"
#614344000
0"
#614385000
b100011001 (
1"
#614426000
0"
#614467000
b100011000 (
1"
#614508000
0"
#614549000
b100010111 (
1"
#614590000
0"
#614631000
b100010110 (
1"
#614672000
0"
#614713000
b100010101 (
1"
#614754000
0"
#614795000
b100010100 (
1"
#614836000
0"
#614877000
b100010011 (
1"
#614918000
0"
#614959000
b100010010 (
1"
#615000000
0"
#615041000
b100010001 (
1"
#615082000
0"
#615123000
b100010000 (
1"
#615164000
0"
#615205000
b100001111 (
1"
#615246000
0"
#615287000
b100001110 (
1"
#615328000
0"
#615369000
b100001101 (
1"
#615410000
0"
#615451000
b100001100 (
1"
#615492000
0"
#615533000
b100001011 (
1"
#615574000
0"
#615615000
b100001010 (
1"
#615656000
0"
#615697000
b100001001 (
1"
#615738000
0"
#615779000
b100001000 (
1"
#615820000
0"
#615861000
b100000111 (
1"
#615902000
0"
#615943000
b100000110 (
1"
#615984000
0"
#616025000
b100000101 (
1"
#616066000
0"
#616107000
b100000100 (
1"
#616148000
0"
#616189000
b100000011 (
1"
#616230000
0"
#616271000
b100000010 (
1"
#616312000
0"
#616353000
b100000001 (
1"
#616394000
0"
#616435000
b100000000 (
1"
#616476000
0"
#616517000
b11111111 (
1"
#616558000
0"
#616599000
b11111110 (
1"
#616640000
0"
#616681000
b11111101 (
1"
#616722000
0"
#616763000
b11111100 (
1"
#616804000
0"
#616845000
b11111011 (
1"
#616886000
0"
#616927000
b11111010 (
1"
#616968000
0"
#617009000
b11111001 (
1"
#617050000
0"
#617091000
b11111000 (
1"
#617132000
0"
#617173000
b11110111 (
1"
#617214000
0"
#617255000
b11110110 (
1"
#617296000
0"
#617337000
b11110101 (
1"
#617378000
0"
#617419000
b11110100 (
1"
#617460000
0"
#617501000
b11110011 (
1"
#617542000
0"
#617583000
b11110010 (
1"
#617624000
0"
#617665000
b11110001 (
1"
#617706000
0"
#617747000
b11110000 (
1"
#617788000
0"
#617829000
b11101111 (
1"
#617870000
0"
#617911000
b11101110 (
1"
#617952000
0"
#617993000
b11101101 (
1"
#618034000
0"
#618075000
b11101100 (
1"
#618116000
0"
#618157000
b11101011 (
1"
#618198000
0"
#618239000
b11101010 (
1"
#618280000
0"
#618321000
b11101001 (
1"
#618362000
0"
#618403000
b11101000 (
1"
#618444000
0"
#618485000
b11100111 (
1"
#618526000
0"
#618567000
b11100110 (
1"
#618608000
0"
#618649000
b11100101 (
1"
#618690000
0"
#618731000
b11100100 (
1"
#618772000
0"
#618813000
b11100011 (
1"
#618854000
0"
#618895000
b11100010 (
1"
#618936000
0"
#618977000
b11100001 (
1"
#619018000
0"
#619059000
b11100000 (
1"
#619100000
0"
#619141000
b11011111 (
1"
#619182000
0"
#619223000
b11011110 (
1"
#619264000
0"
#619305000
b11011101 (
1"
#619346000
0"
#619387000
b11011100 (
1"
#619428000
0"
#619469000
b11011011 (
1"
#619510000
0"
#619551000
b11011010 (
1"
#619592000
0"
#619633000
b11011001 (
1"
#619674000
0"
#619715000
b11011000 (
1"
#619756000
0"
#619797000
b11010111 (
1"
#619838000
0"
#619879000
b11010110 (
1"
#619920000
0"
#619961000
b11010101 (
1"
#620002000
0"
#620043000
b11010100 (
1"
#620084000
0"
#620125000
b11010011 (
1"
#620166000
0"
#620207000
b11010010 (
1"
#620248000
0"
#620289000
b11010001 (
1"
#620330000
0"
#620371000
b11010000 (
1"
#620412000
0"
#620453000
b11001111 (
1"
#620494000
0"
#620535000
b11001110 (
1"
#620576000
0"
#620617000
b11001101 (
1"
#620658000
0"
#620699000
b11001100 (
1"
#620740000
0"
#620781000
b11001011 (
1"
#620822000
0"
#620863000
b11001010 (
1"
#620904000
0"
#620945000
b11001001 (
1"
#620986000
0"
#621027000
b11001000 (
1"
#621068000
0"
#621109000
b11000111 (
1"
#621150000
0"
#621191000
b11000110 (
1"
#621232000
0"
#621273000
b11000101 (
1"
#621314000
0"
#621355000
b11000100 (
1"
#621396000
0"
#621437000
b11000011 (
1"
#621478000
0"
#621519000
b11000010 (
1"
#621560000
0"
#621601000
b11000001 (
1"
#621642000
0"
#621683000
b11000000 (
1"
#621724000
0"
#621765000
b10111111 (
1"
#621806000
0"
#621847000
b10111110 (
1"
#621888000
0"
#621929000
b10111101 (
1"
#621970000
0"
#622011000
b10111100 (
1"
#622052000
0"
#622093000
b10111011 (
1"
#622134000
0"
#622175000
b10111010 (
1"
#622216000
0"
#622257000
b10111001 (
1"
#622298000
0"
#622339000
b10111000 (
1"
#622380000
0"
#622421000
b10110111 (
1"
#622462000
0"
#622503000
b10110110 (
1"
#622544000
0"
#622585000
b10110101 (
1"
#622626000
0"
#622667000
b10110100 (
1"
#622708000
0"
#622749000
b10110011 (
1"
#622790000
0"
#622831000
b10110010 (
1"
#622872000
0"
#622913000
b10110001 (
1"
#622954000
0"
#622995000
b10110000 (
1"
#623036000
0"
#623077000
b10101111 (
1"
#623118000
0"
#623159000
b10101110 (
1"
#623200000
0"
#623241000
b10101101 (
1"
#623282000
0"
#623323000
b10101100 (
1"
#623364000
0"
#623405000
b10101011 (
1"
#623446000
0"
#623487000
b10101010 (
1"
#623528000
0"
#623569000
b10101001 (
1"
#623610000
0"
#623651000
b10101000 (
1"
#623692000
0"
#623733000
b10100111 (
1"
#623774000
0"
#623815000
b10100110 (
1"
#623856000
0"
#623897000
b10100101 (
1"
#623938000
0"
#623979000
b10100100 (
1"
#624020000
0"
#624061000
b10100011 (
1"
#624102000
0"
#624143000
b10100010 (
1"
#624184000
0"
#624225000
b10100001 (
1"
#624266000
0"
#624307000
b10100000 (
1"
#624348000
0"
#624389000
b10011111 (
1"
#624430000
0"
#624471000
b10011110 (
1"
#624512000
0"
#624553000
b10011101 (
1"
#624594000
0"
#624635000
b10011100 (
1"
#624676000
0"
#624717000
b10011011 (
1"
#624758000
0"
#624799000
b10011010 (
1"
#624840000
0"
#624881000
b10011001 (
1"
#624922000
0"
#624963000
b10011000 (
1"
#625004000
0"
#625045000
b10010111 (
1"
#625086000
0"
#625127000
b10010110 (
1"
#625168000
0"
#625209000
b10010101 (
1"
#625250000
0"
#625291000
b10010100 (
1"
#625332000
0"
#625373000
b10010011 (
1"
#625414000
0"
#625455000
b10010010 (
1"
#625496000
0"
#625537000
b10010001 (
1"
#625578000
0"
#625619000
b10010000 (
1"
#625660000
0"
#625701000
b10001111 (
1"
#625742000
0"
#625783000
b10001110 (
1"
#625824000
0"
#625865000
b10001101 (
1"
#625906000
0"
#625947000
b10001100 (
1"
#625988000
0"
#626029000
b10001011 (
1"
#626070000
0"
#626111000
b10001010 (
1"
#626152000
0"
#626193000
b10001001 (
1"
#626234000
0"
#626275000
b10001000 (
1"
#626316000
0"
#626357000
b10000111 (
1"
#626398000
0"
#626439000
b10000110 (
1"
#626480000
0"
#626521000
b10000101 (
1"
#626562000
0"
#626603000
b10000100 (
1"
#626644000
0"
#626685000
b10000011 (
1"
#626726000
0"
#626767000
b10000010 (
1"
#626808000
0"
#626849000
b10000001 (
1"
#626890000
0"
#626931000
b10000000 (
1"
#626972000
0"
#627013000
b1111111 (
1"
#627054000
0"
#627095000
b1111110 (
1"
#627136000
0"
#627177000
b1111101 (
1"
#627218000
0"
#627259000
b1111100 (
1"
#627300000
0"
#627341000
b1111011 (
1"
#627382000
0"
#627423000
b1111010 (
1"
#627464000
0"
#627505000
b1111001 (
1"
#627546000
0"
#627587000
b1111000 (
1"
#627628000
0"
#627669000
b1110111 (
1"
#627710000
0"
#627751000
b1110110 (
1"
#627792000
0"
#627833000
b1110101 (
1"
#627874000
0"
#627915000
b1110100 (
1"
#627956000
0"
#627997000
b1110011 (
1"
#628038000
0"
#628079000
b1110010 (
1"
#628120000
0"
#628161000
b1110001 (
1"
#628202000
0"
#628243000
b1110000 (
1"
#628284000
0"
#628325000
b1101111 (
1"
#628366000
0"
#628407000
b1101110 (
1"
#628448000
0"
#628489000
b1101101 (
1"
#628530000
0"
#628571000
b1101100 (
1"
#628612000
0"
#628653000
b1101011 (
1"
#628694000
0"
#628735000
b1101010 (
1"
#628776000
0"
#628817000
b1101001 (
1"
#628858000
0"
#628899000
b1101000 (
1"
#628940000
0"
#628981000
b1100111 (
1"
#629022000
0"
#629063000
b1100110 (
1"
#629104000
0"
#629145000
b1100101 (
1"
#629186000
0"
#629227000
b1100100 (
1"
#629268000
0"
#629309000
b1100011 (
1"
#629350000
0"
#629391000
b1100010 (
1"
#629432000
0"
#629473000
b1100001 (
1"
#629514000
0"
#629555000
b1100000 (
1"
#629596000
0"
#629637000
b1011111 (
1"
#629678000
0"
#629719000
b1011110 (
1"
#629760000
0"
#629801000
b1011101 (
1"
#629842000
0"
#629883000
b1011100 (
1"
#629924000
0"
#629965000
b1011011 (
1"
#630006000
0"
#630047000
b1011010 (
1"
#630088000
0"
#630129000
b1011001 (
1"
#630170000
0"
#630211000
b1011000 (
1"
#630252000
0"
#630293000
b1010111 (
1"
#630334000
0"
#630375000
b1010110 (
1"
#630416000
0"
#630457000
b1010101 (
1"
#630498000
0"
#630539000
b1010100 (
1"
#630580000
0"
#630621000
b1010011 (
1"
#630662000
0"
#630703000
b1010010 (
1"
#630744000
0"
#630785000
b1010001 (
1"
#630826000
0"
#630867000
b1010000 (
1"
#630908000
0"
#630949000
b1001111 (
1"
#630990000
0"
#631031000
b1001110 (
1"
#631072000
0"
#631113000
b1001101 (
1"
#631154000
0"
#631195000
b1001100 (
1"
#631236000
0"
#631277000
b1001011 (
1"
#631318000
0"
#631359000
b1001010 (
1"
#631400000
0"
#631441000
b1001001 (
1"
#631482000
0"
#631523000
b1001000 (
1"
#631564000
0"
#631605000
b1000111 (
1"
#631646000
0"
#631687000
b1000110 (
1"
#631728000
0"
#631769000
b1000101 (
1"
#631810000
0"
#631851000
b1000100 (
1"
#631892000
0"
#631933000
b1000011 (
1"
#631974000
0"
#632015000
b1000010 (
1"
#632056000
0"
#632097000
b1000001 (
1"
#632138000
0"
#632179000
b1000000 (
1"
#632220000
0"
#632261000
b111111 (
1"
#632302000
0"
#632343000
b111110 (
1"
#632384000
0"
#632425000
b111101 (
1"
#632466000
0"
#632507000
b111100 (
1"
#632548000
0"
#632589000
b111011 (
1"
#632630000
0"
#632671000
b111010 (
1"
#632712000
0"
#632753000
b111001 (
1"
#632794000
0"
#632835000
b111000 (
1"
#632876000
0"
#632917000
b110111 (
1"
#632958000
0"
#632999000
b110110 (
1"
#633040000
0"
#633081000
b110101 (
1"
#633122000
0"
#633163000
b110100 (
1"
#633204000
0"
#633245000
b110011 (
1"
#633286000
0"
#633327000
b110010 (
1"
#633368000
0"
#633409000
b110001 (
1"
#633450000
0"
#633491000
b110000 (
1"
#633532000
0"
#633573000
b101111 (
1"
#633614000
0"
#633655000
b101110 (
1"
#633696000
0"
#633737000
b101101 (
1"
#633778000
0"
#633819000
b101100 (
1"
#633860000
0"
#633901000
b101011 (
1"
#633942000
0"
#633983000
b101010 (
1"
#634024000
0"
#634065000
b101001 (
1"
#634106000
0"
#634147000
b101000 (
1"
#634188000
0"
#634229000
b100111 (
1"
#634270000
0"
#634311000
b100110 (
1"
#634352000
0"
#634393000
b100101 (
1"
#634434000
0"
#634475000
b100100 (
1"
#634516000
0"
#634557000
b100011 (
1"
#634598000
0"
#634639000
b100010 (
1"
#634680000
0"
#634721000
b100001 (
1"
#634762000
0"
#634803000
b100000 (
1"
#634844000
0"
#634885000
b11111 (
1"
#634926000
0"
#634967000
b11110 (
1"
#635008000
0"
#635049000
b11101 (
1"
#635090000
0"
#635131000
b11100 (
1"
#635172000
0"
#635213000
b11011 (
1"
#635254000
0"
#635295000
b11010 (
1"
#635336000
0"
#635377000
b11001 (
1"
#635418000
0"
#635459000
b11000 (
1"
#635500000
0"
#635541000
b10111 (
1"
#635582000
0"
#635623000
b10110 (
1"
#635664000
0"
#635705000
b10101 (
1"
#635746000
0"
#635787000
b10100 (
1"
#635828000
0"
#635869000
b10011 (
1"
#635910000
0"
#635951000
b10010 (
1"
#635992000
0"
#636033000
b10001 (
1"
#636074000
0"
#636115000
b10000 (
1"
#636156000
0"
#636197000
b1111 (
1"
#636238000
0"
#636279000
b1110 (
1"
#636320000
0"
#636361000
b1101 (
1"
#636402000
0"
#636443000
b1100 (
1"
#636484000
0"
#636525000
b1011 (
1"
#636566000
0"
#636607000
b1010 (
1"
#636648000
0"
#636689000
b1001 (
1"
#636730000
0"
#636771000
b1000 (
1"
#636812000
0"
#636853000
b111 (
1"
#636894000
0"
#636935000
b110 (
1"
#636976000
0"
#637017000
b101 (
1"
#637058000
0"
#637099000
b100 (
1"
#637140000
0"
#637181000
b11 (
1"
#637222000
0"
#637263000
b10 (
1"
#637304000
0"
#637345000
b1 (
1"
#637386000
0"
#637427000
b0 (
1"
#637468000
0"
#637509000
b10011011101001000101 &
0!
b101001101 (
1"
#637550000
0"
#637591000
b101001100 (
1"
#637632000
0"
#637673000
b101001011 (
1"
#637714000
0"
#637755000
b101001010 (
1"
#637796000
0"
#637837000
b101001001 (
1"
#637878000
0"
#637919000
b101001000 (
1"
#637960000
0"
#638001000
b101000111 (
1"
#638042000
0"
#638083000
b101000110 (
1"
#638124000
0"
#638165000
b101000101 (
1"
#638206000
0"
#638247000
b101000100 (
1"
#638288000
0"
#638329000
b101000011 (
1"
#638370000
0"
#638411000
b101000010 (
1"
#638452000
0"
#638493000
b101000001 (
1"
#638534000
0"
#638575000
b101000000 (
1"
#638616000
0"
#638657000
b100111111 (
1"
#638698000
0"
#638739000
b100111110 (
1"
#638780000
0"
#638821000
b100111101 (
1"
#638862000
0"
#638903000
b100111100 (
1"
#638944000
0"
#638985000
b100111011 (
1"
#639026000
0"
#639067000
b100111010 (
1"
#639108000
0"
#639149000
b100111001 (
1"
#639190000
0"
#639231000
b100111000 (
1"
#639272000
0"
#639313000
b100110111 (
1"
#639354000
0"
#639395000
b100110110 (
1"
#639436000
0"
#639477000
b100110101 (
1"
#639518000
0"
#639559000
b100110100 (
1"
#639600000
0"
#639641000
b100110011 (
1"
#639682000
0"
#639723000
b100110010 (
1"
#639764000
0"
#639805000
b100110001 (
1"
#639846000
0"
#639887000
b100110000 (
1"
#639928000
0"
#639969000
b100101111 (
1"
#640010000
0"
#640051000
b100101110 (
1"
#640092000
0"
#640133000
b100101101 (
1"
#640174000
0"
#640215000
b100101100 (
1"
#640256000
0"
#640297000
b100101011 (
1"
#640338000
0"
#640379000
b100101010 (
1"
#640420000
0"
#640461000
b100101001 (
1"
#640502000
0"
#640543000
b100101000 (
1"
#640584000
0"
#640625000
b100100111 (
1"
#640666000
0"
#640707000
b100100110 (
1"
#640748000
0"
#640789000
b100100101 (
1"
#640830000
0"
#640871000
b100100100 (
1"
#640912000
0"
#640953000
b100100011 (
1"
#640994000
0"
#641035000
b100100010 (
1"
#641076000
0"
#641117000
b100100001 (
1"
#641158000
0"
#641199000
b100100000 (
1"
#641240000
0"
#641281000
b100011111 (
1"
#641322000
0"
#641363000
b100011110 (
1"
#641404000
0"
#641445000
b100011101 (
1"
#641486000
0"
#641527000
b100011100 (
1"
#641568000
0"
#641609000
b100011011 (
1"
#641650000
0"
#641691000
b100011010 (
1"
#641732000
0"
#641773000
b100011001 (
1"
#641814000
0"
#641855000
b100011000 (
1"
#641896000
0"
#641937000
b100010111 (
1"
#641978000
0"
#642019000
b100010110 (
1"
#642060000
0"
#642101000
b100010101 (
1"
#642142000
0"
#642183000
b100010100 (
1"
#642224000
0"
#642265000
b100010011 (
1"
#642306000
0"
#642347000
b100010010 (
1"
#642388000
0"
#642429000
b100010001 (
1"
#642470000
0"
#642511000
b100010000 (
1"
#642552000
0"
#642593000
b100001111 (
1"
#642634000
0"
#642675000
b100001110 (
1"
#642716000
0"
#642757000
b100001101 (
1"
#642798000
0"
#642839000
b100001100 (
1"
#642880000
0"
#642921000
b100001011 (
1"
#642962000
0"
#643003000
b100001010 (
1"
#643044000
0"
#643085000
b100001001 (
1"
#643126000
0"
#643167000
b100001000 (
1"
#643208000
0"
#643249000
b100000111 (
1"
#643290000
0"
#643331000
b100000110 (
1"
#643372000
0"
#643413000
b100000101 (
1"
#643454000
0"
#643495000
b100000100 (
1"
#643536000
0"
#643577000
b100000011 (
1"
#643618000
0"
#643659000
b100000010 (
1"
#643700000
0"
#643741000
b100000001 (
1"
#643782000
0"
#643823000
b100000000 (
1"
#643864000
0"
#643905000
b11111111 (
1"
#643946000
0"
#643987000
b11111110 (
1"
#644028000
0"
#644069000
b11111101 (
1"
#644110000
0"
#644151000
b11111100 (
1"
#644192000
0"
#644233000
b11111011 (
1"
#644274000
0"
#644315000
b11111010 (
1"
#644356000
0"
#644397000
b11111001 (
1"
#644438000
0"
#644479000
b11111000 (
1"
#644520000
0"
#644561000
b11110111 (
1"
#644602000
0"
#644643000
b11110110 (
1"
#644684000
0"
#644725000
b11110101 (
1"
#644766000
0"
#644807000
b11110100 (
1"
#644848000
0"
#644889000
b11110011 (
1"
#644930000
0"
#644971000
b11110010 (
1"
#645012000
0"
#645053000
b11110001 (
1"
#645094000
0"
#645135000
b11110000 (
1"
#645176000
0"
#645217000
b11101111 (
1"
#645258000
0"
#645299000
b11101110 (
1"
#645340000
0"
#645381000
b11101101 (
1"
#645422000
0"
#645463000
b11101100 (
1"
#645504000
0"
#645545000
b11101011 (
1"
#645586000
0"
#645627000
b11101010 (
1"
#645668000
0"
#645709000
b11101001 (
1"
#645750000
0"
#645791000
b11101000 (
1"
#645832000
0"
#645873000
b11100111 (
1"
#645914000
0"
#645955000
b11100110 (
1"
#645996000
0"
#646037000
b11100101 (
1"
#646078000
0"
#646119000
b11100100 (
1"
#646160000
0"
#646201000
b11100011 (
1"
#646242000
0"
#646283000
b11100010 (
1"
#646324000
0"
#646365000
b11100001 (
1"
#646406000
0"
#646447000
b11100000 (
1"
#646488000
0"
#646529000
b11011111 (
1"
#646570000
0"
#646611000
b11011110 (
1"
#646652000
0"
#646693000
b11011101 (
1"
#646734000
0"
#646775000
b11011100 (
1"
#646816000
0"
#646857000
b11011011 (
1"
#646898000
0"
#646939000
b11011010 (
1"
#646980000
0"
#647021000
b11011001 (
1"
#647062000
0"
#647103000
b11011000 (
1"
#647144000
0"
#647185000
b11010111 (
1"
#647226000
0"
#647267000
b11010110 (
1"
#647308000
0"
#647349000
b11010101 (
1"
#647390000
0"
#647431000
b11010100 (
1"
#647472000
0"
#647513000
b11010011 (
1"
#647554000
0"
#647595000
b11010010 (
1"
#647636000
0"
#647677000
b11010001 (
1"
#647718000
0"
#647759000
b11010000 (
1"
#647800000
0"
#647841000
b11001111 (
1"
#647882000
0"
#647923000
b11001110 (
1"
#647964000
0"
#648005000
b11001101 (
1"
#648046000
0"
#648087000
b11001100 (
1"
#648128000
0"
#648169000
b11001011 (
1"
#648210000
0"
#648251000
b11001010 (
1"
#648292000
0"
#648333000
b11001001 (
1"
#648374000
0"
#648415000
b11001000 (
1"
#648456000
0"
#648497000
b11000111 (
1"
#648538000
0"
#648579000
b11000110 (
1"
#648620000
0"
#648661000
b11000101 (
1"
#648702000
0"
#648743000
b11000100 (
1"
#648784000
0"
#648825000
b11000011 (
1"
#648866000
0"
#648907000
b11000010 (
1"
#648948000
0"
#648989000
b11000001 (
1"
#649030000
0"
#649071000
b11000000 (
1"
#649112000
0"
#649153000
b10111111 (
1"
#649194000
0"
#649235000
b10111110 (
1"
#649276000
0"
#649317000
b10111101 (
1"
#649358000
0"
#649399000
b10111100 (
1"
#649440000
0"
#649481000
b10111011 (
1"
#649522000
0"
#649563000
b10111010 (
1"
#649604000
0"
#649645000
b10111001 (
1"
#649686000
0"
#649727000
b10111000 (
1"
#649768000
0"
#649809000
b10110111 (
1"
#649850000
0"
#649891000
b10110110 (
1"
#649932000
0"
#649973000
b10110101 (
1"
#650014000
0"
#650055000
b10110100 (
1"
#650096000
0"
#650137000
b10110011 (
1"
#650178000
0"
#650219000
b10110010 (
1"
#650260000
0"
#650301000
b10110001 (
1"
#650342000
0"
#650383000
b10110000 (
1"
#650424000
0"
#650465000
b10101111 (
1"
#650506000
0"
#650547000
b10101110 (
1"
#650588000
0"
#650629000
b10101101 (
1"
#650670000
0"
#650711000
b10101100 (
1"
#650752000
0"
#650793000
b10101011 (
1"
#650834000
0"
#650875000
b10101010 (
1"
#650916000
0"
#650957000
b10101001 (
1"
#650998000
0"
#651039000
b10101000 (
1"
#651080000
0"
#651121000
b10100111 (
1"
#651162000
0"
#651203000
b10100110 (
1"
#651244000
0"
#651285000
b10100101 (
1"
#651326000
0"
#651367000
b10100100 (
1"
#651408000
0"
#651449000
b10100011 (
1"
#651490000
0"
#651531000
b10100010 (
1"
#651572000
0"
#651613000
b10100001 (
1"
#651654000
0"
#651695000
b10100000 (
1"
#651736000
0"
#651777000
b10011111 (
1"
#651818000
0"
#651859000
b10011110 (
1"
#651900000
0"
#651941000
b10011101 (
1"
#651982000
0"
#652023000
b10011100 (
1"
#652064000
0"
#652105000
b10011011 (
1"
#652146000
0"
#652187000
b10011010 (
1"
#652228000
0"
#652269000
b10011001 (
1"
#652310000
0"
#652351000
b10011000 (
1"
#652392000
0"
#652433000
b10010111 (
1"
#652474000
0"
#652515000
b10010110 (
1"
#652556000
0"
#652597000
b10010101 (
1"
#652638000
0"
#652679000
b10010100 (
1"
#652720000
0"
#652761000
b10010011 (
1"
#652802000
0"
#652843000
b10010010 (
1"
#652884000
0"
#652925000
b10010001 (
1"
#652966000
0"
#653007000
b10010000 (
1"
#653048000
0"
#653089000
b10001111 (
1"
#653130000
0"
#653171000
b10001110 (
1"
#653212000
0"
#653253000
b10001101 (
1"
#653294000
0"
#653335000
b10001100 (
1"
#653376000
0"
#653417000
b10001011 (
1"
#653458000
0"
#653499000
b10001010 (
1"
#653540000
0"
#653581000
b10001001 (
1"
#653622000
0"
#653663000
b10001000 (
1"
#653704000
0"
#653745000
b10000111 (
1"
#653786000
0"
#653827000
b10000110 (
1"
#653868000
0"
#653909000
b10000101 (
1"
#653950000
0"
#653991000
b10000100 (
1"
#654032000
0"
#654073000
b10000011 (
1"
#654114000
0"
#654155000
b10000010 (
1"
#654196000
0"
#654237000
b10000001 (
1"
#654278000
0"
#654319000
b10000000 (
1"
#654360000
0"
#654401000
b1111111 (
1"
#654442000
0"
#654483000
b1111110 (
1"
#654524000
0"
#654565000
b1111101 (
1"
#654606000
0"
#654647000
b1111100 (
1"
#654688000
0"
#654729000
b1111011 (
1"
#654770000
0"
#654811000
b1111010 (
1"
#654852000
0"
#654893000
b1111001 (
1"
#654934000
0"
#654975000
b1111000 (
1"
#655016000
0"
#655057000
b1110111 (
1"
#655098000
0"
#655139000
b1110110 (
1"
#655180000
0"
#655221000
b1110101 (
1"
#655262000
0"
#655303000
b1110100 (
1"
#655344000
0"
#655385000
b1110011 (
1"
#655426000
0"
#655467000
b1110010 (
1"
#655508000
0"
#655549000
b1110001 (
1"
#655590000
0"
#655631000
b1110000 (
1"
#655672000
0"
#655713000
b1101111 (
1"
#655754000
0"
#655795000
b1101110 (
1"
#655836000
0"
#655877000
b1101101 (
1"
#655918000
0"
#655959000
b1101100 (
1"
#656000000
0"
#656041000
b1101011 (
1"
#656082000
0"
#656123000
b1101010 (
1"
#656164000
0"
#656205000
b1101001 (
1"
#656246000
0"
#656287000
b1101000 (
1"
#656328000
0"
#656369000
b1100111 (
1"
#656410000
0"
#656451000
b1100110 (
1"
#656492000
0"
#656533000
b1100101 (
1"
#656574000
0"
#656615000
b1100100 (
1"
#656656000
0"
#656697000
b1100011 (
1"
#656738000
0"
#656779000
b1100010 (
1"
#656820000
0"
#656861000
b1100001 (
1"
#656902000
0"
#656943000
b1100000 (
1"
#656984000
0"
#657025000
b1011111 (
1"
#657066000
0"
#657107000
b1011110 (
1"
#657148000
0"
#657189000
b1011101 (
1"
#657230000
0"
#657271000
b1011100 (
1"
#657312000
0"
#657353000
b1011011 (
1"
#657394000
0"
#657435000
b1011010 (
1"
#657476000
0"
#657517000
b1011001 (
1"
#657558000
0"
#657599000
b1011000 (
1"
#657640000
0"
#657681000
b1010111 (
1"
#657722000
0"
#657763000
b1010110 (
1"
#657804000
0"
#657845000
b1010101 (
1"
#657886000
0"
#657927000
b1010100 (
1"
#657968000
0"
#658009000
b1010011 (
1"
#658050000
0"
#658091000
b1010010 (
1"
#658132000
0"
#658173000
b1010001 (
1"
#658214000
0"
#658255000
b1010000 (
1"
#658296000
0"
#658337000
b1001111 (
1"
#658378000
0"
#658419000
b1001110 (
1"
#658460000
0"
#658501000
b1001101 (
1"
#658542000
0"
#658583000
b1001100 (
1"
#658624000
0"
#658665000
b1001011 (
1"
#658706000
0"
#658747000
b1001010 (
1"
#658788000
0"
#658829000
b1001001 (
1"
#658870000
0"
#658911000
b1001000 (
1"
#658952000
0"
#658993000
b1000111 (
1"
#659034000
0"
#659075000
b1000110 (
1"
#659116000
0"
#659157000
b1000101 (
1"
#659198000
0"
#659239000
b1000100 (
1"
#659280000
0"
#659321000
b1000011 (
1"
#659362000
0"
#659403000
b1000010 (
1"
#659444000
0"
#659485000
b1000001 (
1"
#659526000
0"
#659567000
b1000000 (
1"
#659608000
0"
#659649000
b111111 (
1"
#659690000
0"
#659731000
b111110 (
1"
#659772000
0"
#659813000
b111101 (
1"
#659854000
0"
#659895000
b111100 (
1"
#659936000
0"
#659977000
b111011 (
1"
#660018000
0"
#660059000
b111010 (
1"
#660100000
0"
#660141000
b111001 (
1"
#660182000
0"
#660223000
b111000 (
1"
#660264000
0"
#660305000
b110111 (
1"
#660346000
0"
#660387000
b110110 (
1"
#660428000
0"
#660469000
b110101 (
1"
#660510000
0"
#660551000
b110100 (
1"
#660592000
0"
#660633000
b110011 (
1"
#660674000
0"
#660715000
b110010 (
1"
#660756000
0"
#660797000
b110001 (
1"
#660838000
0"
#660879000
b110000 (
1"
#660920000
0"
#660961000
b101111 (
1"
#661002000
0"
#661043000
b101110 (
1"
#661084000
0"
#661125000
b101101 (
1"
#661166000
0"
#661207000
b101100 (
1"
#661248000
0"
#661289000
b101011 (
1"
#661330000
0"
#661371000
b101010 (
1"
#661412000
0"
#661453000
b101001 (
1"
#661494000
0"
#661535000
b101000 (
1"
#661576000
0"
#661617000
b100111 (
1"
#661658000
0"
#661699000
b100110 (
1"
#661740000
0"
#661781000
b100101 (
1"
#661822000
0"
#661863000
b100100 (
1"
#661904000
0"
#661945000
b100011 (
1"
#661986000
0"
#662027000
b100010 (
1"
#662068000
0"
#662109000
b100001 (
1"
#662150000
0"
#662191000
b100000 (
1"
#662232000
0"
#662273000
b11111 (
1"
#662314000
0"
#662355000
b11110 (
1"
#662396000
0"
#662437000
b11101 (
1"
#662478000
0"
#662519000
b11100 (
1"
#662560000
0"
#662601000
b11011 (
1"
#662642000
0"
#662683000
b11010 (
1"
#662724000
0"
#662765000
b11001 (
1"
#662806000
0"
#662847000
b11000 (
1"
#662888000
0"
#662929000
b10111 (
1"
#662970000
0"
#663011000
b10110 (
1"
#663052000
0"
#663093000
b10101 (
1"
#663134000
0"
#663175000
b10100 (
1"
#663216000
0"
#663257000
b10011 (
1"
#663298000
0"
#663339000
b10010 (
1"
#663380000
0"
#663421000
b10001 (
1"
#663462000
0"
#663503000
b10000 (
1"
#663544000
0"
#663585000
b1111 (
1"
#663626000
0"
#663667000
b1110 (
1"
#663708000
0"
#663749000
b1101 (
1"
#663790000
0"
#663831000
b1100 (
1"
#663872000
0"
#663913000
b1011 (
1"
#663954000
0"
#663995000
b1010 (
1"
#664036000
0"
#664077000
b1001 (
1"
#664118000
0"
#664159000
b1000 (
1"
#664200000
0"
#664241000
b111 (
1"
#664282000
0"
#664323000
b110 (
1"
#664364000
0"
#664405000
b101 (
1"
#664446000
0"
#664487000
b100 (
1"
#664528000
0"
#664569000
b11 (
1"
#664610000
0"
#664651000
b10 (
1"
#664692000
0"
#664733000
b1 (
1"
#664774000
0"
#664815000
b0 (
1"
#664856000
0"
#664897000
b10100010010101000001 &
1!
b101001101 (
1"
#664938000
0"
#664979000
b101001100 (
1"
#665020000
0"
#665061000
b101001011 (
1"
#665102000
0"
#665143000
b101001010 (
1"
#665184000
0"
#665225000
b101001001 (
1"
#665266000
0"
#665307000
b101001000 (
1"
#665348000
0"
#665389000
b101000111 (
1"
#665430000
0"
#665471000
b101000110 (
1"
#665512000
0"
#665553000
b101000101 (
1"
#665594000
0"
#665635000
b101000100 (
1"
#665676000
0"
#665717000
b101000011 (
1"
#665758000
0"
#665799000
b101000010 (
1"
#665840000
0"
#665881000
b101000001 (
1"
#665922000
0"
#665963000
b101000000 (
1"
#666004000
0"
#666045000
b100111111 (
1"
#666086000
0"
#666127000
b100111110 (
1"
#666168000
0"
#666209000
b100111101 (
1"
#666250000
0"
#666291000
b100111100 (
1"
#666332000
0"
#666373000
b100111011 (
1"
#666414000
0"
#666455000
b100111010 (
1"
#666496000
0"
#666537000
b100111001 (
1"
#666578000
0"
#666619000
b100111000 (
1"
#666660000
0"
#666701000
b100110111 (
1"
#666742000
0"
#666783000
b100110110 (
1"
#666824000
0"
#666865000
b100110101 (
1"
#666906000
0"
#666947000
b100110100 (
1"
#666988000
0"
#667029000
b100110011 (
1"
#667070000
0"
#667111000
b100110010 (
1"
#667152000
0"
#667193000
b100110001 (
1"
#667234000
0"
#667275000
b100110000 (
1"
#667316000
0"
#667357000
b100101111 (
1"
#667398000
0"
#667439000
b100101110 (
1"
#667480000
0"
#667521000
b100101101 (
1"
#667562000
0"
#667603000
b100101100 (
1"
#667644000
0"
#667685000
b100101011 (
1"
#667726000
0"
#667767000
b100101010 (
1"
#667808000
0"
#667849000
b100101001 (
1"
#667890000
0"
#667931000
b100101000 (
1"
#667972000
0"
#668013000
b100100111 (
1"
#668054000
0"
#668095000
b100100110 (
1"
#668136000
0"
#668177000
b100100101 (
1"
#668218000
0"
#668259000
b100100100 (
1"
#668300000
0"
#668341000
b100100011 (
1"
#668382000
0"
#668423000
b100100010 (
1"
#668464000
0"
#668505000
b100100001 (
1"
#668546000
0"
#668587000
b100100000 (
1"
#668628000
0"
#668669000
b100011111 (
1"
#668710000
0"
#668751000
b100011110 (
1"
#668792000
0"
#668833000
b100011101 (
1"
#668874000
0"
#668915000
b100011100 (
1"
#668956000
0"
#668997000
b100011011 (
1"
#669038000
0"
#669079000
b100011010 (
1"
#669120000
0"
#669161000
b100011001 (
1"
#669202000
0"
#669243000
b100011000 (
1"
#669284000
0"
#669325000
b100010111 (
1"
#669366000
0"
#669407000
b100010110 (
1"
#669448000
0"
#669489000
b100010101 (
1"
#669530000
0"
#669571000
b100010100 (
1"
#669612000
0"
#669653000
b100010011 (
1"
#669694000
0"
#669735000
b100010010 (
1"
#669776000
0"
#669817000
b100010001 (
1"
#669858000
0"
#669899000
b100010000 (
1"
#669940000
0"
#669981000
b100001111 (
1"
#670022000
0"
#670063000
b100001110 (
1"
#670104000
0"
#670145000
b100001101 (
1"
#670186000
0"
#670227000
b100001100 (
1"
#670268000
0"
#670309000
b100001011 (
1"
#670350000
0"
#670391000
b100001010 (
1"
#670432000
0"
#670473000
b100001001 (
1"
#670514000
0"
#670555000
b100001000 (
1"
#670596000
0"
#670637000
b100000111 (
1"
#670678000
0"
#670719000
b100000110 (
1"
#670760000
0"
#670801000
b100000101 (
1"
#670842000
0"
#670883000
b100000100 (
1"
#670924000
0"
#670965000
b100000011 (
1"
#671006000
0"
#671047000
b100000010 (
1"
#671088000
0"
#671129000
b100000001 (
1"
#671170000
0"
#671211000
b100000000 (
1"
#671252000
0"
#671293000
b11111111 (
1"
#671334000
0"
#671375000
b11111110 (
1"
#671416000
0"
#671457000
b11111101 (
1"
#671498000
0"
#671539000
b11111100 (
1"
#671580000
0"
#671621000
b11111011 (
1"
#671662000
0"
#671703000
b11111010 (
1"
#671744000
0"
#671785000
b11111001 (
1"
#671826000
0"
#671867000
b11111000 (
1"
#671908000
0"
#671949000
b11110111 (
1"
#671990000
0"
#672031000
b11110110 (
1"
#672072000
0"
#672113000
b11110101 (
1"
#672154000
0"
#672195000
b11110100 (
1"
#672236000
0"
#672277000
b11110011 (
1"
#672318000
0"
#672359000
b11110010 (
1"
#672400000
0"
#672441000
b11110001 (
1"
#672482000
0"
#672523000
b11110000 (
1"
#672564000
0"
#672605000
b11101111 (
1"
#672646000
0"
#672687000
b11101110 (
1"
#672728000
0"
#672769000
b11101101 (
1"
#672810000
0"
#672851000
b11101100 (
1"
#672892000
0"
#672933000
b11101011 (
1"
#672974000
0"
#673015000
b11101010 (
1"
#673056000
0"
#673097000
b11101001 (
1"
#673138000
0"
#673179000
b11101000 (
1"
#673220000
0"
#673261000
b11100111 (
1"
#673302000
0"
#673343000
b11100110 (
1"
#673384000
0"
#673425000
b11100101 (
1"
#673466000
0"
#673507000
b11100100 (
1"
#673548000
0"
#673589000
b11100011 (
1"
#673630000
0"
#673671000
b11100010 (
1"
#673712000
0"
#673753000
b11100001 (
1"
#673794000
0"
#673835000
b11100000 (
1"
#673876000
0"
#673917000
b11011111 (
1"
#673958000
0"
#673999000
b11011110 (
1"
#674040000
0"
#674081000
b11011101 (
1"
#674122000
0"
#674163000
b11011100 (
1"
#674204000
0"
#674245000
b11011011 (
1"
#674286000
0"
#674327000
b11011010 (
1"
#674368000
0"
#674409000
b11011001 (
1"
#674450000
0"
#674491000
b11011000 (
1"
#674532000
0"
#674573000
b11010111 (
1"
#674614000
0"
#674655000
b11010110 (
1"
#674696000
0"
#674737000
b11010101 (
1"
#674778000
0"
#674819000
b11010100 (
1"
#674860000
0"
#674901000
b11010011 (
1"
#674942000
0"
#674983000
b11010010 (
1"
#675024000
0"
#675065000
b11010001 (
1"
#675106000
0"
#675147000
b11010000 (
1"
#675188000
0"
#675229000
b11001111 (
1"
#675270000
0"
#675311000
b11001110 (
1"
#675352000
0"
#675393000
b11001101 (
1"
#675434000
0"
#675475000
b11001100 (
1"
#675516000
0"
#675557000
b11001011 (
1"
#675598000
0"
#675639000
b11001010 (
1"
#675680000
0"
#675721000
b11001001 (
1"
#675762000
0"
#675803000
b11001000 (
1"
#675844000
0"
#675885000
b11000111 (
1"
#675926000
0"
#675967000
b11000110 (
1"
#676008000
0"
#676049000
b11000101 (
1"
#676090000
0"
#676131000
b11000100 (
1"
#676172000
0"
#676213000
b11000011 (
1"
#676254000
0"
#676295000
b11000010 (
1"
#676336000
0"
#676377000
b11000001 (
1"
#676418000
0"
#676459000
b11000000 (
1"
#676500000
0"
#676541000
b10111111 (
1"
#676582000
0"
#676623000
b10111110 (
1"
#676664000
0"
#676705000
b10111101 (
1"
#676746000
0"
#676787000
b10111100 (
1"
#676828000
0"
#676869000
b10111011 (
1"
#676910000
0"
#676951000
b10111010 (
1"
#676992000
0"
#677033000
b10111001 (
1"
#677074000
0"
#677115000
b10111000 (
1"
#677156000
0"
#677197000
b10110111 (
1"
#677238000
0"
#677279000
b10110110 (
1"
#677320000
0"
#677361000
b10110101 (
1"
#677402000
0"
#677443000
b10110100 (
1"
#677484000
0"
#677525000
b10110011 (
1"
#677566000
0"
#677607000
b10110010 (
1"
#677648000
0"
#677689000
b10110001 (
1"
#677730000
0"
#677771000
b10110000 (
1"
#677812000
0"
#677853000
b10101111 (
1"
#677894000
0"
#677935000
b10101110 (
1"
#677976000
0"
#678017000
b10101101 (
1"
#678058000
0"
#678099000
b10101100 (
1"
#678140000
0"
#678181000
b10101011 (
1"
#678222000
0"
#678263000
b10101010 (
1"
#678304000
0"
#678345000
b10101001 (
1"
#678386000
0"
#678427000
b10101000 (
1"
#678468000
0"
#678509000
b10100111 (
1"
#678550000
0"
#678591000
b10100110 (
1"
#678632000
0"
#678673000
b10100101 (
1"
#678714000
0"
#678755000
b10100100 (
1"
#678796000
0"
#678837000
b10100011 (
1"
#678878000
0"
#678919000
b10100010 (
1"
#678960000
0"
#679001000
b10100001 (
1"
#679042000
0"
#679083000
b10100000 (
1"
#679124000
0"
#679165000
b10011111 (
1"
#679206000
0"
#679247000
b10011110 (
1"
#679288000
0"
#679329000
b10011101 (
1"
#679370000
0"
#679411000
b10011100 (
1"
#679452000
0"
#679493000
b10011011 (
1"
#679534000
0"
#679575000
b10011010 (
1"
#679616000
0"
#679657000
b10011001 (
1"
#679698000
0"
#679739000
b10011000 (
1"
#679780000
0"
#679821000
b10010111 (
1"
#679862000
0"
#679903000
b10010110 (
1"
#679944000
0"
#679985000
b10010101 (
1"
#680026000
0"
#680067000
b10010100 (
1"
#680108000
0"
#680149000
b10010011 (
1"
#680190000
0"
#680231000
b10010010 (
1"
#680272000
0"
#680313000
b10010001 (
1"
#680354000
0"
#680395000
b10010000 (
1"
#680436000
0"
#680477000
b10001111 (
1"
#680518000
0"
#680559000
b10001110 (
1"
#680600000
0"
#680641000
b10001101 (
1"
#680682000
0"
#680723000
b10001100 (
1"
#680764000
0"
#680805000
b10001011 (
1"
#680846000
0"
#680887000
b10001010 (
1"
#680928000
0"
#680969000
b10001001 (
1"
#681010000
0"
#681051000
b10001000 (
1"
#681092000
0"
#681133000
b10000111 (
1"
#681174000
0"
#681215000
b10000110 (
1"
#681256000
0"
#681297000
b10000101 (
1"
#681338000
0"
#681379000
b10000100 (
1"
#681420000
0"
#681461000
b10000011 (
1"
#681502000
0"
#681543000
b10000010 (
1"
#681584000
0"
#681625000
b10000001 (
1"
#681666000
0"
#681707000
b10000000 (
1"
#681748000
0"
#681789000
b1111111 (
1"
#681830000
0"
#681871000
b1111110 (
1"
#681912000
0"
#681953000
b1111101 (
1"
#681994000
0"
#682035000
b1111100 (
1"
#682076000
0"
#682117000
b1111011 (
1"
#682158000
0"
#682199000
b1111010 (
1"
#682240000
0"
#682281000
b1111001 (
1"
#682322000
0"
#682363000
b1111000 (
1"
#682404000
0"
#682445000
b1110111 (
1"
#682486000
0"
#682527000
b1110110 (
1"
#682568000
0"
#682609000
b1110101 (
1"
#682650000
0"
#682691000
b1110100 (
1"
#682732000
0"
#682773000
b1110011 (
1"
#682814000
0"
#682855000
b1110010 (
1"
#682896000
0"
#682937000
b1110001 (
1"
#682978000
0"
#683019000
b1110000 (
1"
#683060000
0"
#683101000
b1101111 (
1"
#683142000
0"
#683183000
b1101110 (
1"
#683224000
0"
#683265000
b1101101 (
1"
#683306000
0"
#683347000
b1101100 (
1"
#683388000
0"
#683429000
b1101011 (
1"
#683470000
0"
#683511000
b1101010 (
1"
#683552000
0"
#683593000
b1101001 (
1"
#683634000
0"
#683675000
b1101000 (
1"
#683716000
0"
#683757000
b1100111 (
1"
#683798000
0"
#683839000
b1100110 (
1"
#683880000
0"
#683921000
b1100101 (
1"
#683962000
0"
#684003000
b1100100 (
1"
#684044000
0"
#684085000
b1100011 (
1"
#684126000
0"
#684167000
b1100010 (
1"
#684208000
0"
#684249000
b1100001 (
1"
#684290000
0"
#684331000
b1100000 (
1"
#684372000
0"
#684413000
b1011111 (
1"
#684454000
0"
#684495000
b1011110 (
1"
#684536000
0"
#684577000
b1011101 (
1"
#684618000
0"
#684659000
b1011100 (
1"
#684700000
0"
#684741000
b1011011 (
1"
#684782000
0"
#684823000
b1011010 (
1"
#684864000
0"
#684905000
b1011001 (
1"
#684946000
0"
#684987000
b1011000 (
1"
#685028000
0"
#685069000
b1010111 (
1"
#685110000
0"
#685151000
b1010110 (
1"
#685192000
0"
#685233000
b1010101 (
1"
#685274000
0"
#685315000
b1010100 (
1"
#685356000
0"
#685397000
b1010011 (
1"
#685438000
0"
#685479000
b1010010 (
1"
#685520000
0"
#685561000
b1010001 (
1"
#685602000
0"
#685643000
b1010000 (
1"
#685684000
0"
#685725000
b1001111 (
1"
#685766000
0"
#685807000
b1001110 (
1"
#685848000
0"
#685889000
b1001101 (
1"
#685930000
0"
#685971000
b1001100 (
1"
#686012000
0"
#686053000
b1001011 (
1"
#686094000
0"
#686135000
b1001010 (
1"
#686176000
0"
#686217000
b1001001 (
1"
#686258000
0"
#686299000
b1001000 (
1"
#686340000
0"
#686381000
b1000111 (
1"
#686422000
0"
#686463000
b1000110 (
1"
#686504000
0"
#686545000
b1000101 (
1"
#686586000
0"
#686627000
b1000100 (
1"
#686668000
0"
#686709000
b1000011 (
1"
#686750000
0"
#686791000
b1000010 (
1"
#686832000
0"
#686873000
b1000001 (
1"
#686914000
0"
#686955000
b1000000 (
1"
#686996000
0"
#687037000
b111111 (
1"
#687078000
0"
#687119000
b111110 (
1"
#687160000
0"
#687201000
b111101 (
1"
#687242000
0"
#687283000
b111100 (
1"
#687324000
0"
#687365000
b111011 (
1"
#687406000
0"
#687447000
b111010 (
1"
#687488000
0"
#687529000
b111001 (
1"
#687570000
0"
#687611000
b111000 (
1"
#687652000
0"
#687693000
b110111 (
1"
#687734000
0"
#687775000
b110110 (
1"
#687816000
0"
#687857000
b110101 (
1"
#687898000
0"
#687939000
b110100 (
1"
#687980000
0"
#688021000
b110011 (
1"
#688062000
0"
#688103000
b110010 (
1"
#688144000
0"
#688185000
b110001 (
1"
#688226000
0"
#688267000
b110000 (
1"
#688308000
0"
#688349000
b101111 (
1"
#688390000
0"
#688431000
b101110 (
1"
#688472000
0"
#688513000
b101101 (
1"
#688554000
0"
#688595000
b101100 (
1"
#688636000
0"
#688677000
b101011 (
1"
#688718000
0"
#688759000
b101010 (
1"
#688800000
0"
#688841000
b101001 (
1"
#688882000
0"
#688923000
b101000 (
1"
#688964000
0"
#689005000
b100111 (
1"
#689046000
0"
#689087000
b100110 (
1"
#689128000
0"
#689169000
b100101 (
1"
#689210000
0"
#689251000
b100100 (
1"
#689292000
0"
#689333000
b100011 (
1"
#689374000
0"
#689415000
b100010 (
1"
#689456000
0"
#689497000
b100001 (
1"
#689538000
0"
#689579000
b100000 (
1"
#689620000
0"
#689661000
b11111 (
1"
#689702000
0"
#689743000
b11110 (
1"
#689784000
0"
#689825000
b11101 (
1"
#689866000
0"
#689907000
b11100 (
1"
#689948000
0"
#689989000
b11011 (
1"
#690030000
0"
#690071000
b11010 (
1"
#690112000
0"
#690153000
b11001 (
1"
#690194000
0"
#690235000
b11000 (
1"
#690276000
0"
#690317000
b10111 (
1"
#690358000
0"
#690399000
b10110 (
1"
#690440000
0"
#690481000
b10101 (
1"
#690522000
0"
#690563000
b10100 (
1"
#690604000
0"
#690645000
b10011 (
1"
#690686000
0"
#690727000
b10010 (
1"
#690768000
0"
#690809000
b10001 (
1"
#690850000
0"
#690891000
b10000 (
1"
#690932000
0"
#690973000
b1111 (
1"
#691014000
0"
#691055000
b1110 (
1"
#691096000
0"
#691137000
b1101 (
1"
#691178000
0"
#691219000
b1100 (
1"
#691260000
0"
#691301000
b1011 (
1"
#691342000
0"
#691383000
b1010 (
1"
#691424000
0"
#691465000
b1001 (
1"
#691506000
0"
#691547000
b1000 (
1"
#691588000
0"
#691629000
b111 (
1"
#691670000
0"
#691711000
b110 (
1"
#691752000
0"
#691793000
b101 (
1"
#691834000
0"
#691875000
b100 (
1"
#691916000
0"
#691957000
b11 (
1"
#691998000
0"
#692039000
b10 (
1"
#692080000
0"
#692121000
b1 (
1"
#692162000
0"
#692203000
b0 (
1"
#692244000
0"
#692285000
b10101001000000111101 &
0!
b101001101 (
1"
#692326000
0"
#692367000
b101001100 (
1"
#692408000
0"
#692449000
b101001011 (
1"
#692490000
0"
#692531000
b101001010 (
1"
#692572000
0"
#692613000
b101001001 (
1"
#692654000
0"
#692695000
b101001000 (
1"
#692736000
0"
#692777000
b101000111 (
1"
#692818000
0"
#692859000
b101000110 (
1"
#692900000
0"
#692941000
b101000101 (
1"
#692982000
0"
#693023000
b101000100 (
1"
#693064000
0"
#693105000
b101000011 (
1"
#693146000
0"
#693187000
b101000010 (
1"
#693228000
0"
#693269000
b101000001 (
1"
#693310000
0"
#693351000
b101000000 (
1"
#693392000
0"
#693433000
b100111111 (
1"
#693474000
0"
#693515000
b100111110 (
1"
#693556000
0"
#693597000
b100111101 (
1"
#693638000
0"
#693679000
b100111100 (
1"
#693720000
0"
#693761000
b100111011 (
1"
#693802000
0"
#693843000
b100111010 (
1"
#693884000
0"
#693925000
b100111001 (
1"
#693966000
0"
#694007000
b100111000 (
1"
#694048000
0"
#694089000
b100110111 (
1"
#694130000
0"
#694171000
b100110110 (
1"
#694212000
0"
#694253000
b100110101 (
1"
#694294000
0"
#694335000
b100110100 (
1"
#694376000
0"
#694417000
b100110011 (
1"
#694458000
0"
#694499000
b100110010 (
1"
#694540000
0"
#694581000
b100110001 (
1"
#694622000
0"
#694663000
b100110000 (
1"
#694704000
0"
#694745000
b100101111 (
1"
#694786000
0"
#694827000
b100101110 (
1"
#694868000
0"
#694909000
b100101101 (
1"
#694950000
0"
#694991000
b100101100 (
1"
#695032000
0"
#695073000
b100101011 (
1"
#695114000
0"
#695155000
b100101010 (
1"
#695196000
0"
#695237000
b100101001 (
1"
#695278000
0"
#695319000
b100101000 (
1"
#695360000
0"
#695401000
b100100111 (
1"
#695442000
0"
#695483000
b100100110 (
1"
#695524000
0"
#695565000
b100100101 (
1"
#695606000
0"
#695647000
b100100100 (
1"
#695688000
0"
#695729000
b100100011 (
1"
#695770000
0"
#695811000
b100100010 (
1"
#695852000
0"
#695893000
b100100001 (
1"
#695934000
0"
#695975000
b100100000 (
1"
#696016000
0"
#696057000
b100011111 (
1"
#696098000
0"
#696139000
b100011110 (
1"
#696180000
0"
#696221000
b100011101 (
1"
#696262000
0"
#696303000
b100011100 (
1"
#696344000
0"
#696385000
b100011011 (
1"
#696426000
0"
#696467000
b100011010 (
1"
#696508000
0"
#696549000
b100011001 (
1"
#696590000
0"
#696631000
b100011000 (
1"
#696672000
0"
#696713000
b100010111 (
1"
#696754000
0"
#696795000
b100010110 (
1"
#696836000
0"
#696877000
b100010101 (
1"
#696918000
0"
#696959000
b100010100 (
1"
#697000000
0"
#697041000
b100010011 (
1"
#697082000
0"
#697123000
b100010010 (
1"
#697164000
0"
#697205000
b100010001 (
1"
#697246000
0"
#697287000
b100010000 (
1"
#697328000
0"
#697369000
b100001111 (
1"
#697410000
0"
#697451000
b100001110 (
1"
#697492000
0"
#697533000
b100001101 (
1"
#697574000
0"
#697615000
b100001100 (
1"
#697656000
0"
#697697000
b100001011 (
1"
#697738000
0"
#697779000
b100001010 (
1"
#697820000
0"
#697861000
b100001001 (
1"
#697902000
0"
#697943000
b100001000 (
1"
#697984000
0"
#698025000
b100000111 (
1"
#698066000
0"
#698107000
b100000110 (
1"
#698148000
0"
#698189000
b100000101 (
1"
#698230000
0"
#698271000
b100000100 (
1"
#698312000
0"
#698353000
b100000011 (
1"
#698394000
0"
#698435000
b100000010 (
1"
#698476000
0"
#698517000
b100000001 (
1"
#698558000
0"
#698599000
b100000000 (
1"
#698640000
0"
#698681000
b11111111 (
1"
#698722000
0"
#698763000
b11111110 (
1"
#698804000
0"
#698845000
b11111101 (
1"
#698886000
0"
#698927000
b11111100 (
1"
#698968000
0"
#699009000
b11111011 (
1"
#699050000
0"
#699091000
b11111010 (
1"
#699132000
0"
#699173000
b11111001 (
1"
#699214000
0"
#699255000
b11111000 (
1"
#699296000
0"
#699337000
b11110111 (
1"
#699378000
0"
#699419000
b11110110 (
1"
#699460000
0"
#699501000
b11110101 (
1"
#699542000
0"
#699583000
b11110100 (
1"
#699624000
0"
#699665000
b11110011 (
1"
#699706000
0"
#699747000
b11110010 (
1"
#699788000
0"
#699829000
b11110001 (
1"
#699870000
0"
#699911000
b11110000 (
1"
#699952000
0"
#699993000
b11101111 (
1"
#700034000
0"
#700075000
b11101110 (
1"
#700116000
0"
#700157000
b11101101 (
1"
#700198000
0"
#700239000
b11101100 (
1"
#700280000
0"
#700321000
b11101011 (
1"
#700362000
0"
#700403000
b11101010 (
1"
#700444000
0"
#700485000
b11101001 (
1"
#700526000
0"
#700567000
b11101000 (
1"
#700608000
0"
#700649000
b11100111 (
1"
#700690000
0"
#700731000
b11100110 (
1"
#700772000
0"
#700813000
b11100101 (
1"
#700854000
0"
#700895000
b11100100 (
1"
#700936000
0"
#700977000
b11100011 (
1"
#701018000
0"
#701059000
b11100010 (
1"
#701100000
0"
#701141000
b11100001 (
1"
#701182000
0"
#701223000
b11100000 (
1"
#701264000
0"
#701305000
b11011111 (
1"
#701346000
0"
#701387000
b11011110 (
1"
#701428000
0"
#701469000
b11011101 (
1"
#701510000
0"
#701551000
b11011100 (
1"
#701592000
0"
#701633000
b11011011 (
1"
#701674000
0"
#701715000
b11011010 (
1"
#701756000
0"
#701797000
b11011001 (
1"
#701838000
0"
#701879000
b11011000 (
1"
#701920000
0"
#701961000
b11010111 (
1"
#702002000
0"
#702043000
b11010110 (
1"
#702084000
0"
#702125000
b11010101 (
1"
#702166000
0"
#702207000
b11010100 (
1"
#702248000
0"
#702289000
b11010011 (
1"
#702330000
0"
#702371000
b11010010 (
1"
#702412000
0"
#702453000
b11010001 (
1"
#702494000
0"
#702535000
b11010000 (
1"
#702576000
0"
#702617000
b11001111 (
1"
#702658000
0"
#702699000
b11001110 (
1"
#702740000
0"
#702781000
b11001101 (
1"
#702822000
0"
#702863000
b11001100 (
1"
#702904000
0"
#702945000
b11001011 (
1"
#702986000
0"
#703027000
b11001010 (
1"
#703068000
0"
#703109000
b11001001 (
1"
#703150000
0"
#703191000
b11001000 (
1"
#703232000
0"
#703273000
b11000111 (
1"
#703314000
0"
#703355000
b11000110 (
1"
#703396000
0"
#703437000
b11000101 (
1"
#703478000
0"
#703519000
b11000100 (
1"
#703560000
0"
#703601000
b11000011 (
1"
#703642000
0"
#703683000
b11000010 (
1"
#703724000
0"
#703765000
b11000001 (
1"
#703806000
0"
#703847000
b11000000 (
1"
#703888000
0"
#703929000
b10111111 (
1"
#703970000
0"
#704011000
b10111110 (
1"
#704052000
0"
#704093000
b10111101 (
1"
#704134000
0"
#704175000
b10111100 (
1"
#704216000
0"
#704257000
b10111011 (
1"
#704298000
0"
#704339000
b10111010 (
1"
#704380000
0"
#704421000
b10111001 (
1"
#704462000
0"
#704503000
b10111000 (
1"
#704544000
0"
#704585000
b10110111 (
1"
#704626000
0"
#704667000
b10110110 (
1"
#704708000
0"
#704749000
b10110101 (
1"
#704790000
0"
#704831000
b10110100 (
1"
#704872000
0"
#704913000
b10110011 (
1"
#704954000
0"
#704995000
b10110010 (
1"
#705036000
0"
#705077000
b10110001 (
1"
#705118000
0"
#705159000
b10110000 (
1"
#705200000
0"
#705241000
b10101111 (
1"
#705282000
0"
#705323000
b10101110 (
1"
#705364000
0"
#705405000
b10101101 (
1"
#705446000
0"
#705487000
b10101100 (
1"
#705528000
0"
#705569000
b10101011 (
1"
#705610000
0"
#705651000
b10101010 (
1"
#705692000
0"
#705733000
b10101001 (
1"
#705774000
0"
#705815000
b10101000 (
1"
#705856000
0"
#705897000
b10100111 (
1"
#705938000
0"
#705979000
b10100110 (
1"
#706020000
0"
#706061000
b10100101 (
1"
#706102000
0"
#706143000
b10100100 (
1"
#706184000
0"
#706225000
b10100011 (
1"
#706266000
0"
#706307000
b10100010 (
1"
#706348000
0"
#706389000
b10100001 (
1"
#706430000
0"
#706471000
b10100000 (
1"
#706512000
0"
#706553000
b10011111 (
1"
#706594000
0"
#706635000
b10011110 (
1"
#706676000
0"
#706717000
b10011101 (
1"
#706758000
0"
#706799000
b10011100 (
1"
#706840000
0"
#706881000
b10011011 (
1"
#706922000
0"
#706963000
b10011010 (
1"
#707004000
0"
#707045000
b10011001 (
1"
#707086000
0"
#707127000
b10011000 (
1"
#707168000
0"
#707209000
b10010111 (
1"
#707250000
0"
#707291000
b10010110 (
1"
#707332000
0"
#707373000
b10010101 (
1"
#707414000
0"
#707455000
b10010100 (
1"
#707496000
0"
#707537000
b10010011 (
1"
#707578000
0"
#707619000
b10010010 (
1"
#707660000
0"
#707701000
b10010001 (
1"
#707742000
0"
#707783000
b10010000 (
1"
#707824000
0"
#707865000
b10001111 (
1"
#707906000
0"
#707947000
b10001110 (
1"
#707988000
0"
#708029000
b10001101 (
1"
#708070000
0"
#708111000
b10001100 (
1"
#708152000
0"
#708193000
b10001011 (
1"
#708234000
0"
#708275000
b10001010 (
1"
#708316000
0"
#708357000
b10001001 (
1"
#708398000
0"
#708439000
b10001000 (
1"
#708480000
0"
#708521000
b10000111 (
1"
#708562000
0"
#708603000
b10000110 (
1"
#708644000
0"
#708685000
b10000101 (
1"
#708726000
0"
#708767000
b10000100 (
1"
#708808000
0"
#708849000
b10000011 (
1"
#708890000
0"
#708931000
b10000010 (
1"
#708972000
0"
#709013000
b10000001 (
1"
#709054000
0"
#709095000
b10000000 (
1"
#709136000
0"
#709177000
b1111111 (
1"
#709218000
0"
#709259000
b1111110 (
1"
#709300000
0"
#709341000
b1111101 (
1"
#709382000
0"
#709423000
b1111100 (
1"
#709464000
0"
#709505000
b1111011 (
1"
#709546000
0"
#709587000
b1111010 (
1"
#709628000
0"
#709669000
b1111001 (
1"
#709710000
0"
#709751000
b1111000 (
1"
#709792000
0"
#709833000
b1110111 (
1"
#709874000
0"
#709915000
b1110110 (
1"
#709956000
0"
#709997000
b1110101 (
1"
#710038000
0"
#710079000
b1110100 (
1"
#710120000
0"
#710161000
b1110011 (
1"
#710202000
0"
#710243000
b1110010 (
1"
#710284000
0"
#710325000
b1110001 (
1"
#710366000
0"
#710407000
b1110000 (
1"
#710448000
0"
#710489000
b1101111 (
1"
#710530000
0"
#710571000
b1101110 (
1"
#710612000
0"
#710653000
b1101101 (
1"
#710694000
0"
#710735000
b1101100 (
1"
#710776000
0"
#710817000
b1101011 (
1"
#710858000
0"
#710899000
b1101010 (
1"
#710940000
0"
#710981000
b1101001 (
1"
#711022000
0"
#711063000
b1101000 (
1"
#711104000
0"
#711145000
b1100111 (
1"
#711186000
0"
#711227000
b1100110 (
1"
#711268000
0"
#711309000
b1100101 (
1"
#711350000
0"
#711391000
b1100100 (
1"
#711432000
0"
#711473000
b1100011 (
1"
#711514000
0"
#711555000
b1100010 (
1"
#711596000
0"
#711637000
b1100001 (
1"
#711678000
0"
#711719000
b1100000 (
1"
#711760000
0"
#711801000
b1011111 (
1"
#711842000
0"
#711883000
b1011110 (
1"
#711924000
0"
#711965000
b1011101 (
1"
#712006000
0"
#712047000
b1011100 (
1"
#712088000
0"
#712129000
b1011011 (
1"
#712170000
0"
#712211000
b1011010 (
1"
#712252000
0"
#712293000
b1011001 (
1"
#712334000
0"
#712375000
b1011000 (
1"
#712416000
0"
#712457000
b1010111 (
1"
#712498000
0"
#712539000
b1010110 (
1"
#712580000
0"
#712621000
b1010101 (
1"
#712662000
0"
#712703000
b1010100 (
1"
#712744000
0"
#712785000
b1010011 (
1"
#712826000
0"
#712867000
b1010010 (
1"
#712908000
0"
#712949000
b1010001 (
1"
#712990000
0"
#713031000
b1010000 (
1"
#713072000
0"
#713113000
b1001111 (
1"
#713154000
0"
#713195000
b1001110 (
1"
#713236000
0"
#713277000
b1001101 (
1"
#713318000
0"
#713359000
b1001100 (
1"
#713400000
0"
#713441000
b1001011 (
1"
#713482000
0"
#713523000
b1001010 (
1"
#713564000
0"
#713605000
b1001001 (
1"
#713646000
0"
#713687000
b1001000 (
1"
#713728000
0"
#713769000
b1000111 (
1"
#713810000
0"
#713851000
b1000110 (
1"
#713892000
0"
#713933000
b1000101 (
1"
#713974000
0"
#714015000
b1000100 (
1"
#714056000
0"
#714097000
b1000011 (
1"
#714138000
0"
#714179000
b1000010 (
1"
#714220000
0"
#714261000
b1000001 (
1"
#714302000
0"
#714343000
b1000000 (
1"
#714384000
0"
#714425000
b111111 (
1"
#714466000
0"
#714507000
b111110 (
1"
#714548000
0"
#714589000
b111101 (
1"
#714630000
0"
#714671000
b111100 (
1"
#714712000
0"
#714753000
b111011 (
1"
#714794000
0"
#714835000
b111010 (
1"
#714876000
0"
#714917000
b111001 (
1"
#714958000
0"
#714999000
b111000 (
1"
#715040000
0"
#715081000
b110111 (
1"
#715122000
0"
#715163000
b110110 (
1"
#715204000
0"
#715245000
b110101 (
1"
#715286000
0"
#715327000
b110100 (
1"
#715368000
0"
#715409000
b110011 (
1"
#715450000
0"
#715491000
b110010 (
1"
#715532000
0"
#715573000
b110001 (
1"
#715614000
0"
#715655000
b110000 (
1"
#715696000
0"
#715737000
b101111 (
1"
#715778000
0"
#715819000
b101110 (
1"
#715860000
0"
#715901000
b101101 (
1"
#715942000
0"
#715983000
b101100 (
1"
#716024000
0"
#716065000
b101011 (
1"
#716106000
0"
#716147000
b101010 (
1"
#716188000
0"
#716229000
b101001 (
1"
#716270000
0"
#716311000
b101000 (
1"
#716352000
0"
#716393000
b100111 (
1"
#716434000
0"
#716475000
b100110 (
1"
#716516000
0"
#716557000
b100101 (
1"
#716598000
0"
#716639000
b100100 (
1"
#716680000
0"
#716721000
b100011 (
1"
#716762000
0"
#716803000
b100010 (
1"
#716844000
0"
#716885000
b100001 (
1"
#716926000
0"
#716967000
b100000 (
1"
#717008000
0"
#717049000
b11111 (
1"
#717090000
0"
#717131000
b11110 (
1"
#717172000
0"
#717213000
b11101 (
1"
#717254000
0"
#717295000
b11100 (
1"
#717336000
0"
#717377000
b11011 (
1"
#717418000
0"
#717459000
b11010 (
1"
#717500000
0"
#717541000
b11001 (
1"
#717582000
0"
#717623000
b11000 (
1"
#717664000
0"
#717705000
b10111 (
1"
#717746000
0"
#717787000
b10110 (
1"
#717828000
0"
#717869000
b10101 (
1"
#717910000
0"
#717951000
b10100 (
1"
#717992000
0"
#718033000
b10011 (
1"
#718074000
0"
#718115000
b10010 (
1"
#718156000
0"
#718197000
b10001 (
1"
#718238000
0"
#718279000
b10000 (
1"
#718320000
0"
#718361000
b1111 (
1"
#718402000
0"
#718443000
b1110 (
1"
#718484000
0"
#718525000
b1101 (
1"
#718566000
0"
#718607000
b1100 (
1"
#718648000
0"
#718689000
b1011 (
1"
#718730000
0"
#718771000
b1010 (
1"
#718812000
0"
#718853000
b1001 (
1"
#718894000
0"
#718935000
b1000 (
1"
#718976000
0"
#719017000
b111 (
1"
#719058000
0"
#719099000
b110 (
1"
#719140000
0"
#719181000
b101 (
1"
#719222000
0"
#719263000
b100 (
1"
#719304000
0"
#719345000
b11 (
1"
#719386000
0"
#719427000
b10 (
1"
#719468000
0"
#719509000
b1 (
1"
#719550000
0"
#719591000
b0 (
1"
#719632000
0"
#719673000
b10101111101100111001 &
1!
b101001101 (
1"
#719714000
0"
#719755000
b101001100 (
1"
#719796000
0"
#719837000
b101001011 (
1"
#719878000
0"
#719919000
b101001010 (
1"
#719960000
0"
#720001000
b101001001 (
1"
#720042000
0"
#720083000
b101001000 (
1"
#720124000
0"
#720165000
b101000111 (
1"
#720206000
0"
#720247000
b101000110 (
1"
#720288000
0"
#720329000
b101000101 (
1"
#720370000
0"
#720411000
b101000100 (
1"
#720452000
0"
#720493000
b101000011 (
1"
#720534000
0"
#720575000
b101000010 (
1"
#720616000
0"
#720657000
b101000001 (
1"
#720698000
0"
#720739000
b101000000 (
1"
#720780000
0"
#720821000
b100111111 (
1"
#720862000
0"
#720903000
b100111110 (
1"
#720944000
0"
#720985000
b100111101 (
1"
#721026000
0"
#721067000
b100111100 (
1"
#721108000
0"
#721149000
b100111011 (
1"
#721190000
0"
#721231000
b100111010 (
1"
#721272000
0"
#721313000
b100111001 (
1"
#721354000
0"
#721395000
b100111000 (
1"
#721436000
0"
#721477000
b100110111 (
1"
#721518000
0"
#721559000
b100110110 (
1"
#721600000
0"
#721641000
b100110101 (
1"
#721682000
0"
#721723000
b100110100 (
1"
#721764000
0"
#721805000
b100110011 (
1"
#721846000
0"
#721887000
b100110010 (
1"
#721928000
0"
#721969000
b100110001 (
1"
#722010000
0"
#722051000
b100110000 (
1"
#722092000
0"
#722133000
b100101111 (
1"
#722174000
0"
#722215000
b100101110 (
1"
#722256000
0"
#722297000
b100101101 (
1"
#722338000
0"
#722379000
b100101100 (
1"
#722420000
0"
#722461000
b100101011 (
1"
#722502000
0"
#722543000
b100101010 (
1"
#722584000
0"
#722625000
b100101001 (
1"
#722666000
0"
#722707000
b100101000 (
1"
#722748000
0"
#722789000
b100100111 (
1"
#722830000
0"
#722871000
b100100110 (
1"
#722912000
0"
#722953000
b100100101 (
1"
#722994000
0"
#723035000
b100100100 (
1"
#723076000
0"
#723117000
b100100011 (
1"
#723158000
0"
#723199000
b100100010 (
1"
#723240000
0"
#723281000
b100100001 (
1"
#723322000
0"
#723363000
b100100000 (
1"
#723404000
0"
#723445000
b100011111 (
1"
#723486000
0"
#723527000
b100011110 (
1"
#723568000
0"
#723609000
b100011101 (
1"
#723650000
0"
#723691000
b100011100 (
1"
#723732000
0"
#723773000
b100011011 (
1"
#723814000
0"
#723855000
b100011010 (
1"
#723896000
0"
#723937000
b100011001 (
1"
#723978000
0"
#724019000
b100011000 (
1"
#724060000
0"
#724101000
b100010111 (
1"
#724142000
0"
#724183000
b100010110 (
1"
#724224000
0"
#724265000
b100010101 (
1"
#724306000
0"
#724347000
b100010100 (
1"
#724388000
0"
#724429000
b100010011 (
1"
#724470000
0"
#724511000
b100010010 (
1"
#724552000
0"
#724593000
b100010001 (
1"
#724634000
0"
#724675000
b100010000 (
1"
#724716000
0"
#724757000
b100001111 (
1"
#724798000
0"
#724839000
b100001110 (
1"
#724880000
0"
#724921000
b100001101 (
1"
#724962000
0"
#725003000
b100001100 (
1"
#725044000
0"
#725085000
b100001011 (
1"
#725126000
0"
#725167000
b100001010 (
1"
#725208000
0"
#725249000
b100001001 (
1"
#725290000
0"
#725331000
b100001000 (
1"
#725372000
0"
#725413000
b100000111 (
1"
#725454000
0"
#725495000
b100000110 (
1"
#725536000
0"
#725577000
b100000101 (
1"
#725618000
0"
#725659000
b100000100 (
1"
#725700000
0"
#725741000
b100000011 (
1"
#725782000
0"
#725823000
b100000010 (
1"
#725864000
0"
#725905000
b100000001 (
1"
#725946000
0"
#725987000
b100000000 (
1"
#726028000
0"
#726069000
b11111111 (
1"
#726110000
0"
#726151000
b11111110 (
1"
#726192000
0"
#726233000
b11111101 (
1"
#726274000
0"
#726315000
b11111100 (
1"
#726356000
0"
#726397000
b11111011 (
1"
#726438000
0"
#726479000
b11111010 (
1"
#726520000
0"
#726561000
b11111001 (
1"
#726602000
0"
#726643000
b11111000 (
1"
#726684000
0"
#726725000
b11110111 (
1"
#726766000
0"
#726807000
b11110110 (
1"
#726848000
0"
#726889000
b11110101 (
1"
#726930000
0"
#726971000
b11110100 (
1"
#727012000
0"
#727053000
b11110011 (
1"
#727094000
0"
#727135000
b11110010 (
1"
#727176000
0"
#727217000
b11110001 (
1"
#727258000
0"
#727299000
b11110000 (
1"
#727340000
0"
#727381000
b11101111 (
1"
#727422000
0"
#727463000
b11101110 (
1"
#727504000
0"
#727545000
b11101101 (
1"
#727586000
0"
#727627000
b11101100 (
1"
#727668000
0"
#727709000
b11101011 (
1"
#727750000
0"
#727791000
b11101010 (
1"
#727832000
0"
#727873000
b11101001 (
1"
#727914000
0"
#727955000
b11101000 (
1"
#727996000
0"
#728037000
b11100111 (
1"
#728078000
0"
#728119000
b11100110 (
1"
#728160000
0"
#728201000
b11100101 (
1"
#728242000
0"
#728283000
b11100100 (
1"
#728324000
0"
#728365000
b11100011 (
1"
#728406000
0"
#728447000
b11100010 (
1"
#728488000
0"
#728529000
b11100001 (
1"
#728570000
0"
#728611000
b11100000 (
1"
#728652000
0"
#728693000
b11011111 (
1"
#728734000
0"
#728775000
b11011110 (
1"
#728816000
0"
#728857000
b11011101 (
1"
#728898000
0"
#728939000
b11011100 (
1"
#728980000
0"
#729021000
b11011011 (
1"
#729062000
0"
#729103000
b11011010 (
1"
#729144000
0"
#729185000
b11011001 (
1"
#729226000
0"
#729267000
b11011000 (
1"
#729308000
0"
#729349000
b11010111 (
1"
#729390000
0"
#729431000
b11010110 (
1"
#729472000
0"
#729513000
b11010101 (
1"
#729554000
0"
#729595000
b11010100 (
1"
#729636000
0"
#729677000
b11010011 (
1"
#729718000
0"
#729759000
b11010010 (
1"
#729800000
0"
#729841000
b11010001 (
1"
#729882000
0"
#729923000
b11010000 (
1"
#729964000
0"
#730005000
b11001111 (
1"
#730046000
0"
#730087000
b11001110 (
1"
#730128000
0"
#730169000
b11001101 (
1"
#730210000
0"
#730251000
b11001100 (
1"
#730292000
0"
#730333000
b11001011 (
1"
#730374000
0"
#730415000
b11001010 (
1"
#730456000
0"
#730497000
b11001001 (
1"
#730538000
0"
#730579000
b11001000 (
1"
#730620000
0"
#730661000
b11000111 (
1"
#730702000
0"
#730743000
b11000110 (
1"
#730784000
0"
#730825000
b11000101 (
1"
#730866000
0"
#730907000
b11000100 (
1"
#730948000
0"
#730989000
b11000011 (
1"
#731030000
0"
#731071000
b11000010 (
1"
#731112000
0"
#731153000
b11000001 (
1"
#731194000
0"
#731235000
b11000000 (
1"
#731276000
0"
#731317000
b10111111 (
1"
#731358000
0"
#731399000
b10111110 (
1"
#731440000
0"
#731481000
b10111101 (
1"
#731522000
0"
#731563000
b10111100 (
1"
#731604000
0"
#731645000
b10111011 (
1"
#731686000
0"
#731727000
b10111010 (
1"
#731768000
0"
#731809000
b10111001 (
1"
#731850000
0"
#731891000
b10111000 (
1"
#731932000
0"
#731973000
b10110111 (
1"
#732014000
0"
#732055000
b10110110 (
1"
#732096000
0"
#732137000
b10110101 (
1"
#732178000
0"
#732219000
b10110100 (
1"
#732260000
0"
#732301000
b10110011 (
1"
#732342000
0"
#732383000
b10110010 (
1"
#732424000
0"
#732465000
b10110001 (
1"
#732506000
0"
#732547000
b10110000 (
1"
#732588000
0"
#732629000
b10101111 (
1"
#732670000
0"
#732711000
b10101110 (
1"
#732752000
0"
#732793000
b10101101 (
1"
#732834000
0"
#732875000
b10101100 (
1"
#732916000
0"
#732957000
b10101011 (
1"
#732998000
0"
#733039000
b10101010 (
1"
#733080000
0"
#733121000
b10101001 (
1"
#733162000
0"
#733203000
b10101000 (
1"
#733244000
0"
#733285000
b10100111 (
1"
#733326000
0"
#733367000
b10100110 (
1"
#733408000
0"
#733449000
b10100101 (
1"
#733490000
0"
#733531000
b10100100 (
1"
#733572000
0"
#733613000
b10100011 (
1"
#733654000
0"
#733695000
b10100010 (
1"
#733736000
0"
#733777000
b10100001 (
1"
#733818000
0"
#733859000
b10100000 (
1"
#733900000
0"
#733941000
b10011111 (
1"
#733982000
0"
#734023000
b10011110 (
1"
#734064000
0"
#734105000
b10011101 (
1"
#734146000
0"
#734187000
b10011100 (
1"
#734228000
0"
#734269000
b10011011 (
1"
#734310000
0"
#734351000
b10011010 (
1"
#734392000
0"
#734433000
b10011001 (
1"
#734474000
0"
#734515000
b10011000 (
1"
#734556000
0"
#734597000
b10010111 (
1"
#734638000
0"
#734679000
b10010110 (
1"
#734720000
0"
#734761000
b10010101 (
1"
#734802000
0"
#734843000
b10010100 (
1"
#734884000
0"
#734925000
b10010011 (
1"
#734966000
0"
#735007000
b10010010 (
1"
#735048000
0"
#735089000
b10010001 (
1"
#735130000
0"
#735171000
b10010000 (
1"
#735212000
0"
#735253000
b10001111 (
1"
#735294000
0"
#735335000
b10001110 (
1"
#735376000
0"
#735417000
b10001101 (
1"
#735458000
0"
#735499000
b10001100 (
1"
#735540000
0"
#735581000
b10001011 (
1"
#735622000
0"
#735663000
b10001010 (
1"
#735704000
0"
#735745000
b10001001 (
1"
#735786000
0"
#735827000
b10001000 (
1"
#735868000
0"
#735909000
b10000111 (
1"
#735950000
0"
#735991000
b10000110 (
1"
#736032000
0"
#736073000
b10000101 (
1"
#736114000
0"
#736155000
b10000100 (
1"
#736196000
0"
#736237000
b10000011 (
1"
#736278000
0"
#736319000
b10000010 (
1"
#736360000
0"
#736401000
b10000001 (
1"
#736442000
0"
#736483000
b10000000 (
1"
#736524000
0"
#736565000
b1111111 (
1"
#736606000
0"
#736647000
b1111110 (
1"
#736688000
0"
#736729000
b1111101 (
1"
#736770000
0"
#736811000
b1111100 (
1"
#736852000
0"
#736893000
b1111011 (
1"
#736934000
0"
#736975000
b1111010 (
1"
#737016000
0"
#737057000
b1111001 (
1"
#737098000
0"
#737139000
b1111000 (
1"
#737180000
0"
#737221000
b1110111 (
1"
#737262000
0"
#737303000
b1110110 (
1"
#737344000
0"
#737385000
b1110101 (
1"
#737426000
0"
#737467000
b1110100 (
1"
#737508000
0"
#737549000
b1110011 (
1"
#737590000
0"
#737631000
b1110010 (
1"
#737672000
0"
#737713000
b1110001 (
1"
#737754000
0"
#737795000
b1110000 (
1"
#737836000
0"
#737877000
b1101111 (
1"
#737918000
0"
#737959000
b1101110 (
0#
1"
#738000000
0"
#738041000
b10110100001011111001 &
b11100000 %
0!
b0 (
1"
#738082000
0"
#738123000
1"
#738164000
0"
#738205000
1"
#738246000
0"
#738287000
1"
#738328000
0"
#738369000
1"
#738410000
0"
#738451000
1"
#738492000
0"
#738533000
1"
#738574000
0"
#738615000
1"
#738656000
0"
#738697000
1"
#738738000
0"
#738779000
1"
#738820000
0"
#738861000
1"
#738902000
0"
#738943000
1"
#738984000
0"
#739025000
1"
#739066000
0"
#739107000
1"
#739148000
0"
#739189000
1"
#739230000
0"
#739271000
1"
#739312000
0"
#739353000
1"
#739394000
0"
#739435000
1"
#739476000
0"
#739517000
1"
#739558000
0"
#739599000
1"
#739640000
0"
#739681000
1"
#739722000
0"
#739763000
1"
#739804000
0"
#739845000
1"
#739886000
0"
#739927000
1"
#739968000
0"
#740009000
1"
#740050000
0"
#740091000
1"
#740132000
0"
#740173000
1"
#740214000
0"
#740255000
1"
#740296000
0"
#740337000
1"
#740378000
0"
#740419000
1"
#740460000
0"
#740501000
1"
#740542000
0"
#740583000
1"
#740624000
0"
#740665000
1"
#740706000
0"
#740747000
1"
#740788000
0"
#740829000
1"
#740870000
0"
#740911000
1"
#740952000
0"
#740993000
1"
#741034000
0"
#741075000
1"
#741116000
0"
#741157000
1"
#741198000
0"
#741239000
1"
#741280000
0"
#741321000
1"
#741362000
0"
#741403000
1"
#741444000
0"
#741485000
1"
#741526000
0"
#741567000
1"
#741608000
0"
#741649000
1"
#741690000
0"
#741731000
1"
#741772000
0"
#741813000
1"
#741854000
0"
#741895000
1"
#741936000
0"
#741977000
1"
#742018000
0"
#742059000
1"
#742100000
0"
#742141000
1"
#742182000
0"
#742223000
1"
#742264000
0"
#742305000
1"
#742346000
0"
#742387000
1"
#742428000
0"
#742469000
1"
#742510000
0"
#742551000
1"
#742592000
0"
#742633000
1"
#742674000
0"
#742715000
1"
#742756000
0"
#742797000
1"
#742838000
0"
#742879000
1"
#742920000
0"
#742961000
1"
#743002000
0"
#743043000
1"
#743084000
0"
#743125000
1"
#743166000
0"
#743207000
1"
#743248000
0"
#743289000
1"
#743330000
0"
#743371000
1"
#743412000
0"
#743453000
1"
#743494000
0"
#743535000
1"
#743576000
0"
#743617000
1"
#743658000
0"
#743699000
1"
#743740000
0"
#743781000
1"
#743822000
0"
#743863000
1"
#743904000
0"
#743945000
1"
#743986000
0"
#744027000
1"
#744068000
0"
#744109000
1"
#744150000
0"
#744191000
1"
#744232000
0"
#744273000
1"
#744314000
0"
#744355000
1"
#744396000
0"
#744437000
1"
#744478000
0"
#744519000
1"
#744560000
0"
#744601000
1"
#744642000
0"
#744683000
1"
#744724000
0"
#744765000
1"
#744806000
0"
#744847000
1"
#744888000
0"
#744929000
1"
#744970000
0"
#745011000
1"
#745052000
0"
#745093000
1"
#745134000
0"
#745175000
1"
#745216000
0"
#745257000
1"
#745298000
0"
#745339000
1"
#745380000
0"
#745421000
1"
#745462000
0"
#745503000
1"
#745544000
0"
#745585000
1"
#745626000
0"
#745667000
1"
#745708000
0"
#745749000
1"
#745790000
0"
#745831000
1"
#745872000
0"
#745913000
1"
#745954000
0"
#745995000
1"
#746036000
0"
#746077000
1"
#746118000
0"
#746159000
1"
