$date
	Tue Apr 28 22:35:47 2026
$end
$version
	Icarus Verilog
$end
$timescale
	1ps
$end
$scope module tb_sonic_shield_top $end
$var wire 1 ! shadow_speaker $end
$var wire 1 " shadow_uart $end
$var wire 1 # uart_tx_wire $end
$var wire 1 $ status_led $end
$var wire 1 % speaker_out $end
$var wire 1 & shadow_led $end
$var reg 1 ' clk $end
$var reg 1 ( mic_in $end
$var reg 1 ) pir_in $end
$var reg 1 * rst_n $end
$var integer 32 + saw_toggle [31:0] $end
$scope module dut_active $end
$var wire 1 ' clk $end
$var wire 1 ( mic_in $end
$var wire 1 ) pir_in $end
$var wire 1 , rf_tx $end
$var wire 1 * rst_n $end
$var wire 1 % speaker_out $end
$var wire 1 $ status_led $end
$var wire 1 # uart_tx $end
$var wire 16 - tone_val [15:0] $end
$var wire 1 . tick_1hz $end
$var wire 1 / pwm_out $end
$var wire 16 0 lfsr [15:0] $end
$var reg 1 1 deterrent_en $end
$scope module hb_inst $end
$var wire 1 ' clk $end
$var wire 1 * rst_n $end
$var reg 24 2 counter [23:0] $end
$var reg 1 . tick $end
$upscope $end
$scope module prng_inst $end
$var wire 1 . advance $end
$var wire 1 ' clk $end
$var wire 1 3 feedback $end
$var wire 16 4 lfsr_out [15:0] $end
$var wire 1 * rst_n $end
$var reg 16 5 lfsr [15:0] $end
$upscope $end
$scope module pwm_inst $end
$var wire 1 ' clk $end
$var wire 1 1 enable $end
$var wire 16 6 tone_val [15:0] $end
$var reg 16 7 counter [15:0] $end
$var reg 1 / speaker_out $end
$upscope $end
$upscope $end
$scope module dut_shadow $end
$var wire 1 ' clk $end
$var wire 1 ( mic_in $end
$var wire 1 ) pir_in $end
$var wire 1 8 rf_tx $end
$var wire 1 * rst_n $end
$var wire 1 ! speaker_out $end
$var wire 1 & status_led $end
$var wire 1 " uart_tx $end
$var wire 16 9 tone_val [15:0] $end
$var wire 1 : tick_1hz $end
$var wire 1 ; pwm_out $end
$var wire 16 < lfsr [15:0] $end
$var reg 1 = deterrent_en $end
$scope module hb_inst $end
$var wire 1 ' clk $end
$var wire 1 * rst_n $end
$var reg 24 > counter [23:0] $end
$var reg 1 : tick $end
$upscope $end
$scope module prng_inst $end
$var wire 1 : advance $end
$var wire 1 ' clk $end
$var wire 1 ? feedback $end
$var wire 16 @ lfsr_out [15:0] $end
$var wire 1 * rst_n $end
$var reg 16 A lfsr [15:0] $end
$upscope $end
$scope module pwm_inst $end
$var wire 1 ' clk $end
$var wire 1 = enable $end
$var wire 16 B tone_val [15:0] $end
$var reg 16 C counter [15:0] $end
$var reg 1 ; speaker_out $end
$upscope $end
$upscope $end
$scope begin check_pir $end
$var integer 32 D j [31:0] $end
$upscope $end
$scope begin check_pwm $end
$var integer 32 E k [31:0] $end
$upscope $end
$scope task wait_cycles $end
$var integer 32 F n [31:0] $end
$upscope $end
$upscope $end
$enddefinitions $end
#0
$dumpvars
b1010 F
bx E
bx D
bx C
b101010111 B
b1010110011100001 A
b1010110011100001 @
1?
b0 >
0=
b1010110011100001 <
x;
0:
b101010111 9
08
bx 7
b101010111 6
b1010110011100001 5
b1010110011100001 4
13
b0 2
01
b1010110011100001 0
x/
0.
b101010111 -
0,
bx +
0*
0)
0(
0'
0&
x%
0$
1#
1"
0!
$end
#41000
0%
0/
b0 7
0;
b0 C
1'
#82000
0'
#123000
1'
#164000
0'
#205000
1'
#246000
0'
#287000
1'
#328000
0'
#369000
1'
#410000
0'
#451000
1'
#492000
0'
#533000
1'
#574000
0'
#615000
1'
#656000
0'
#697000
1'
#738000
0'
#779000
b1 2
b1 >
b101 F
1*
1'
#820000
0'
#861000
b10 >
b10 2
1'
#902000
0'
#943000
b11 2
b11 >
1'
#984000
0'
#1025000
b100 >
b100 2
1'
#1066000
0'
#1107000
b101 2
b101 >
1'
#1148000
0'
#1189000
b110 >
b110 2
b1111101000 F
1'
#1230000
0'
#1271000
b111 2
b111 >
1'
#1312000
0'
#1353000
b1000 >
b1000 2
1'
#1394000
0'
#1435000
b1001 2
b1001 >
1'
#1476000
0'
#1517000
b1010 >
b1010 2
1'
#1558000
0'
#1599000
b1011 2
b1011 >
1'
#1640000
0'
#1681000
b1100 >
b1100 2
1'
#1722000
0'
#1763000
b1101 2
b1101 >
1'
#1804000
0'
#1845000
b1110 >
b1110 2
1'
#1886000
0'
#1927000
b1111 2
b1111 >
1'
#1968000
0'
#2009000
b10000 >
b10000 2
1'
#2050000
0'
#2091000
b10001 2
b10001 >
1'
#2132000
0'
#2173000
b10010 >
b10010 2
1'
#2214000
0'
#2255000
b10011 2
b10011 >
1'
#2296000
0'
#2337000
b10100 >
b10100 2
1'
#2378000
0'
#2419000
b10101 2
b10101 >
1'
#2460000
0'
#2501000
b10110 >
b10110 2
1'
#2542000
0'
#2583000
b10111 2
b10111 >
1'
#2624000
0'
#2665000
b11000 >
b11000 2
1'
#2706000
0'
#2747000
b11001 2
b11001 >
1'
#2788000
0'
#2829000
b11010 >
b11010 2
1'
#2870000
0'
#2911000
b11011 2
b11011 >
1'
#2952000
0'
#2993000
b11100 >
b11100 2
1'
#3034000
0'
#3075000
b11101 2
b11101 >
1'
#3116000
0'
#3157000
b11110 >
b11110 2
1'
#3198000
0'
#3239000
b11111 2
b11111 >
1'
#3280000
0'
#3321000
b100000 >
b100000 2
1'
#3362000
0'
#3403000
b100001 2
b100001 >
1'
#3444000
0'
#3485000
b100010 >
b100010 2
1'
#3526000
0'
#3567000
b100011 2
b100011 >
1'
#3608000
0'
#3649000
b100100 >
b100100 2
1'
#3690000
0'
#3731000
b100101 2
b100101 >
1'
#3772000
0'
#3813000
b100110 >
b100110 2
1'
#3854000
0'
#3895000
b100111 2
b100111 >
1'
#3936000
0'
#3977000
b101000 >
b101000 2
1'
#4018000
0'
#4059000
b101001 2
b101001 >
1'
#4100000
0'
#4141000
b101010 >
b101010 2
1'
#4182000
0'
#4223000
b101011 2
b101011 >
1'
#4264000
0'
#4305000
b101100 >
b101100 2
1'
#4346000
0'
#4387000
b101101 2
b101101 >
1'
#4428000
0'
#4469000
b101110 >
b101110 2
1'
#4510000
0'
#4551000
b101111 2
b101111 >
1'
#4592000
0'
#4633000
b110000 >
b110000 2
1'
#4674000
0'
#4715000
b110001 2
b110001 >
1'
#4756000
0'
#4797000
b110010 >
b110010 2
1'
#4838000
0'
#4879000
b110011 2
b110011 >
1'
#4920000
0'
#4961000
b110100 >
b110100 2
1'
#5002000
0'
#5043000
b110101 2
b110101 >
1'
#5084000
0'
#5125000
b110110 >
b110110 2
1'
#5166000
0'
#5207000
b110111 2
b110111 >
1'
#5248000
0'
#5289000
b111000 >
b111000 2
1'
#5330000
0'
#5371000
b111001 2
b111001 >
1'
#5412000
0'
#5453000
b111010 >
b111010 2
1'
#5494000
0'
#5535000
b111011 2
b111011 >
1'
#5576000
0'
#5617000
b111100 >
b111100 2
1'
#5658000
0'
#5699000
b111101 2
b111101 >
1'
#5740000
0'
#5781000
b111110 >
b111110 2
1'
#5822000
0'
#5863000
b111111 2
b111111 >
1'
#5904000
0'
#5945000
b1000000 >
b1000000 2
1'
#5986000
0'
#6027000
b1000001 2
b1000001 >
1'
#6068000
0'
#6109000
b1000010 >
b1000010 2
1'
#6150000
0'
#6191000
b1000011 2
b1000011 >
1'
#6232000
0'
#6273000
b1000100 >
b1000100 2
1'
#6314000
0'
#6355000
b1000101 2
b1000101 >
1'
#6396000
0'
#6437000
b1000110 >
b1000110 2
1'
#6478000
0'
#6519000
b1000111 2
b1000111 >
1'
#6560000
0'
#6601000
b1001000 >
b1001000 2
1'
#6642000
0'
#6683000
b1001001 2
b1001001 >
1'
#6724000
0'
#6765000
b1001010 >
b1001010 2
1'
#6806000
0'
#6847000
b1001011 2
b1001011 >
1'
#6888000
0'
#6929000
b1001100 >
b1001100 2
1'
#6970000
0'
#7011000
b1001101 2
b1001101 >
1'
#7052000
0'
#7093000
b1001110 >
b1001110 2
1'
#7134000
0'
#7175000
b1001111 2
b1001111 >
1'
#7216000
0'
#7257000
b1010000 >
b1010000 2
1'
#7298000
0'
#7339000
b1010001 2
b1010001 >
1'
#7380000
0'
#7421000
b1010010 >
b1010010 2
1'
#7462000
0'
#7503000
b1010011 2
b1010011 >
1'
#7544000
0'
#7585000
b1010100 >
b1010100 2
1'
#7626000
0'
#7667000
b1010101 2
b1010101 >
1'
#7708000
0'
#7749000
b1010110 >
b1010110 2
1'
#7790000
0'
#7831000
b1010111 2
b1010111 >
1'
#7872000
0'
#7913000
b1011000 >
b1011000 2
1'
#7954000
0'
#7995000
b1011001 2
b1011001 >
1'
#8036000
0'
#8077000
b1011010 >
b1011010 2
1'
#8118000
0'
#8159000
b1011011 2
b1011011 >
1'
#8200000
0'
#8241000
b1011100 >
b1011100 2
1'
#8282000
0'
#8323000
b1011101 2
b1011101 >
1'
#8364000
0'
#8405000
b1011110 >
b1011110 2
1'
#8446000
0'
#8487000
b1011111 2
b1011111 >
1'
#8528000
0'
#8569000
b1100000 >
b1100000 2
1'
#8610000
0'
#8651000
b1100001 2
b1100001 >
1'
#8692000
0'
#8733000
b1100010 >
b1100010 2
1'
#8774000
0'
#8815000
b1100011 2
b1100011 >
1'
#8856000
0'
#8897000
b1100100 >
b1100100 2
1'
#8938000
0'
#8979000
b1100101 2
b1100101 >
1'
#9020000
0'
#9061000
b1100110 >
b1100110 2
1'
#9102000
0'
#9143000
b1100111 2
b1100111 >
1'
#9184000
0'
#9225000
b1101000 >
b1101000 2
1'
#9266000
0'
#9307000
b1101001 2
b1101001 >
1'
#9348000
0'
#9389000
b1101010 >
b1101010 2
1'
#9430000
0'
#9471000
b1101011 2
b1101011 >
1'
#9512000
0'
#9553000
b1101100 >
b1101100 2
1'
#9594000
0'
#9635000
b1101101 2
b1101101 >
1'
#9676000
0'
#9717000
b1101110 >
b1101110 2
1'
#9758000
0'
#9799000
b1101111 2
b1101111 >
1'
#9840000
0'
#9881000
b1110000 >
b1110000 2
1'
#9922000
0'
#9963000
b1110001 2
b1110001 >
1'
#10004000
0'
#10045000
b1110010 >
b1110010 2
1'
#10086000
0'
#10127000
b1110011 2
b1110011 >
1'
#10168000
0'
#10209000
b1110100 >
b1110100 2
1'
#10250000
0'
#10291000
b1110101 2
b1110101 >
1'
#10332000
0'
#10373000
b1110110 >
b1110110 2
1'
#10414000
0'
#10455000
b1110111 2
b1110111 >
1'
#10496000
0'
#10537000
b1111000 >
b1111000 2
1'
#10578000
0'
#10619000
b1111001 2
b1111001 >
1'
#10660000
0'
#10701000
b1111010 >
b1111010 2
1'
#10742000
0'
#10783000
b1111011 2
b1111011 >
1'
#10824000
0'
#10865000
b1111100 >
b1111100 2
1'
#10906000
0'
#10947000
b1111101 2
b1111101 >
1'
#10988000
0'
#11029000
b1111110 >
b1111110 2
1'
#11070000
0'
#11111000
b1111111 2
b1111111 >
1'
#11152000
0'
#11193000
b10000000 >
b10000000 2
1'
#11234000
0'
#11275000
b10000001 2
b10000001 >
1'
#11316000
0'
#11357000
b10000010 >
b10000010 2
1'
#11398000
0'
#11439000
b10000011 2
b10000011 >
1'
#11480000
0'
#11521000
b10000100 >
b10000100 2
1'
#11562000
0'
#11603000
b10000101 2
b10000101 >
1'
#11644000
0'
#11685000
b10000110 >
b10000110 2
1'
#11726000
0'
#11767000
b10000111 2
b10000111 >
1'
#11808000
0'
#11849000
b10001000 >
b10001000 2
1'
#11890000
0'
#11931000
b10001001 2
b10001001 >
1'
#11972000
0'
#12013000
b10001010 >
b10001010 2
1'
#12054000
0'
#12095000
b10001011 2
b10001011 >
1'
#12136000
0'
#12177000
b10001100 >
b10001100 2
1'
#12218000
0'
#12259000
b10001101 2
b10001101 >
1'
#12300000
0'
#12341000
b10001110 >
b10001110 2
1'
#12382000
0'
#12423000
b10001111 2
b10001111 >
1'
#12464000
0'
#12505000
b10010000 >
b10010000 2
1'
#12546000
0'
#12587000
b10010001 2
b10010001 >
1'
#12628000
0'
#12669000
b10010010 >
b10010010 2
1'
#12710000
0'
#12751000
b10010011 2
b10010011 >
1'
#12792000
0'
#12833000
b10010100 >
b10010100 2
1'
#12874000
0'
#12915000
b10010101 2
b10010101 >
1'
#12956000
0'
#12997000
b10010110 >
b10010110 2
1'
#13038000
0'
#13079000
b10010111 2
b10010111 >
1'
#13120000
0'
#13161000
b10011000 >
b10011000 2
1'
#13202000
0'
#13243000
b10011001 2
b10011001 >
1'
#13284000
0'
#13325000
b10011010 >
b10011010 2
1'
#13366000
0'
#13407000
b10011011 2
b10011011 >
1'
#13448000
0'
#13489000
b10011100 >
b10011100 2
1'
#13530000
0'
#13571000
b10011101 2
b10011101 >
1'
#13612000
0'
#13653000
b10011110 >
b10011110 2
1'
#13694000
0'
#13735000
b10011111 2
b10011111 >
1'
#13776000
0'
#13817000
b10100000 >
b10100000 2
1'
#13858000
0'
#13899000
b10100001 2
b10100001 >
1'
#13940000
0'
#13981000
b10100010 >
b10100010 2
1'
#14022000
0'
#14063000
b10100011 2
b10100011 >
1'
#14104000
0'
#14145000
b10100100 >
b10100100 2
1'
#14186000
0'
#14227000
b10100101 2
b10100101 >
1'
#14268000
0'
#14309000
b10100110 >
b10100110 2
1'
#14350000
0'
#14391000
b10100111 2
b10100111 >
1'
#14432000
0'
#14473000
b10101000 >
b10101000 2
1'
#14514000
0'
#14555000
b10101001 2
b10101001 >
1'
#14596000
0'
#14637000
b10101010 >
b10101010 2
1'
#14678000
0'
#14719000
b10101011 2
b10101011 >
1'
#14760000
0'
#14801000
b10101100 >
b10101100 2
1'
#14842000
0'
#14883000
b10101101 2
b10101101 >
1'
#14924000
0'
#14965000
b10101110 >
b10101110 2
1'
#15006000
0'
#15047000
b10101111 2
b10101111 >
1'
#15088000
0'
#15129000
b10110000 >
b10110000 2
1'
#15170000
0'
#15211000
b10110001 2
b10110001 >
1'
#15252000
0'
#15293000
b10110010 >
b10110010 2
1'
#15334000
0'
#15375000
b10110011 2
b10110011 >
1'
#15416000
0'
#15457000
b10110100 >
b10110100 2
1'
#15498000
0'
#15539000
b10110101 2
b10110101 >
1'
#15580000
0'
#15621000
b10110110 >
b10110110 2
1'
#15662000
0'
#15703000
b10110111 2
b10110111 >
1'
#15744000
0'
#15785000
b10111000 >
b10111000 2
1'
#15826000
0'
#15867000
b10111001 2
b10111001 >
1'
#15908000
0'
#15949000
b10111010 >
b10111010 2
1'
#15990000
0'
#16031000
b10111011 2
b10111011 >
1'
#16072000
0'
#16113000
b10111100 >
b10111100 2
1'
#16154000
0'
#16195000
b10111101 2
b10111101 >
1'
#16236000
0'
#16277000
b10111110 >
b10111110 2
1'
#16318000
0'
#16359000
b10111111 2
b10111111 >
1'
#16400000
0'
#16441000
b11000000 >
b11000000 2
1'
#16482000
0'
#16523000
b11000001 2
b11000001 >
1'
#16564000
0'
#16605000
b11000010 >
b11000010 2
1'
#16646000
0'
#16687000
b11000011 2
b11000011 >
1'
#16728000
0'
#16769000
b11000100 >
b11000100 2
1'
#16810000
0'
#16851000
b11000101 2
b11000101 >
1'
#16892000
0'
#16933000
b11000110 >
b11000110 2
1'
#16974000
0'
#17015000
b11000111 2
b11000111 >
1'
#17056000
0'
#17097000
b11001000 >
b11001000 2
1'
#17138000
0'
#17179000
b11001001 2
b11001001 >
1'
#17220000
0'
#17261000
b11001010 >
b11001010 2
1'
#17302000
0'
#17343000
b11001011 2
b11001011 >
1'
#17384000
0'
#17425000
b11001100 >
b11001100 2
1'
#17466000
0'
#17507000
b11001101 2
b11001101 >
1'
#17548000
0'
#17589000
b11001110 >
b11001110 2
1'
#17630000
0'
#17671000
b11001111 2
b11001111 >
1'
#17712000
0'
#17753000
b11010000 >
b11010000 2
1'
#17794000
0'
#17835000
b11010001 2
b11010001 >
1'
#17876000
0'
#17917000
b11010010 >
b11010010 2
1'
#17958000
0'
#17999000
b11010011 2
b11010011 >
1'
#18040000
0'
#18081000
b11010100 >
b11010100 2
1'
#18122000
0'
#18163000
b11010101 2
b11010101 >
1'
#18204000
0'
#18245000
b11010110 >
b11010110 2
1'
#18286000
0'
#18327000
b11010111 2
b11010111 >
1'
#18368000
0'
#18409000
b11011000 >
b11011000 2
1'
#18450000
0'
#18491000
b11011001 2
b11011001 >
1'
#18532000
0'
#18573000
b11011010 >
b11011010 2
1'
#18614000
0'
#18655000
b11011011 2
b11011011 >
1'
#18696000
0'
#18737000
b11011100 >
b11011100 2
1'
#18778000
0'
#18819000
b11011101 2
b11011101 >
1'
#18860000
0'
#18901000
b11011110 >
b11011110 2
1'
#18942000
0'
#18983000
b11011111 2
b11011111 >
1'
#19024000
0'
#19065000
b11100000 >
b11100000 2
1'
#19106000
0'
#19147000
b11100001 2
b11100001 >
1'
#19188000
0'
#19229000
b11100010 >
b11100010 2
1'
#19270000
0'
#19311000
b11100011 2
b11100011 >
1'
#19352000
0'
#19393000
b11100100 >
b11100100 2
1'
#19434000
0'
#19475000
b11100101 2
b11100101 >
1'
#19516000
0'
#19557000
b11100110 >
b11100110 2
1'
#19598000
0'
#19639000
b11100111 2
b11100111 >
1'
#19680000
0'
#19721000
b11101000 >
b11101000 2
1'
#19762000
0'
#19803000
b11101001 2
b11101001 >
1'
#19844000
0'
#19885000
b11101010 >
b11101010 2
1'
#19926000
0'
#19967000
b11101011 2
b11101011 >
1'
#20008000
0'
#20049000
b11101100 >
b11101100 2
1'
#20090000
0'
#20131000
b11101101 2
b11101101 >
1'
#20172000
0'
#20213000
b11101110 >
b11101110 2
1'
#20254000
0'
#20295000
b11101111 2
b11101111 >
1'
#20336000
0'
#20377000
b11110000 >
b11110000 2
1'
#20418000
0'
#20459000
b11110001 2
b11110001 >
1'
#20500000
0'
#20541000
b11110010 >
b11110010 2
1'
#20582000
0'
#20623000
b11110011 2
b11110011 >
1'
#20664000
0'
#20705000
b11110100 >
b11110100 2
1'
#20746000
0'
#20787000
b11110101 2
b11110101 >
1'
#20828000
0'
#20869000
b11110110 >
b11110110 2
1'
#20910000
0'
#20951000
b11110111 2
b11110111 >
1'
#20992000
0'
#21033000
b11111000 >
b11111000 2
1'
#21074000
0'
#21115000
b11111001 2
b11111001 >
1'
#21156000
0'
#21197000
b11111010 >
b11111010 2
1'
#21238000
0'
#21279000
b11111011 2
b11111011 >
1'
#21320000
0'
#21361000
b11111100 >
b11111100 2
1'
#21402000
0'
#21443000
b11111101 2
b11111101 >
1'
#21484000
0'
#21525000
b11111110 >
b11111110 2
1'
#21566000
0'
#21607000
b11111111 2
b11111111 >
1'
#21648000
0'
#21689000
b100000000 >
b100000000 2
1'
#21730000
0'
#21771000
b100000001 2
b100000001 >
1'
#21812000
0'
#21853000
b100000010 >
b100000010 2
1'
#21894000
0'
#21935000
b100000011 2
b100000011 >
1'
#21976000
0'
#22017000
b100000100 >
b100000100 2
1'
#22058000
0'
#22099000
b100000101 2
b100000101 >
1'
#22140000
0'
#22181000
b100000110 >
b100000110 2
1'
#22222000
0'
#22263000
b100000111 2
b100000111 >
1'
#22304000
0'
#22345000
b100001000 >
b100001000 2
1'
#22386000
0'
#22427000
b100001001 2
b100001001 >
1'
#22468000
0'
#22509000
b100001010 >
b100001010 2
1'
#22550000
0'
#22591000
b100001011 2
b100001011 >
1'
#22632000
0'
#22673000
b100001100 >
b100001100 2
1'
#22714000
0'
#22755000
b100001101 2
b100001101 >
1'
#22796000
0'
#22837000
b100001110 >
b100001110 2
1'
#22878000
0'
#22919000
b100001111 2
b100001111 >
1'
#22960000
0'
#23001000
b100010000 >
b100010000 2
1'
#23042000
0'
#23083000
b100010001 2
b100010001 >
1'
#23124000
0'
#23165000
b100010010 >
b100010010 2
1'
#23206000
0'
#23247000
b100010011 2
b100010011 >
1'
#23288000
0'
#23329000
b100010100 >
b100010100 2
1'
#23370000
0'
#23411000
b100010101 2
b100010101 >
1'
#23452000
0'
#23493000
b100010110 >
b100010110 2
1'
#23534000
0'
#23575000
b100010111 2
b100010111 >
1'
#23616000
0'
#23657000
b100011000 >
b100011000 2
1'
#23698000
0'
#23739000
b100011001 2
b100011001 >
1'
#23780000
0'
#23821000
b100011010 >
b100011010 2
1'
#23862000
0'
#23903000
b100011011 2
b100011011 >
1'
#23944000
0'
#23985000
b100011100 >
b100011100 2
1'
#24026000
0'
#24067000
b100011101 2
b100011101 >
1'
#24108000
0'
#24149000
b100011110 >
b100011110 2
1'
#24190000
0'
#24231000
b100011111 2
b100011111 >
1'
#24272000
0'
#24313000
b100100000 >
b100100000 2
1'
#24354000
0'
#24395000
b100100001 2
b100100001 >
1'
#24436000
0'
#24477000
b100100010 >
b100100010 2
1'
#24518000
0'
#24559000
b100100011 2
b100100011 >
1'
#24600000
0'
#24641000
b100100100 >
b100100100 2
1'
#24682000
0'
#24723000
b100100101 2
b100100101 >
1'
#24764000
0'
#24805000
b100100110 >
b100100110 2
1'
#24846000
0'
#24887000
b100100111 2
b100100111 >
1'
#24928000
0'
#24969000
b100101000 >
b100101000 2
1'
#25010000
0'
#25051000
b100101001 2
b100101001 >
1'
#25092000
0'
#25133000
b100101010 >
b100101010 2
1'
#25174000
0'
#25215000
b100101011 2
b100101011 >
1'
#25256000
0'
#25297000
b100101100 >
b100101100 2
1'
#25338000
0'
#25379000
b100101101 2
b100101101 >
1'
#25420000
0'
#25461000
b100101110 >
b100101110 2
1'
#25502000
0'
#25543000
b100101111 2
b100101111 >
1'
#25584000
0'
#25625000
b100110000 >
b100110000 2
1'
#25666000
0'
#25707000
b100110001 2
b100110001 >
1'
#25748000
0'
#25789000
b100110010 >
b100110010 2
1'
#25830000
0'
#25871000
b100110011 2
b100110011 >
1'
#25912000
0'
#25953000
b100110100 >
b100110100 2
1'
#25994000
0'
#26035000
b100110101 2
b100110101 >
1'
#26076000
0'
#26117000
b100110110 >
b100110110 2
1'
#26158000
0'
#26199000
b100110111 2
b100110111 >
1'
#26240000
0'
#26281000
b100111000 >
b100111000 2
1'
#26322000
0'
#26363000
b100111001 2
b100111001 >
1'
#26404000
0'
#26445000
b100111010 >
b100111010 2
1'
#26486000
0'
#26527000
b100111011 2
b100111011 >
1'
#26568000
0'
#26609000
b100111100 >
b100111100 2
1'
#26650000
0'
#26691000
b100111101 2
b100111101 >
1'
#26732000
0'
#26773000
b100111110 >
b100111110 2
1'
#26814000
0'
#26855000
b100111111 2
b100111111 >
1'
#26896000
0'
#26937000
b101000000 >
b101000000 2
1'
#26978000
0'
#27019000
b101000001 2
b101000001 >
1'
#27060000
0'
#27101000
b101000010 >
b101000010 2
1'
#27142000
0'
#27183000
b101000011 2
b101000011 >
1'
#27224000
0'
#27265000
b101000100 >
b101000100 2
1'
#27306000
0'
#27347000
b101000101 2
b101000101 >
1'
#27388000
0'
#27429000
b101000110 >
b101000110 2
1'
#27470000
0'
#27511000
b101000111 2
b101000111 >
1'
#27552000
0'
#27593000
b101001000 >
b101001000 2
1'
#27634000
0'
#27675000
b101001001 2
b101001001 >
1'
#27716000
0'
#27757000
b101001010 >
b101001010 2
1'
#27798000
0'
#27839000
b101001011 2
b101001011 >
1'
#27880000
0'
#27921000
b101001100 >
b101001100 2
1'
#27962000
0'
#28003000
b101001101 2
b101001101 >
1'
#28044000
0'
#28085000
b101001110 >
b101001110 2
1'
#28126000
0'
#28167000
b101001111 2
b101001111 >
1'
#28208000
0'
#28249000
b101010000 >
b101010000 2
1'
#28290000
0'
#28331000
b101010001 2
b101010001 >
1'
#28372000
0'
#28413000
b101010010 >
b101010010 2
1'
#28454000
0'
#28495000
b101010011 2
b101010011 >
1'
#28536000
0'
#28577000
b101010100 >
b101010100 2
1'
#28618000
0'
#28659000
b101010101 2
b101010101 >
1'
#28700000
0'
#28741000
b101010110 >
b101010110 2
1'
#28782000
0'
#28823000
b101010111 2
b101010111 >
1'
#28864000
0'
#28905000
b101011000 >
b101011000 2
1'
#28946000
0'
#28987000
b101011001 2
b101011001 >
1'
#29028000
0'
#29069000
b101011010 >
b101011010 2
1'
#29110000
0'
#29151000
b101011011 2
b101011011 >
1'
#29192000
0'
#29233000
b101011100 >
b101011100 2
1'
#29274000
0'
#29315000
b101011101 2
b101011101 >
1'
#29356000
0'
#29397000
b101011110 >
b101011110 2
1'
#29438000
0'
#29479000
b101011111 2
b101011111 >
1'
#29520000
0'
#29561000
b101100000 >
b101100000 2
1'
#29602000
0'
#29643000
b101100001 2
b101100001 >
1'
#29684000
0'
#29725000
b101100010 >
b101100010 2
1'
#29766000
0'
#29807000
b101100011 2
b101100011 >
1'
#29848000
0'
#29889000
b101100100 >
b101100100 2
1'
#29930000
0'
#29971000
b101100101 2
b101100101 >
1'
#30012000
0'
#30053000
b101100110 >
b101100110 2
1'
#30094000
0'
#30135000
b101100111 2
b101100111 >
1'
#30176000
0'
#30217000
b101101000 >
b101101000 2
1'
#30258000
0'
#30299000
b101101001 2
b101101001 >
1'
#30340000
0'
#30381000
b101101010 >
b101101010 2
1'
#30422000
0'
#30463000
b101101011 2
b101101011 >
1'
#30504000
0'
#30545000
b101101100 >
b101101100 2
1'
#30586000
0'
#30627000
b101101101 2
b101101101 >
1'
#30668000
0'
#30709000
b101101110 >
b101101110 2
1'
#30750000
0'
#30791000
b101101111 2
b101101111 >
1'
#30832000
0'
#30873000
b101110000 >
b101110000 2
1'
#30914000
0'
#30955000
b101110001 2
b101110001 >
1'
#30996000
0'
#31037000
b101110010 >
b101110010 2
1'
#31078000
0'
#31119000
b101110011 2
b101110011 >
1'
#31160000
0'
#31201000
b101110100 >
b101110100 2
1'
#31242000
0'
#31283000
b101110101 2
b101110101 >
1'
#31324000
0'
#31365000
b101110110 >
b101110110 2
1'
#31406000
0'
#31447000
b101110111 2
b101110111 >
1'
#31488000
0'
#31529000
b101111000 >
b101111000 2
1'
#31570000
0'
#31611000
b101111001 2
b101111001 >
1'
#31652000
0'
#31693000
b101111010 >
b101111010 2
1'
#31734000
0'
#31775000
b101111011 2
b101111011 >
1'
#31816000
0'
#31857000
b101111100 >
b101111100 2
1'
#31898000
0'
#31939000
b101111101 2
b101111101 >
1'
#31980000
0'
#32021000
b101111110 >
b101111110 2
1'
#32062000
0'
#32103000
b101111111 2
b101111111 >
1'
#32144000
0'
#32185000
b110000000 >
b110000000 2
1'
#32226000
0'
#32267000
b110000001 2
b110000001 >
1'
#32308000
0'
#32349000
b110000010 >
b110000010 2
1'
#32390000
0'
#32431000
b110000011 2
b110000011 >
1'
#32472000
0'
#32513000
b110000100 >
b110000100 2
1'
#32554000
0'
#32595000
b110000101 2
b110000101 >
1'
#32636000
0'
#32677000
b110000110 >
b110000110 2
1'
#32718000
0'
#32759000
b110000111 2
b110000111 >
1'
#32800000
0'
#32841000
b110001000 >
b110001000 2
1'
#32882000
0'
#32923000
b110001001 2
b110001001 >
1'
#32964000
0'
#33005000
b110001010 >
b110001010 2
1'
#33046000
0'
#33087000
b110001011 2
b110001011 >
1'
#33128000
0'
#33169000
b110001100 >
b110001100 2
1'
#33210000
0'
#33251000
b110001101 2
b110001101 >
1'
#33292000
0'
#33333000
b110001110 >
b110001110 2
1'
#33374000
0'
#33415000
b110001111 2
b110001111 >
1'
#33456000
0'
#33497000
b110010000 >
b110010000 2
1'
#33538000
0'
#33579000
b110010001 2
b110010001 >
1'
#33620000
0'
#33661000
b110010010 >
b110010010 2
1'
#33702000
0'
#33743000
b110010011 2
b110010011 >
1'
#33784000
0'
#33825000
b110010100 >
b110010100 2
1'
#33866000
0'
#33907000
b110010101 2
b110010101 >
1'
#33948000
0'
#33989000
b110010110 >
b110010110 2
1'
#34030000
0'
#34071000
b110010111 2
b110010111 >
1'
#34112000
0'
#34153000
b110011000 >
b110011000 2
1'
#34194000
0'
#34235000
b110011001 2
b110011001 >
1'
#34276000
0'
#34317000
b110011010 >
b110011010 2
1'
#34358000
0'
#34399000
b110011011 2
b110011011 >
1'
#34440000
0'
#34481000
b110011100 >
b110011100 2
1'
#34522000
0'
#34563000
b110011101 2
b110011101 >
1'
#34604000
0'
#34645000
b110011110 >
b110011110 2
1'
#34686000
0'
#34727000
b110011111 2
b110011111 >
1'
#34768000
0'
#34809000
b110100000 >
b110100000 2
1'
#34850000
0'
#34891000
b110100001 2
b110100001 >
1'
#34932000
0'
#34973000
b110100010 >
b110100010 2
1'
#35014000
0'
#35055000
b110100011 2
b110100011 >
1'
#35096000
0'
#35137000
b110100100 >
b110100100 2
1'
#35178000
0'
#35219000
b110100101 2
b110100101 >
1'
#35260000
0'
#35301000
b110100110 >
b110100110 2
1'
#35342000
0'
#35383000
b110100111 2
b110100111 >
1'
#35424000
0'
#35465000
b110101000 >
b110101000 2
1'
#35506000
0'
#35547000
b110101001 2
b110101001 >
1'
#35588000
0'
#35629000
b110101010 >
b110101010 2
1'
#35670000
0'
#35711000
b110101011 2
b110101011 >
1'
#35752000
0'
#35793000
b110101100 >
b110101100 2
1'
#35834000
0'
#35875000
b110101101 2
b110101101 >
1'
#35916000
0'
#35957000
b110101110 >
b110101110 2
1'
#35998000
0'
#36039000
b110101111 2
b110101111 >
1'
#36080000
0'
#36121000
b110110000 >
b110110000 2
1'
#36162000
0'
#36203000
b110110001 2
b110110001 >
1'
#36244000
0'
#36285000
b110110010 >
b110110010 2
1'
#36326000
0'
#36367000
b110110011 2
b110110011 >
1'
#36408000
0'
#36449000
b110110100 >
b110110100 2
1'
#36490000
0'
#36531000
b110110101 2
b110110101 >
1'
#36572000
0'
#36613000
b110110110 >
b110110110 2
1'
#36654000
0'
#36695000
b110110111 2
b110110111 >
1'
#36736000
0'
#36777000
b110111000 >
b110111000 2
1'
#36818000
0'
#36859000
b110111001 2
b110111001 >
1'
#36900000
0'
#36941000
b110111010 >
b110111010 2
1'
#36982000
0'
#37023000
b110111011 2
b110111011 >
1'
#37064000
0'
#37105000
b110111100 >
b110111100 2
1'
#37146000
0'
#37187000
b110111101 2
b110111101 >
1'
#37228000
0'
#37269000
b110111110 >
b110111110 2
1'
#37310000
0'
#37351000
b110111111 2
b110111111 >
1'
#37392000
0'
#37433000
b111000000 >
b111000000 2
1'
#37474000
0'
#37515000
b111000001 2
b111000001 >
1'
#37556000
0'
#37597000
b111000010 >
b111000010 2
1'
#37638000
0'
#37679000
b111000011 2
b111000011 >
1'
#37720000
0'
#37761000
b111000100 >
b111000100 2
1'
#37802000
0'
#37843000
b111000101 2
b111000101 >
1'
#37884000
0'
#37925000
b111000110 >
b111000110 2
1'
#37966000
0'
#38007000
b111000111 2
b111000111 >
1'
#38048000
0'
#38089000
b111001000 >
b111001000 2
1'
#38130000
0'
#38171000
b111001001 2
b111001001 >
1'
#38212000
0'
#38253000
b111001010 >
b111001010 2
1'
#38294000
0'
#38335000
b111001011 2
b111001011 >
1'
#38376000
0'
#38417000
b111001100 >
b111001100 2
1'
#38458000
0'
#38499000
b111001101 2
b111001101 >
1'
#38540000
0'
#38581000
b111001110 >
b111001110 2
1'
#38622000
0'
#38663000
b111001111 2
b111001111 >
1'
#38704000
0'
#38745000
b111010000 >
b111010000 2
1'
#38786000
0'
#38827000
b111010001 2
b111010001 >
1'
#38868000
0'
#38909000
b111010010 >
b111010010 2
1'
#38950000
0'
#38991000
b111010011 2
b111010011 >
1'
#39032000
0'
#39073000
b111010100 >
b111010100 2
1'
#39114000
0'
#39155000
b111010101 2
b111010101 >
1'
#39196000
0'
#39237000
b111010110 >
b111010110 2
1'
#39278000
0'
#39319000
b111010111 2
b111010111 >
1'
#39360000
0'
#39401000
b111011000 >
b111011000 2
1'
#39442000
0'
#39483000
b111011001 2
b111011001 >
1'
#39524000
0'
#39565000
b111011010 >
b111011010 2
1'
#39606000
0'
#39647000
b111011011 2
b111011011 >
1'
#39688000
0'
#39729000
b111011100 >
b111011100 2
1'
#39770000
0'
#39811000
b111011101 2
b111011101 >
1'
#39852000
0'
#39893000
b111011110 >
b111011110 2
1'
#39934000
0'
#39975000
b111011111 2
b111011111 >
1'
#40016000
0'
#40057000
b111100000 >
b111100000 2
1'
#40098000
0'
#40139000
b111100001 2
b111100001 >
1'
#40180000
0'
#40221000
b111100010 >
b111100010 2
1'
#40262000
0'
#40303000
b111100011 2
b111100011 >
1'
#40344000
0'
#40385000
b111100100 >
b111100100 2
1'
#40426000
0'
#40467000
b111100101 2
b111100101 >
1'
#40508000
0'
#40549000
b111100110 >
b111100110 2
1'
#40590000
0'
#40631000
b111100111 2
b111100111 >
1'
#40672000
0'
#40713000
b111101000 >
b111101000 2
1'
#40754000
0'
#40795000
b111101001 2
b111101001 >
1'
#40836000
0'
#40877000
b111101010 >
b111101010 2
1'
#40918000
0'
#40959000
b111101011 2
b111101011 >
1'
#41000000
0'
#41041000
b111101100 >
b111101100 2
1'
#41082000
0'
#41123000
b111101101 2
b111101101 >
1'
#41164000
0'
#41205000
b111101110 >
b111101110 2
1'
#41246000
0'
#41287000
b111101111 2
b111101111 >
1'
#41328000
0'
#41369000
b111110000 >
b111110000 2
1'
#41410000
0'
#41451000
b111110001 2
b111110001 >
1'
#41492000
0'
#41533000
b111110010 >
b111110010 2
1'
#41574000
0'
#41615000
b111110011 2
b111110011 >
1'
#41656000
0'
#41697000
b111110100 >
b111110100 2
1'
#41738000
0'
#41779000
b111110101 2
b111110101 >
1'
#41820000
0'
#41861000
b111110110 >
b111110110 2
1'
#41902000
0'
#41943000
b111110111 2
b111110111 >
1'
#41984000
0'
#42025000
b111111000 >
b111111000 2
1'
#42066000
0'
#42107000
b111111001 2
b111111001 >
1'
#42148000
0'
#42189000
b111111010 >
b111111010 2
1'
#42230000
0'
#42271000
b111111011 2
b111111011 >
1'
#42312000
0'
#42353000
b111111100 >
b111111100 2
1'
#42394000
0'
#42435000
b111111101 2
b111111101 >
1'
#42476000
0'
#42517000
b111111110 >
b111111110 2
1'
#42558000
0'
#42599000
b111111111 2
b111111111 >
1'
#42640000
0'
#42681000
b1000000000 >
b1000000000 2
1'
#42722000
0'
#42763000
b1000000001 2
b1000000001 >
1'
#42804000
0'
#42845000
b1000000010 >
b1000000010 2
1'
#42886000
0'
#42927000
b1000000011 2
b1000000011 >
1'
#42968000
0'
#43009000
b1000000100 >
b1000000100 2
1'
#43050000
0'
#43091000
b1000000101 2
b1000000101 >
1'
#43132000
0'
#43173000
b1000000110 >
b1000000110 2
1'
#43214000
0'
#43255000
b1000000111 2
b1000000111 >
1'
#43296000
0'
#43337000
b1000001000 >
b1000001000 2
1'
#43378000
0'
#43419000
b1000001001 2
b1000001001 >
1'
#43460000
0'
#43501000
b1000001010 >
b1000001010 2
1'
#43542000
0'
#43583000
b1000001011 2
b1000001011 >
1'
#43624000
0'
#43665000
b1000001100 >
b1000001100 2
1'
#43706000
0'
#43747000
b1000001101 2
b1000001101 >
1'
#43788000
0'
#43829000
b1000001110 >
b1000001110 2
1'
#43870000
0'
#43911000
b1000001111 2
b1000001111 >
1'
#43952000
0'
#43993000
b1000010000 >
b1000010000 2
1'
#44034000
0'
#44075000
b1000010001 2
b1000010001 >
1'
#44116000
0'
#44157000
b1000010010 >
b1000010010 2
1'
#44198000
0'
#44239000
b1000010011 2
b1000010011 >
1'
#44280000
0'
#44321000
b1000010100 >
b1000010100 2
1'
#44362000
0'
#44403000
b1000010101 2
b1000010101 >
1'
#44444000
0'
#44485000
b1000010110 >
b1000010110 2
1'
#44526000
0'
#44567000
b1000010111 2
b1000010111 >
1'
#44608000
0'
#44649000
b1000011000 >
b1000011000 2
1'
#44690000
0'
#44731000
b1000011001 2
b1000011001 >
1'
#44772000
0'
#44813000
b1000011010 >
b1000011010 2
1'
#44854000
0'
#44895000
b1000011011 2
b1000011011 >
1'
#44936000
0'
#44977000
b1000011100 >
b1000011100 2
1'
#45018000
0'
#45059000
b1000011101 2
b1000011101 >
1'
#45100000
0'
#45141000
b1000011110 >
b1000011110 2
1'
#45182000
0'
#45223000
b1000011111 2
b1000011111 >
1'
#45264000
0'
#45305000
b1000100000 >
b1000100000 2
1'
#45346000
0'
#45387000
b1000100001 2
b1000100001 >
1'
#45428000
0'
#45469000
b1000100010 >
b1000100010 2
1'
#45510000
0'
#45551000
b1000100011 2
b1000100011 >
1'
#45592000
0'
#45633000
b1000100100 >
b1000100100 2
1'
#45674000
0'
#45715000
b1000100101 2
b1000100101 >
1'
#45756000
0'
#45797000
b1000100110 >
b1000100110 2
1'
#45838000
0'
#45879000
b1000100111 2
b1000100111 >
1'
#45920000
0'
#45961000
b1000101000 >
b1000101000 2
1'
#46002000
0'
#46043000
b1000101001 2
b1000101001 >
1'
#46084000
0'
#46125000
b1000101010 >
b1000101010 2
1'
#46166000
0'
#46207000
b1000101011 2
b1000101011 >
1'
#46248000
0'
#46289000
b1000101100 >
b1000101100 2
1'
#46330000
0'
#46371000
b1000101101 2
b1000101101 >
1'
#46412000
0'
#46453000
b1000101110 >
b1000101110 2
1'
#46494000
0'
#46535000
b1000101111 2
b1000101111 >
1'
#46576000
0'
#46617000
b1000110000 >
b1000110000 2
1'
#46658000
0'
#46699000
b1000110001 2
b1000110001 >
1'
#46740000
0'
#46781000
b1000110010 >
b1000110010 2
1'
#46822000
0'
#46863000
b1000110011 2
b1000110011 >
1'
#46904000
0'
#46945000
b1000110100 >
b1000110100 2
1'
#46986000
0'
#47027000
b1000110101 2
b1000110101 >
1'
#47068000
0'
#47109000
b1000110110 >
b1000110110 2
1'
#47150000
0'
#47191000
b1000110111 2
b1000110111 >
1'
#47232000
0'
#47273000
b1000111000 >
b1000111000 2
1'
#47314000
0'
#47355000
b1000111001 2
b1000111001 >
1'
#47396000
0'
#47437000
b1000111010 >
b1000111010 2
1'
#47478000
0'
#47519000
b1000111011 2
b1000111011 >
1'
#47560000
0'
#47601000
b1000111100 >
b1000111100 2
1'
#47642000
0'
#47683000
b1000111101 2
b1000111101 >
1'
#47724000
0'
#47765000
b1000111110 >
b1000111110 2
1'
#47806000
0'
#47847000
b1000111111 2
b1000111111 >
1'
#47888000
0'
#47929000
b1001000000 >
b1001000000 2
1'
#47970000
0'
#48011000
b1001000001 2
b1001000001 >
1'
#48052000
0'
#48093000
b1001000010 >
b1001000010 2
1'
#48134000
0'
#48175000
b1001000011 2
b1001000011 >
1'
#48216000
0'
#48257000
b1001000100 >
b1001000100 2
1'
#48298000
0'
#48339000
b1001000101 2
b1001000101 >
1'
#48380000
0'
#48421000
b1001000110 >
b1001000110 2
1'
#48462000
0'
#48503000
b1001000111 2
b1001000111 >
1'
#48544000
0'
#48585000
b1001001000 >
b1001001000 2
1'
#48626000
0'
#48667000
b1001001001 2
b1001001001 >
1'
#48708000
0'
#48749000
b1001001010 >
b1001001010 2
1'
#48790000
0'
#48831000
b1001001011 2
b1001001011 >
1'
#48872000
0'
#48913000
b1001001100 >
b1001001100 2
1'
#48954000
0'
#48995000
b1001001101 2
b1001001101 >
1'
#49036000
0'
#49077000
b1001001110 >
b1001001110 2
1'
#49118000
0'
#49159000
b1001001111 2
b1001001111 >
1'
#49200000
0'
#49241000
b1001010000 >
b1001010000 2
1'
#49282000
0'
#49323000
b1001010001 2
b1001010001 >
1'
#49364000
0'
#49405000
b1001010010 >
b1001010010 2
1'
#49446000
0'
#49487000
b1001010011 2
b1001010011 >
1'
#49528000
0'
#49569000
b1001010100 >
b1001010100 2
1'
#49610000
0'
#49651000
b1001010101 2
b1001010101 >
1'
#49692000
0'
#49733000
b1001010110 >
b1001010110 2
1'
#49774000
0'
#49815000
b1001010111 2
b1001010111 >
1'
#49856000
0'
#49897000
b1001011000 >
b1001011000 2
1'
#49938000
0'
#49979000
b1001011001 2
b1001011001 >
1'
#50020000
0'
#50061000
b1001011010 >
b1001011010 2
1'
#50102000
0'
#50143000
b1001011011 2
b1001011011 >
1'
#50184000
0'
#50225000
b1001011100 >
b1001011100 2
1'
#50266000
0'
#50307000
b1001011101 2
b1001011101 >
1'
#50348000
0'
#50389000
b1001011110 >
b1001011110 2
1'
#50430000
0'
#50471000
b1001011111 2
b1001011111 >
1'
#50512000
0'
#50553000
b1001100000 >
b1001100000 2
1'
#50594000
0'
#50635000
b1001100001 2
b1001100001 >
1'
#50676000
0'
#50717000
b1001100010 >
b1001100010 2
1'
#50758000
0'
#50799000
b1001100011 2
b1001100011 >
1'
#50840000
0'
#50881000
b1001100100 >
b1001100100 2
1'
#50922000
0'
#50963000
b1001100101 2
b1001100101 >
1'
#51004000
0'
#51045000
b1001100110 >
b1001100110 2
1'
#51086000
0'
#51127000
b1001100111 2
b1001100111 >
1'
#51168000
0'
#51209000
b1001101000 >
b1001101000 2
1'
#51250000
0'
#51291000
b1001101001 2
b1001101001 >
1'
#51332000
0'
#51373000
b1001101010 >
b1001101010 2
1'
#51414000
0'
#51455000
b1001101011 2
b1001101011 >
1'
#51496000
0'
#51537000
b1001101100 >
b1001101100 2
1'
#51578000
0'
#51619000
b1001101101 2
b1001101101 >
1'
#51660000
0'
#51701000
b1001101110 >
b1001101110 2
1'
#51742000
0'
#51783000
b1001101111 2
b1001101111 >
1'
#51824000
0'
#51865000
b1001110000 >
b1001110000 2
1'
#51906000
0'
#51947000
b1001110001 2
b1001110001 >
1'
#51988000
0'
#52029000
b1001110010 >
b1001110010 2
1'
#52070000
0'
#52111000
b1001110011 2
b1001110011 >
1'
#52152000
0'
#52193000
b1001110100 >
b1001110100 2
1'
#52234000
0'
#52275000
b1001110101 2
b1001110101 >
1'
#52316000
0'
#52357000
b1001110110 >
b1001110110 2
1'
#52398000
0'
#52439000
b1001110111 2
b1001110111 >
1'
#52480000
0'
#52521000
b1001111000 >
b1001111000 2
1'
#52562000
0'
#52603000
b1001111001 2
b1001111001 >
1'
#52644000
0'
#52685000
b1001111010 >
b1001111010 2
1'
#52726000
0'
#52767000
b1001111011 2
b1001111011 >
1'
#52808000
0'
#52849000
b1001111100 >
b1001111100 2
1'
#52890000
0'
#52931000
b1001111101 2
b1001111101 >
1'
#52972000
0'
#53013000
b1001111110 >
b1001111110 2
1'
#53054000
0'
#53095000
b1001111111 2
b1001111111 >
1'
#53136000
0'
#53177000
b1010000000 >
b1010000000 2
1'
#53218000
0'
#53259000
b1010000001 2
b1010000001 >
1'
#53300000
0'
#53341000
b1010000010 >
b1010000010 2
1'
#53382000
0'
#53423000
b1010000011 2
b1010000011 >
1'
#53464000
0'
#53505000
b1010000100 >
b1010000100 2
1'
#53546000
0'
#53587000
b1010000101 2
b1010000101 >
1'
#53628000
0'
#53669000
b1010000110 >
b1010000110 2
1'
#53710000
0'
#53751000
b1010000111 2
b1010000111 >
1'
#53792000
0'
#53833000
b1010001000 >
b1010001000 2
1'
#53874000
0'
#53915000
b1010001001 2
b1010001001 >
1'
#53956000
0'
#53997000
b1010001010 >
b1010001010 2
1'
#54038000
0'
#54079000
b1010001011 2
b1010001011 >
1'
#54120000
0'
#54161000
b1010001100 >
b1010001100 2
1'
#54202000
0'
#54243000
b1010001101 2
b1010001101 >
1'
#54284000
0'
#54325000
b1010001110 >
b1010001110 2
1'
#54366000
0'
#54407000
b1010001111 2
b1010001111 >
1'
#54448000
0'
#54489000
b1010010000 >
b1010010000 2
1'
#54530000
0'
#54571000
b1010010001 2
b1010010001 >
1'
#54612000
0'
#54653000
b1010010010 >
b1010010010 2
1'
#54694000
0'
#54735000
b1010010011 2
b1010010011 >
1'
#54776000
0'
#54817000
b1010010100 >
b1010010100 2
1'
#54858000
0'
#54899000
b1010010101 2
b1010010101 >
1'
#54940000
0'
#54981000
b1010010110 >
b1010010110 2
1'
#55022000
0'
#55063000
b1010010111 2
b1010010111 >
1'
#55104000
0'
#55145000
b1010011000 >
b1010011000 2
1'
#55186000
0'
#55227000
b1010011001 2
b1010011001 >
1'
#55268000
0'
#55309000
b1010011010 >
b1010011010 2
1'
#55350000
0'
#55391000
b1010011011 2
b1010011011 >
1'
#55432000
0'
#55473000
b1010011100 >
b1010011100 2
1'
#55514000
0'
#55555000
b1010011101 2
b1010011101 >
1'
#55596000
0'
#55637000
b1010011110 >
b1010011110 2
1'
#55678000
0'
#55719000
b1010011111 2
b1010011111 >
1'
#55760000
0'
#55801000
b1010100000 >
b1010100000 2
1'
#55842000
0'
#55883000
b1010100001 2
b1010100001 >
1'
#55924000
0'
#55965000
b1010100010 >
b1010100010 2
1'
#56006000
0'
#56047000
b1010100011 2
b1010100011 >
1'
#56088000
0'
#56129000
b1010100100 >
b1010100100 2
1'
#56170000
0'
#56211000
b1010100101 2
b1010100101 >
1'
#56252000
0'
#56293000
b1010100110 >
b1010100110 2
1'
#56334000
0'
#56375000
b1010100111 2
b1010100111 >
1'
#56416000
0'
#56457000
b1010101000 >
b1010101000 2
1'
#56498000
0'
#56539000
b1010101001 2
b1010101001 >
1'
#56580000
0'
#56621000
b1010101010 >
b1010101010 2
1'
#56662000
0'
#56703000
b1010101011 2
b1010101011 >
1'
#56744000
0'
#56785000
b1010101100 >
b1010101100 2
1'
#56826000
0'
#56867000
b1010101101 2
b1010101101 >
1'
#56908000
0'
#56949000
b1010101110 >
b1010101110 2
1'
#56990000
0'
#57031000
b1010101111 2
b1010101111 >
1'
#57072000
0'
#57113000
b1010110000 >
b1010110000 2
1'
#57154000
0'
#57195000
b1010110001 2
b1010110001 >
1'
#57236000
0'
#57277000
b1010110010 >
b1010110010 2
1'
#57318000
0'
#57359000
b1010110011 2
b1010110011 >
1'
#57400000
0'
#57441000
b1010110100 >
b1010110100 2
1'
#57482000
0'
#57523000
b1010110101 2
b1010110101 >
1'
#57564000
0'
#57605000
b1010110110 >
b1010110110 2
1'
#57646000
0'
#57687000
b1010110111 2
b1010110111 >
1'
#57728000
0'
#57769000
b1010111000 >
b1010111000 2
1'
#57810000
0'
#57851000
b1010111001 2
b1010111001 >
1'
#57892000
0'
#57933000
b1010111010 >
b1010111010 2
1'
#57974000
0'
#58015000
b1010111011 2
b1010111011 >
1'
#58056000
0'
#58097000
b1010111100 >
b1010111100 2
1'
#58138000
0'
#58179000
b1010111101 2
b1010111101 >
1'
#58220000
0'
#58261000
b1010111110 >
b1010111110 2
1'
#58302000
0'
#58343000
b1010111111 2
b1010111111 >
1'
#58384000
0'
#58425000
b1011000000 >
b1011000000 2
1'
#58466000
0'
#58507000
b1011000001 2
b1011000001 >
1'
#58548000
0'
#58589000
b1011000010 >
b1011000010 2
1'
#58630000
0'
#58671000
b1011000011 2
b1011000011 >
1'
#58712000
0'
#58753000
b1011000100 >
b1011000100 2
1'
#58794000
0'
#58835000
b1011000101 2
b1011000101 >
1'
#58876000
0'
#58917000
b1011000110 >
b1011000110 2
1'
#58958000
0'
#58999000
b1011000111 2
b1011000111 >
1'
#59040000
0'
#59081000
b1011001000 >
b1011001000 2
1'
#59122000
0'
#59163000
b1011001001 2
b1011001001 >
1'
#59204000
0'
#59245000
b1011001010 >
b1011001010 2
1'
#59286000
0'
#59327000
b1011001011 2
b1011001011 >
1'
#59368000
0'
#59409000
b1011001100 >
b1011001100 2
1'
#59450000
0'
#59491000
b1011001101 2
b1011001101 >
1'
#59532000
0'
#59573000
b1011001110 >
b1011001110 2
1'
#59614000
0'
#59655000
b1011001111 2
b1011001111 >
1'
#59696000
0'
#59737000
b1011010000 >
b1011010000 2
1'
#59778000
0'
#59819000
b1011010001 2
b1011010001 >
1'
#59860000
0'
#59901000
b1011010010 >
b1011010010 2
1'
#59942000
0'
#59983000
b1011010011 2
b1011010011 >
1'
#60024000
0'
#60065000
b1011010100 >
b1011010100 2
1'
#60106000
0'
#60147000
b1011010101 2
b1011010101 >
1'
#60188000
0'
#60229000
b1011010110 >
b1011010110 2
1'
#60270000
0'
#60311000
b1011010111 2
b1011010111 >
1'
#60352000
0'
#60393000
b1011011000 >
b1011011000 2
1'
#60434000
0'
#60475000
b1011011001 2
b1011011001 >
1'
#60516000
0'
#60557000
b1011011010 >
b1011011010 2
1'
#60598000
0'
#60639000
b1011011011 2
b1011011011 >
1'
#60680000
0'
#60721000
b1011011100 >
b1011011100 2
1'
#60762000
0'
#60803000
b1011011101 2
b1011011101 >
1'
#60844000
0'
#60885000
b1011011110 >
b1011011110 2
1'
#60926000
0'
#60967000
b1011011111 2
b1011011111 >
1'
#61008000
0'
#61049000
b1011100000 >
b1011100000 2
1'
#61090000
0'
#61131000
b1011100001 2
b1011100001 >
1'
#61172000
0'
#61213000
b1011100010 >
b1011100010 2
1'
#61254000
0'
#61295000
b1011100011 2
b1011100011 >
1'
#61336000
0'
#61377000
b1011100100 >
b1011100100 2
1'
#61418000
0'
#61459000
b1011100101 2
b1011100101 >
1'
#61500000
0'
#61541000
b1011100110 >
b1011100110 2
1'
#61582000
0'
#61623000
b1011100111 2
b1011100111 >
1'
#61664000
0'
#61705000
b1011101000 >
b1011101000 2
1'
#61746000
0'
#61787000
b1011101001 2
b1011101001 >
1'
#61828000
0'
#61869000
b1011101010 >
b1011101010 2
1'
#61910000
0'
#61951000
b1011101011 2
b1011101011 >
1'
#61992000
0'
#62033000
b1011101100 >
b1011101100 2
1'
#62074000
0'
#62115000
b1011101101 2
b1011101101 >
1'
#62156000
0'
#62197000
b1011101110 >
b1011101110 2
1'
#62238000
0'
#62279000
b1011101111 2
b1011101111 >
1'
#62320000
0'
#62361000
b1011110000 >
b1011110000 2
1'
#62402000
0'
#62443000
b1011110001 2
b1011110001 >
1'
#62484000
0'
#62525000
b1011110010 >
b1011110010 2
1'
#62566000
0'
#62607000
b1011110011 2
b1011110011 >
1'
#62648000
0'
#62689000
b1011110100 >
b1011110100 2
1'
#62730000
0'
#62771000
b1011110101 2
b1011110101 >
1'
#62812000
0'
#62853000
b1011110110 >
b1011110110 2
1'
#62894000
0'
#62935000
b1011110111 2
b1011110111 >
1'
#62976000
0'
#63017000
b1011111000 >
b1011111000 2
1'
#63058000
0'
#63099000
b1011111001 2
b1011111001 >
1'
#63140000
0'
#63181000
b1011111010 >
b1011111010 2
1'
#63222000
0'
#63263000
b1011111011 2
b1011111011 >
1'
#63304000
0'
#63345000
b1011111100 >
b1011111100 2
1'
#63386000
0'
#63427000
b1011111101 2
b1011111101 >
1'
#63468000
0'
#63509000
b1011111110 >
b1011111110 2
1'
#63550000
0'
#63591000
b1011111111 2
b1011111111 >
1'
#63632000
0'
#63673000
b1100000000 >
b1100000000 2
1'
#63714000
0'
#63755000
b1100000001 2
b1100000001 >
1'
#63796000
0'
#63837000
b1100000010 >
b1100000010 2
1'
#63878000
0'
#63919000
b1100000011 2
b1100000011 >
1'
#63960000
0'
#64001000
b1100000100 >
b1100000100 2
1'
#64042000
0'
#64083000
b1100000101 2
b1100000101 >
1'
#64124000
0'
#64165000
b1100000110 >
b1100000110 2
1'
#64206000
0'
#64247000
b1100000111 2
b1100000111 >
1'
#64288000
0'
#64329000
b1100001000 >
b1100001000 2
1'
#64370000
0'
#64411000
b1100001001 2
b1100001001 >
1'
#64452000
0'
#64493000
b1100001010 >
b1100001010 2
1'
#64534000
0'
#64575000
b1100001011 2
b1100001011 >
1'
#64616000
0'
#64657000
b1100001100 >
b1100001100 2
1'
#64698000
0'
#64739000
b1100001101 2
b1100001101 >
1'
#64780000
0'
#64821000
b1100001110 >
b1100001110 2
1'
#64862000
0'
#64903000
b1100001111 2
b1100001111 >
1'
#64944000
0'
#64985000
b1100010000 >
b1100010000 2
1'
#65026000
0'
#65067000
b1100010001 2
b1100010001 >
1'
#65108000
0'
#65149000
b1100010010 >
b1100010010 2
1'
#65190000
0'
#65231000
b1100010011 2
b1100010011 >
1'
#65272000
0'
#65313000
b1100010100 >
b1100010100 2
1'
#65354000
0'
#65395000
b1100010101 2
b1100010101 >
1'
#65436000
0'
#65477000
b1100010110 >
b1100010110 2
1'
#65518000
0'
#65559000
b1100010111 2
b1100010111 >
1'
#65600000
0'
#65641000
b1100011000 >
b1100011000 2
1'
#65682000
0'
#65723000
b1100011001 2
b1100011001 >
1'
#65764000
0'
#65805000
b1100011010 >
b1100011010 2
1'
#65846000
0'
#65887000
b1100011011 2
b1100011011 >
1'
#65928000
0'
#65969000
b1100011100 >
b1100011100 2
1'
#66010000
0'
#66051000
b1100011101 2
b1100011101 >
1'
#66092000
0'
#66133000
b1100011110 >
b1100011110 2
1'
#66174000
0'
#66215000
b1100011111 2
b1100011111 >
1'
#66256000
0'
#66297000
b1100100000 >
b1100100000 2
1'
#66338000
0'
#66379000
b1100100001 2
b1100100001 >
1'
#66420000
0'
#66461000
b1100100010 >
b1100100010 2
1'
#66502000
0'
#66543000
b1100100011 2
b1100100011 >
1'
#66584000
0'
#66625000
b1100100100 >
b1100100100 2
1'
#66666000
0'
#66707000
b1100100101 2
b1100100101 >
1'
#66748000
0'
#66789000
b1100100110 >
b1100100110 2
1'
#66830000
0'
#66871000
b1100100111 2
b1100100111 >
1'
#66912000
0'
#66953000
b1100101000 >
b1100101000 2
1'
#66994000
0'
#67035000
b1100101001 2
b1100101001 >
1'
#67076000
0'
#67117000
b1100101010 >
b1100101010 2
1'
#67158000
0'
#67199000
b1100101011 2
b1100101011 >
1'
#67240000
0'
#67281000
b1100101100 >
b1100101100 2
1'
#67322000
0'
#67363000
b1100101101 2
b1100101101 >
1'
#67404000
0'
#67445000
b1100101110 >
b1100101110 2
1'
#67486000
0'
#67527000
b1100101111 2
b1100101111 >
1'
#67568000
0'
#67609000
b1100110000 >
b1100110000 2
1'
#67650000
0'
#67691000
b1100110001 2
b1100110001 >
1'
#67732000
0'
#67773000
b1100110010 >
b1100110010 2
1'
#67814000
0'
#67855000
b1100110011 2
b1100110011 >
1'
#67896000
0'
#67937000
b1100110100 >
b1100110100 2
1'
#67978000
0'
#68019000
b1100110101 2
b1100110101 >
1'
#68060000
0'
#68101000
b1100110110 >
b1100110110 2
1'
#68142000
0'
#68183000
b1100110111 2
b1100110111 >
1'
#68224000
0'
#68265000
b1100111000 >
b1100111000 2
1'
#68306000
0'
#68347000
b1100111001 2
b1100111001 >
1'
#68388000
0'
#68429000
b1100111010 >
b1100111010 2
1'
#68470000
0'
#68511000
b1100111011 2
b1100111011 >
1'
#68552000
0'
#68593000
b1100111100 >
b1100111100 2
1'
#68634000
0'
#68675000
b1100111101 2
b1100111101 >
1'
#68716000
0'
#68757000
b1100111110 >
b1100111110 2
1'
#68798000
0'
#68839000
b1100111111 2
b1100111111 >
1'
#68880000
0'
#68921000
b1101000000 >
b1101000000 2
1'
#68962000
0'
#69003000
b1101000001 2
b1101000001 >
1'
#69044000
0'
#69085000
b1101000010 >
b1101000010 2
1'
#69126000
0'
#69167000
b1101000011 2
b1101000011 >
1'
#69208000
0'
#69249000
b1101000100 >
b1101000100 2
1'
#69290000
0'
#69331000
b1101000101 2
b1101000101 >
1'
#69372000
0'
#69413000
b1101000110 >
b1101000110 2
1'
#69454000
0'
#69495000
b1101000111 2
b1101000111 >
1'
#69536000
0'
#69577000
b1101001000 >
b1101001000 2
1'
#69618000
0'
#69659000
b1101001001 2
b1101001001 >
1'
#69700000
0'
#69741000
b1101001010 >
b1101001010 2
1'
#69782000
0'
#69823000
b1101001011 2
b1101001011 >
1'
#69864000
0'
#69905000
b1101001100 >
b1101001100 2
1'
#69946000
0'
#69987000
b1101001101 2
b1101001101 >
1'
#70028000
0'
#70069000
b1101001110 >
b1101001110 2
1'
#70110000
0'
#70151000
b1101001111 2
b1101001111 >
1'
#70192000
0'
#70233000
b1101010000 >
b1101010000 2
1'
#70274000
0'
#70315000
b1101010001 2
b1101010001 >
1'
#70356000
0'
#70397000
b1101010010 >
b1101010010 2
1'
#70438000
0'
#70479000
b1101010011 2
b1101010011 >
1'
#70520000
0'
#70561000
b1101010100 >
b1101010100 2
1'
#70602000
0'
#70643000
b1101010101 2
b1101010101 >
1'
#70684000
0'
#70725000
b1101010110 >
b1101010110 2
1'
#70766000
0'
#70807000
b1101010111 2
b1101010111 >
1'
#70848000
0'
#70889000
b1101011000 >
b1101011000 2
1'
#70930000
0'
#70971000
b1101011001 2
b1101011001 >
1'
#71012000
0'
#71053000
b1101011010 >
b1101011010 2
1'
#71094000
0'
#71135000
b1101011011 2
b1101011011 >
1'
#71176000
0'
#71217000
b1101011100 >
b1101011100 2
1'
#71258000
0'
#71299000
b1101011101 2
b1101011101 >
1'
#71340000
0'
#71381000
b1101011110 >
b1101011110 2
1'
#71422000
0'
#71463000
b1101011111 2
b1101011111 >
1'
#71504000
0'
#71545000
b1101100000 >
b1101100000 2
1'
#71586000
0'
#71627000
b1101100001 2
b1101100001 >
1'
#71668000
0'
#71709000
b1101100010 >
b1101100010 2
1'
#71750000
0'
#71791000
b1101100011 2
b1101100011 >
1'
#71832000
0'
#71873000
b1101100100 >
b1101100100 2
1'
#71914000
0'
#71955000
b1101100101 2
b1101100101 >
1'
#71996000
0'
#72037000
b1101100110 >
b1101100110 2
1'
#72078000
0'
#72119000
b1101100111 2
b1101100111 >
1'
#72160000
0'
#72201000
b1101101000 >
b1101101000 2
1'
#72242000
0'
#72283000
b1101101001 2
b1101101001 >
1'
#72324000
0'
#72365000
b1101101010 >
b1101101010 2
1'
#72406000
0'
#72447000
b1101101011 2
b1101101011 >
1'
#72488000
0'
#72529000
b1101101100 >
b1101101100 2
1'
#72570000
0'
#72611000
b1101101101 2
b1101101101 >
1'
#72652000
0'
#72693000
b1101101110 >
b1101101110 2
1'
#72734000
0'
#72775000
b1101101111 2
b1101101111 >
1'
#72816000
0'
#72857000
b1101110000 >
b1101110000 2
1'
#72898000
0'
#72939000
b1101110001 2
b1101110001 >
1'
#72980000
0'
#73021000
b1101110010 >
b1101110010 2
1'
#73062000
0'
#73103000
b1101110011 2
b1101110011 >
1'
#73144000
0'
#73185000
b1101110100 >
b1101110100 2
1'
#73226000
0'
#73267000
b1101110101 2
b1101110101 >
1'
#73308000
0'
#73349000
b1101110110 >
b1101110110 2
1'
#73390000
0'
#73431000
b1101110111 2
b1101110111 >
1'
#73472000
0'
#73513000
b1101111000 >
b1101111000 2
1'
#73554000
0'
#73595000
b1101111001 2
b1101111001 >
1'
#73636000
0'
#73677000
b1101111010 >
b1101111010 2
1'
#73718000
0'
#73759000
b1101111011 2
b1101111011 >
1'
#73800000
0'
#73841000
b1101111100 >
b1101111100 2
1'
#73882000
0'
#73923000
b1101111101 2
b1101111101 >
1'
#73964000
0'
#74005000
b1101111110 >
b1101111110 2
1'
#74046000
0'
#74087000
b1101111111 2
b1101111111 >
1'
#74128000
0'
#74169000
b1110000000 >
b1110000000 2
1'
#74210000
0'
#74251000
b1110000001 2
b1110000001 >
1'
#74292000
0'
#74333000
b1110000010 >
b1110000010 2
1'
#74374000
0'
#74415000
b1110000011 2
b1110000011 >
1'
#74456000
0'
#74497000
b1110000100 >
b1110000100 2
1'
#74538000
0'
#74579000
b1110000101 2
b1110000101 >
1'
#74620000
0'
#74661000
b1110000110 >
b1110000110 2
1'
#74702000
0'
#74743000
b1110000111 2
b1110000111 >
1'
#74784000
0'
#74825000
b1110001000 >
b1110001000 2
1'
#74866000
0'
#74907000
b1110001001 2
b1110001001 >
1'
#74948000
0'
#74989000
b1110001010 >
b1110001010 2
1'
#75030000
0'
#75071000
b1110001011 2
b1110001011 >
1'
#75112000
0'
#75153000
b1110001100 >
b1110001100 2
1'
#75194000
0'
#75235000
b1110001101 2
b1110001101 >
1'
#75276000
0'
#75317000
b1110001110 >
b1110001110 2
1'
#75358000
0'
#75399000
b1110001111 2
b1110001111 >
1'
#75440000
0'
#75481000
b1110010000 >
b1110010000 2
1'
#75522000
0'
#75563000
b1110010001 2
b1110010001 >
1'
#75604000
0'
#75645000
b1110010010 >
b1110010010 2
1'
#75686000
0'
#75727000
b1110010011 2
b1110010011 >
1'
#75768000
0'
#75809000
b1110010100 >
b1110010100 2
1'
#75850000
0'
#75891000
b1110010101 2
b1110010101 >
1'
#75932000
0'
#75973000
b1110010110 >
b1110010110 2
1'
#76014000
0'
#76055000
b1110010111 2
b1110010111 >
1'
#76096000
0'
#76137000
b1110011000 >
b1110011000 2
1'
#76178000
0'
#76219000
b1110011001 2
b1110011001 >
1'
#76260000
0'
#76301000
b1110011010 >
b1110011010 2
1'
#76342000
0'
#76383000
b1110011011 2
b1110011011 >
1'
#76424000
0'
#76465000
b1110011100 >
b1110011100 2
1'
#76506000
0'
#76547000
b1110011101 2
b1110011101 >
1'
#76588000
0'
#76629000
b1110011110 >
b1110011110 2
1'
#76670000
0'
#76711000
b1110011111 2
b1110011111 >
1'
#76752000
0'
#76793000
b1110100000 >
b1110100000 2
1'
#76834000
0'
#76875000
b1110100001 2
b1110100001 >
1'
#76916000
0'
#76957000
b1110100010 >
b1110100010 2
1'
#76998000
0'
#77039000
b1110100011 2
b1110100011 >
1'
#77080000
0'
#77121000
b1110100100 >
b1110100100 2
1'
#77162000
0'
#77203000
b1110100101 2
b1110100101 >
1'
#77244000
0'
#77285000
b1110100110 >
b1110100110 2
1'
#77326000
0'
#77367000
b1110100111 2
b1110100111 >
1'
#77408000
0'
#77449000
b1110101000 >
b1110101000 2
1'
#77490000
0'
#77531000
b1110101001 2
b1110101001 >
1'
#77572000
0'
#77613000
b1110101010 >
b1110101010 2
1'
#77654000
0'
#77695000
b1110101011 2
b1110101011 >
1'
#77736000
0'
#77777000
b1110101100 >
b1110101100 2
1'
#77818000
0'
#77859000
b1110101101 2
b1110101101 >
1'
#77900000
0'
#77941000
b1110101110 >
b1110101110 2
1'
#77982000
0'
#78023000
b1110101111 2
b1110101111 >
1'
#78064000
0'
#78105000
b1110110000 >
b1110110000 2
1'
#78146000
0'
#78187000
b1110110001 2
b1110110001 >
1'
#78228000
0'
#78269000
b1110110010 >
b1110110010 2
1'
#78310000
0'
#78351000
b1110110011 2
b1110110011 >
1'
#78392000
0'
#78433000
b1110110100 >
b1110110100 2
1'
#78474000
0'
#78515000
b1110110101 2
b1110110101 >
1'
#78556000
0'
#78597000
b1110110110 >
b1110110110 2
1'
#78638000
0'
#78679000
b1110110111 2
b1110110111 >
1'
#78720000
0'
#78761000
b1110111000 >
b1110111000 2
1'
#78802000
0'
#78843000
b1110111001 2
b1110111001 >
1'
#78884000
0'
#78925000
b1110111010 >
b1110111010 2
1'
#78966000
0'
#79007000
b1110111011 2
b1110111011 >
1'
#79048000
0'
#79089000
b1110111100 >
b1110111100 2
1'
#79130000
0'
#79171000
b1110111101 2
b1110111101 >
1'
#79212000
0'
#79253000
b1110111110 >
b1110111110 2
1'
#79294000
0'
#79335000
b1110111111 2
b1110111111 >
1'
#79376000
0'
#79417000
b1111000000 >
b1111000000 2
1'
#79458000
0'
#79499000
b1111000001 2
b1111000001 >
1'
#79540000
0'
#79581000
b1111000010 >
b1111000010 2
1'
#79622000
0'
#79663000
b1111000011 2
b1111000011 >
1'
#79704000
0'
#79745000
b1111000100 >
b1111000100 2
1'
#79786000
0'
#79827000
b1111000101 2
b1111000101 >
1'
#79868000
0'
#79909000
b1111000110 >
b1111000110 2
1'
#79950000
0'
#79991000
b1111000111 2
b1111000111 >
1'
#80032000
0'
#80073000
b1111001000 >
b1111001000 2
1'
#80114000
0'
#80155000
b1111001001 2
b1111001001 >
1'
#80196000
0'
#80237000
b1111001010 >
b1111001010 2
1'
#80278000
0'
#80319000
b1111001011 2
b1111001011 >
1'
#80360000
0'
#80401000
b1111001100 >
b1111001100 2
1'
#80442000
0'
#80483000
b1111001101 2
b1111001101 >
1'
#80524000
0'
#80565000
b1111001110 >
b1111001110 2
1'
#80606000
0'
#80647000
b1111001111 2
b1111001111 >
1'
#80688000
0'
#80729000
b1111010000 >
b1111010000 2
1'
#80770000
0'
#80811000
b1111010001 2
b1111010001 >
1'
#80852000
0'
#80893000
b1111010010 >
b1111010010 2
1'
#80934000
0'
#80975000
b1111010011 2
b1111010011 >
1'
#81016000
0'
#81057000
b1111010100 >
b1111010100 2
1'
#81098000
0'
#81139000
b1111010101 2
b1111010101 >
1'
#81180000
0'
#81221000
b1111010110 >
b1111010110 2
1'
#81262000
0'
#81303000
b1111010111 2
b1111010111 >
1'
#81344000
0'
#81385000
b1111011000 >
b1111011000 2
1'
#81426000
0'
#81467000
b1111011001 2
b1111011001 >
1'
#81508000
0'
#81549000
b1111011010 >
b1111011010 2
1'
#81590000
0'
#81631000
b1111011011 2
b1111011011 >
1'
#81672000
0'
#81713000
b1111011100 >
b1111011100 2
1'
#81754000
0'
#81795000
b1111011101 2
b1111011101 >
1'
#81836000
0'
#81877000
b1111011110 >
b1111011110 2
1'
#81918000
0'
#81959000
b1111011111 2
b1111011111 >
1'
#82000000
0'
#82041000
b1111100000 >
b1111100000 2
1'
#82082000
0'
#82123000
b1111100001 2
b1111100001 >
1'
#82164000
0'
#82205000
b1111100010 >
b1111100010 2
1'
#82246000
0'
#82287000
b1111100011 2
b1111100011 >
1'
#82328000
0'
#82369000
b1111100100 >
b1111100100 2
1'
#82410000
0'
#82451000
b1111100101 2
b1111100101 >
1'
#82492000
0'
#82533000
b1111100110 >
b1111100110 2
1'
#82574000
0'
#82615000
b1111100111 2
b1111100111 >
1'
#82656000
0'
#82697000
b1111101000 >
b1111101000 2
1'
#82738000
0'
#82779000
b1111101001 2
b1111101001 >
1'
#82820000
0'
#82861000
b1111101010 >
b1111101010 2
1'
#82902000
0'
#82943000
b1111101011 2
b1111101011 >
1'
#82984000
0'
#83025000
b1111101100 >
b1111101100 2
1'
#83066000
0'
#83107000
b1111101101 2
b1111101101 >
1'
#83148000
0'
#83189000
1=
b1111101110 >
1,
11
b1111101110 2
b1100100000 F
1(
1'
#83230000
0'
#83271000
b1111101111 2
b1111101111 >
1;
b101010111 C
1%
1/
b101010111 7
1'
#83312000
0'
#83353000
b1111110000 >
b1111110000 2
b101010110 7
b101010110 C
1'
#83394000
0'
#83435000
b1111110001 2
b1111110001 >
b101010101 C
b101010101 7
1'
#83476000
0'
#83517000
b1111110010 >
b1111110010 2
b101010100 7
b101010100 C
1'
#83558000
0'
#83599000
b1111110011 2
b1111110011 >
b101010011 C
b101010011 7
1'
#83640000
0'
#83681000
b1111110100 >
b1111110100 2
b101010010 7
b101010010 C
1'
#83722000
0'
#83763000
b1111110101 2
b1111110101 >
b101010001 C
b101010001 7
1'
#83804000
0'
#83845000
b1111110110 >
b1111110110 2
b101010000 7
b101010000 C
1'
#83886000
0'
#83927000
b1111110111 2
b1111110111 >
b101001111 C
b101001111 7
1'
#83968000
0'
#84009000
b1111111000 >
b1111111000 2
b101001110 7
b101001110 C
1'
#84050000
0'
#84091000
b1111111001 2
b1111111001 >
b101001101 C
b101001101 7
1'
#84132000
0'
#84173000
b1111111010 >
b1111111010 2
b101001100 7
b101001100 C
1'
#84214000
0'
#84255000
b1111111011 2
b1111111011 >
b101001011 C
b101001011 7
1'
#84296000
0'
#84337000
b1111111100 >
b1111111100 2
b101001010 7
b101001010 C
1'
#84378000
0'
#84419000
b1111111101 2
b1111111101 >
b101001001 C
b101001001 7
1'
#84460000
0'
#84501000
b1111111110 >
b1111111110 2
b101001000 7
b101001000 C
1'
#84542000
0'
#84583000
b1111111111 2
b1111111111 >
b101000111 C
b101000111 7
1'
#84624000
0'
#84665000
b10000000000 >
b10000000000 2
b101000110 7
b101000110 C
1'
#84706000
0'
#84747000
b10000000001 2
b10000000001 >
b101000101 C
b101000101 7
1'
#84788000
0'
#84829000
b10000000010 >
b10000000010 2
b101000100 7
b101000100 C
1'
#84870000
0'
#84911000
b10000000011 2
b10000000011 >
b101000011 C
b101000011 7
1'
#84952000
0'
#84993000
b10000000100 >
b10000000100 2
b101000010 7
b101000010 C
1'
#85034000
0'
#85075000
b10000000101 2
b10000000101 >
b101000001 C
b101000001 7
1'
#85116000
0'
#85157000
b10000000110 >
b10000000110 2
b101000000 7
b101000000 C
1'
#85198000
0'
#85239000
b10000000111 2
b10000000111 >
b100111111 C
b100111111 7
1'
#85280000
0'
#85321000
b10000001000 >
b10000001000 2
b100111110 7
b100111110 C
1'
#85362000
0'
#85403000
b10000001001 2
b10000001001 >
b100111101 C
b100111101 7
1'
#85444000
0'
#85485000
b10000001010 >
b10000001010 2
b100111100 7
b100111100 C
1'
#85526000
0'
#85567000
b10000001011 2
b10000001011 >
b100111011 C
b100111011 7
1'
#85608000
0'
#85649000
b10000001100 >
b10000001100 2
b100111010 7
b100111010 C
1'
#85690000
0'
#85731000
b10000001101 2
b10000001101 >
b100111001 C
b100111001 7
1'
#85772000
0'
#85813000
b10000001110 >
b10000001110 2
b100111000 7
b100111000 C
1'
#85854000
0'
#85895000
b10000001111 2
b10000001111 >
b100110111 C
b100110111 7
1'
#85936000
0'
#85977000
b10000010000 >
b10000010000 2
b100110110 7
b100110110 C
1'
#86018000
0'
#86059000
b10000010001 2
b10000010001 >
b100110101 C
b100110101 7
1'
#86100000
0'
#86141000
b10000010010 >
b10000010010 2
b100110100 7
b100110100 C
1'
#86182000
0'
#86223000
b10000010011 2
b10000010011 >
b100110011 C
b100110011 7
1'
#86264000
0'
#86305000
b10000010100 >
b10000010100 2
b100110010 7
b100110010 C
1'
#86346000
0'
#86387000
b10000010101 2
b10000010101 >
b100110001 C
b100110001 7
1'
#86428000
0'
#86469000
b10000010110 >
b10000010110 2
b100110000 7
b100110000 C
1'
#86510000
0'
#86551000
b10000010111 2
b10000010111 >
b100101111 C
b100101111 7
1'
#86592000
0'
#86633000
b10000011000 >
b10000011000 2
b100101110 7
b100101110 C
1'
#86674000
0'
#86715000
b10000011001 2
b10000011001 >
b100101101 C
b100101101 7
1'
#86756000
0'
#86797000
b10000011010 >
b10000011010 2
b100101100 7
b100101100 C
1'
#86838000
0'
#86879000
b10000011011 2
b10000011011 >
b100101011 C
b100101011 7
1'
#86920000
0'
#86961000
b10000011100 >
b10000011100 2
b100101010 7
b100101010 C
1'
#87002000
0'
#87043000
b10000011101 2
b10000011101 >
b100101001 C
b100101001 7
1'
#87084000
0'
#87125000
b10000011110 >
b10000011110 2
b100101000 7
b100101000 C
1'
#87166000
0'
#87207000
b10000011111 2
b10000011111 >
b100100111 C
b100100111 7
1'
#87248000
0'
#87289000
b10000100000 >
b10000100000 2
b100100110 7
b100100110 C
1'
#87330000
0'
#87371000
b10000100001 2
b10000100001 >
b100100101 C
b100100101 7
1'
#87412000
0'
#87453000
b10000100010 >
b10000100010 2
b100100100 7
b100100100 C
1'
#87494000
0'
#87535000
b10000100011 2
b10000100011 >
b100100011 C
b100100011 7
1'
#87576000
0'
#87617000
b10000100100 >
b10000100100 2
b100100010 7
b100100010 C
1'
#87658000
0'
#87699000
b10000100101 2
b10000100101 >
b100100001 C
b100100001 7
1'
#87740000
0'
#87781000
b10000100110 >
b10000100110 2
b100100000 7
b100100000 C
1'
#87822000
0'
#87863000
b10000100111 2
b10000100111 >
b100011111 C
b100011111 7
1'
#87904000
0'
#87945000
b10000101000 >
b10000101000 2
b100011110 7
b100011110 C
1'
#87986000
0'
#88027000
b10000101001 2
b10000101001 >
b100011101 C
b100011101 7
1'
#88068000
0'
#88109000
b10000101010 >
b10000101010 2
b100011100 7
b100011100 C
1'
#88150000
0'
#88191000
b10000101011 2
b10000101011 >
b100011011 C
b100011011 7
1'
#88232000
0'
#88273000
b10000101100 >
b10000101100 2
b100011010 7
b100011010 C
1'
#88314000
0'
#88355000
b10000101101 2
b10000101101 >
b100011001 C
b100011001 7
1'
#88396000
0'
#88437000
b10000101110 >
b10000101110 2
b100011000 7
b100011000 C
1'
#88478000
0'
#88519000
b10000101111 2
b10000101111 >
b100010111 C
b100010111 7
1'
#88560000
0'
#88601000
b10000110000 >
b10000110000 2
b100010110 7
b100010110 C
1'
#88642000
0'
#88683000
b10000110001 2
b10000110001 >
b100010101 C
b100010101 7
1'
#88724000
0'
#88765000
b10000110010 >
b10000110010 2
b100010100 7
b100010100 C
1'
#88806000
0'
#88847000
b10000110011 2
b10000110011 >
b100010011 C
b100010011 7
1'
#88888000
0'
#88929000
b10000110100 >
b10000110100 2
b100010010 7
b100010010 C
1'
#88970000
0'
#89011000
b10000110101 2
b10000110101 >
b100010001 C
b100010001 7
1'
#89052000
0'
#89093000
b10000110110 >
b10000110110 2
b100010000 7
b100010000 C
1'
#89134000
0'
#89175000
b10000110111 2
b10000110111 >
b100001111 C
b100001111 7
1'
#89216000
0'
#89257000
b10000111000 >
b10000111000 2
b100001110 7
b100001110 C
1'
#89298000
0'
#89339000
b10000111001 2
b10000111001 >
b100001101 C
b100001101 7
1'
#89380000
0'
#89421000
b10000111010 >
b10000111010 2
b100001100 7
b100001100 C
1'
#89462000
0'
#89503000
b10000111011 2
b10000111011 >
b100001011 C
b100001011 7
1'
#89544000
0'
#89585000
b10000111100 >
b10000111100 2
b100001010 7
b100001010 C
1'
#89626000
0'
#89667000
b10000111101 2
b10000111101 >
b100001001 C
b100001001 7
1'
#89708000
0'
#89749000
b10000111110 >
b10000111110 2
b100001000 7
b100001000 C
1'
#89790000
0'
#89831000
b10000111111 2
b10000111111 >
b100000111 C
b100000111 7
1'
#89872000
0'
#89913000
b10001000000 >
b10001000000 2
b100000110 7
b100000110 C
1'
#89954000
0'
#89995000
b10001000001 2
b10001000001 >
b100000101 C
b100000101 7
1'
#90036000
0'
#90077000
b10001000010 >
b10001000010 2
b100000100 7
b100000100 C
1'
#90118000
0'
#90159000
b10001000011 2
b10001000011 >
b100000011 C
b100000011 7
1'
#90200000
0'
#90241000
b10001000100 >
b10001000100 2
b100000010 7
b100000010 C
1'
#90282000
0'
#90323000
b10001000101 2
b10001000101 >
b100000001 C
b100000001 7
1'
#90364000
0'
#90405000
b10001000110 >
b10001000110 2
b100000000 7
b100000000 C
1'
#90446000
0'
#90487000
b10001000111 2
b10001000111 >
b11111111 C
b11111111 7
1'
#90528000
0'
#90569000
b10001001000 >
b10001001000 2
b11111110 7
b11111110 C
1'
#90610000
0'
#90651000
b10001001001 2
b10001001001 >
b11111101 C
b11111101 7
1'
#90692000
0'
#90733000
b10001001010 >
b10001001010 2
b11111100 7
b11111100 C
1'
#90774000
0'
#90815000
b10001001011 2
b10001001011 >
b11111011 C
b11111011 7
1'
#90856000
0'
#90897000
b10001001100 >
b10001001100 2
b11111010 7
b11111010 C
1'
#90938000
0'
#90979000
b10001001101 2
b10001001101 >
b11111001 C
b11111001 7
1'
#91020000
0'
#91061000
b10001001110 >
b10001001110 2
b11111000 7
b11111000 C
1'
#91102000
0'
#91143000
b10001001111 2
b10001001111 >
b11110111 C
b11110111 7
1'
#91184000
0'
#91225000
b10001010000 >
b10001010000 2
b11110110 7
b11110110 C
1'
#91266000
0'
#91307000
b10001010001 2
b10001010001 >
b11110101 C
b11110101 7
1'
#91348000
0'
#91389000
b10001010010 >
b10001010010 2
b11110100 7
b11110100 C
1'
#91430000
0'
#91471000
b10001010011 2
b10001010011 >
b11110011 C
b11110011 7
1'
#91512000
0'
#91553000
b10001010100 >
b10001010100 2
b11110010 7
b11110010 C
1'
#91594000
0'
#91635000
b10001010101 2
b10001010101 >
b11110001 C
b11110001 7
1'
#91676000
0'
#91717000
b10001010110 >
b10001010110 2
b11110000 7
b11110000 C
1'
#91758000
0'
#91799000
b10001010111 2
b10001010111 >
b11101111 C
b11101111 7
1'
#91840000
0'
#91881000
b10001011000 >
b10001011000 2
b11101110 7
b11101110 C
1'
#91922000
0'
#91963000
b10001011001 2
b10001011001 >
b11101101 C
b11101101 7
1'
#92004000
0'
#92045000
b10001011010 >
b10001011010 2
b11101100 7
b11101100 C
1'
#92086000
0'
#92127000
b10001011011 2
b10001011011 >
b11101011 C
b11101011 7
1'
#92168000
0'
#92209000
b10001011100 >
b10001011100 2
b11101010 7
b11101010 C
1'
#92250000
0'
#92291000
b10001011101 2
b10001011101 >
b11101001 C
b11101001 7
1'
#92332000
0'
#92373000
b10001011110 >
b10001011110 2
b11101000 7
b11101000 C
1'
#92414000
0'
#92455000
b10001011111 2
b10001011111 >
b11100111 C
b11100111 7
1'
#92496000
0'
#92537000
b10001100000 >
b10001100000 2
b11100110 7
b11100110 C
1'
#92578000
0'
#92619000
b10001100001 2
b10001100001 >
b11100101 C
b11100101 7
1'
#92660000
0'
#92701000
b10001100010 >
b10001100010 2
b11100100 7
b11100100 C
1'
#92742000
0'
#92783000
b10001100011 2
b10001100011 >
b11100011 C
b11100011 7
1'
#92824000
0'
#92865000
b10001100100 >
b10001100100 2
b11100010 7
b11100010 C
1'
#92906000
0'
#92947000
b10001100101 2
b10001100101 >
b11100001 C
b11100001 7
1'
#92988000
0'
#93029000
b10001100110 >
b10001100110 2
b11100000 7
b11100000 C
1'
#93070000
0'
#93111000
b10001100111 2
b10001100111 >
b11011111 C
b11011111 7
1'
#93152000
0'
#93193000
b10001101000 >
b10001101000 2
b11011110 7
b11011110 C
1'
#93234000
0'
#93275000
b10001101001 2
b10001101001 >
b11011101 C
b11011101 7
1'
#93316000
0'
#93357000
b10001101010 >
b10001101010 2
b11011100 7
b11011100 C
1'
#93398000
0'
#93439000
b10001101011 2
b10001101011 >
b11011011 C
b11011011 7
1'
#93480000
0'
#93521000
b10001101100 >
b10001101100 2
b11011010 7
b11011010 C
1'
#93562000
0'
#93603000
b10001101101 2
b10001101101 >
b11011001 C
b11011001 7
1'
#93644000
0'
#93685000
b10001101110 >
b10001101110 2
b11011000 7
b11011000 C
1'
#93726000
0'
#93767000
b10001101111 2
b10001101111 >
b11010111 C
b11010111 7
1'
#93808000
0'
#93849000
b10001110000 >
b10001110000 2
b11010110 7
b11010110 C
1'
#93890000
0'
#93931000
b10001110001 2
b10001110001 >
b11010101 C
b11010101 7
1'
#93972000
0'
#94013000
b10001110010 >
b10001110010 2
b11010100 7
b11010100 C
1'
#94054000
0'
#94095000
b10001110011 2
b10001110011 >
b11010011 C
b11010011 7
1'
#94136000
0'
#94177000
b10001110100 >
b10001110100 2
b11010010 7
b11010010 C
1'
#94218000
0'
#94259000
b10001110101 2
b10001110101 >
b11010001 C
b11010001 7
1'
#94300000
0'
#94341000
b10001110110 >
b10001110110 2
b11010000 7
b11010000 C
1'
#94382000
0'
#94423000
b10001110111 2
b10001110111 >
b11001111 C
b11001111 7
1'
#94464000
0'
#94505000
b10001111000 >
b10001111000 2
b11001110 7
b11001110 C
1'
#94546000
0'
#94587000
b10001111001 2
b10001111001 >
b11001101 C
b11001101 7
1'
#94628000
0'
#94669000
b10001111010 >
b10001111010 2
b11001100 7
b11001100 C
1'
#94710000
0'
#94751000
b10001111011 2
b10001111011 >
b11001011 C
b11001011 7
1'
#94792000
0'
#94833000
b10001111100 >
b10001111100 2
b11001010 7
b11001010 C
1'
#94874000
0'
#94915000
b10001111101 2
b10001111101 >
b11001001 C
b11001001 7
1'
#94956000
0'
#94997000
b10001111110 >
b10001111110 2
b11001000 7
b11001000 C
1'
#95038000
0'
#95079000
b10001111111 2
b10001111111 >
b11000111 C
b11000111 7
1'
#95120000
0'
#95161000
b10010000000 >
b10010000000 2
b11000110 7
b11000110 C
1'
#95202000
0'
#95243000
b10010000001 2
b10010000001 >
b11000101 C
b11000101 7
1'
#95284000
0'
#95325000
b10010000010 >
b10010000010 2
b11000100 7
b11000100 C
1'
#95366000
0'
#95407000
b10010000011 2
b10010000011 >
b11000011 C
b11000011 7
1'
#95448000
0'
#95489000
b10010000100 >
b10010000100 2
b11000010 7
b11000010 C
1'
#95530000
0'
#95571000
b10010000101 2
b10010000101 >
b11000001 C
b11000001 7
1'
#95612000
0'
#95653000
b10010000110 >
b10010000110 2
b11000000 7
b11000000 C
1'
#95694000
0'
#95735000
b10010000111 2
b10010000111 >
b10111111 C
b10111111 7
1'
#95776000
0'
#95817000
b10010001000 >
b10010001000 2
b10111110 7
b10111110 C
1'
#95858000
0'
#95899000
b10010001001 2
b10010001001 >
b10111101 C
b10111101 7
1'
#95940000
0'
#95981000
b10010001010 >
b10010001010 2
b10111100 7
b10111100 C
1'
#96022000
0'
#96063000
b10010001011 2
b10010001011 >
b10111011 C
b10111011 7
1'
#96104000
0'
#96145000
b10010001100 >
b10010001100 2
b10111010 7
b10111010 C
1'
#96186000
0'
#96227000
b10010001101 2
b10010001101 >
b10111001 C
b10111001 7
1'
#96268000
0'
#96309000
b10010001110 >
b10010001110 2
b10111000 7
b10111000 C
1'
#96350000
0'
#96391000
b10010001111 2
b10010001111 >
b10110111 C
b10110111 7
1'
#96432000
0'
#96473000
b10010010000 >
b10010010000 2
b10110110 7
b10110110 C
1'
#96514000
0'
#96555000
b10010010001 2
b10010010001 >
b10110101 C
b10110101 7
1'
#96596000
0'
#96637000
b10010010010 >
b10010010010 2
b10110100 7
b10110100 C
1'
#96678000
0'
#96719000
b10010010011 2
b10010010011 >
b10110011 C
b10110011 7
1'
#96760000
0'
#96801000
b10010010100 >
b10010010100 2
b10110010 7
b10110010 C
1'
#96842000
0'
#96883000
b10010010101 2
b10010010101 >
b10110001 C
b10110001 7
1'
#96924000
0'
#96965000
b10010010110 >
b10010010110 2
b10110000 7
b10110000 C
1'
#97006000
0'
#97047000
b10010010111 2
b10010010111 >
b10101111 C
b10101111 7
1'
#97088000
0'
#97129000
b10010011000 >
b10010011000 2
b10101110 7
b10101110 C
1'
#97170000
0'
#97211000
b10010011001 2
b10010011001 >
b10101101 C
b10101101 7
1'
#97252000
0'
#97293000
b10010011010 >
b10010011010 2
b10101100 7
b10101100 C
1'
#97334000
0'
#97375000
b10010011011 2
b10010011011 >
b10101011 C
b10101011 7
1'
#97416000
0'
#97457000
b10010011100 >
b10010011100 2
b10101010 7
b10101010 C
1'
#97498000
0'
#97539000
b10010011101 2
b10010011101 >
b10101001 C
b10101001 7
1'
#97580000
0'
#97621000
b10010011110 >
b10010011110 2
b10101000 7
b10101000 C
1'
#97662000
0'
#97703000
b10010011111 2
b10010011111 >
b10100111 C
b10100111 7
1'
#97744000
0'
#97785000
b10010100000 >
b10010100000 2
b10100110 7
b10100110 C
1'
#97826000
0'
#97867000
b10010100001 2
b10010100001 >
b10100101 C
b10100101 7
1'
#97908000
0'
#97949000
b10010100010 >
b10010100010 2
b10100100 7
b10100100 C
1'
#97990000
0'
#98031000
b10010100011 2
b10010100011 >
b10100011 C
b10100011 7
1'
#98072000
0'
#98113000
b10010100100 >
b10010100100 2
b10100010 7
b10100010 C
1'
#98154000
0'
#98195000
b10010100101 2
b10010100101 >
b10100001 C
b10100001 7
1'
#98236000
0'
#98277000
b10010100110 >
b10010100110 2
b10100000 7
b10100000 C
1'
#98318000
0'
#98359000
b10010100111 2
b10010100111 >
b10011111 C
b10011111 7
1'
#98400000
0'
#98441000
b10010101000 >
b10010101000 2
b10011110 7
b10011110 C
1'
#98482000
0'
#98523000
b10010101001 2
b10010101001 >
b10011101 C
b10011101 7
1'
#98564000
0'
#98605000
b10010101010 >
b10010101010 2
b10011100 7
b10011100 C
1'
#98646000
0'
#98687000
b10010101011 2
b10010101011 >
b10011011 C
b10011011 7
1'
#98728000
0'
#98769000
b10010101100 >
b10010101100 2
b10011010 7
b10011010 C
1'
#98810000
0'
#98851000
b10010101101 2
b10010101101 >
b10011001 C
b10011001 7
1'
#98892000
0'
#98933000
b10010101110 >
b10010101110 2
b10011000 7
b10011000 C
1'
#98974000
0'
#99015000
b10010101111 2
b10010101111 >
b10010111 C
b10010111 7
1'
#99056000
0'
#99097000
b10010110000 >
b10010110000 2
b10010110 7
b10010110 C
1'
#99138000
0'
#99179000
b10010110001 2
b10010110001 >
b10010101 C
b10010101 7
1'
#99220000
0'
#99261000
b10010110010 >
b10010110010 2
b10010100 7
b10010100 C
1'
#99302000
0'
#99343000
b10010110011 2
b10010110011 >
b10010011 C
b10010011 7
1'
#99384000
0'
#99425000
b10010110100 >
b10010110100 2
b10010010 7
b10010010 C
1'
#99466000
0'
#99507000
b10010110101 2
b10010110101 >
b10010001 C
b10010001 7
1'
#99548000
0'
#99589000
b10010110110 >
b10010110110 2
b10010000 7
b10010000 C
1'
#99630000
0'
#99671000
b10010110111 2
b10010110111 >
b10001111 C
b10001111 7
1'
#99712000
0'
#99753000
b10010111000 >
b10010111000 2
b10001110 7
b10001110 C
1'
#99794000
0'
#99835000
b10010111001 2
b10010111001 >
b10001101 C
b10001101 7
1'
#99876000
0'
#99917000
b10010111010 >
b10010111010 2
b10001100 7
b10001100 C
1'
#99958000
0'
#99999000
b10010111011 2
b10010111011 >
b10001011 C
b10001011 7
1'
#100040000
0'
#100081000
b10010111100 >
b10010111100 2
b10001010 7
b10001010 C
1'
#100122000
0'
#100163000
b10010111101 2
b10010111101 >
b10001001 C
b10001001 7
1'
#100204000
0'
#100245000
b10010111110 >
b10010111110 2
b10001000 7
b10001000 C
1'
#100286000
0'
#100327000
b10010111111 2
b10010111111 >
b10000111 C
b10000111 7
1'
#100368000
0'
#100409000
b10011000000 >
b10011000000 2
b10000110 7
b10000110 C
1'
#100450000
0'
#100491000
b10011000001 2
b10011000001 >
b10000101 C
b10000101 7
1'
#100532000
0'
#100573000
b10011000010 >
b10011000010 2
b10000100 7
b10000100 C
1'
#100614000
0'
#100655000
b10011000011 2
b10011000011 >
b10000011 C
b10000011 7
1'
#100696000
0'
#100737000
b10011000100 >
b10011000100 2
b10000010 7
b10000010 C
1'
#100778000
0'
#100819000
b10011000101 2
b10011000101 >
b10000001 C
b10000001 7
1'
#100860000
0'
#100901000
b10011000110 >
b10011000110 2
b10000000 7
b10000000 C
1'
#100942000
0'
#100983000
b10011000111 2
b10011000111 >
b1111111 C
b1111111 7
1'
#101024000
0'
#101065000
b10011001000 >
b10011001000 2
b1111110 7
b1111110 C
1'
#101106000
0'
#101147000
b10011001001 2
b10011001001 >
b1111101 C
b1111101 7
1'
#101188000
0'
#101229000
b10011001010 >
b10011001010 2
b1111100 7
b1111100 C
1'
#101270000
0'
#101311000
b10011001011 2
b10011001011 >
b1111011 C
b1111011 7
1'
#101352000
0'
#101393000
b10011001100 >
b10011001100 2
b1111010 7
b1111010 C
1'
#101434000
0'
#101475000
b10011001101 2
b10011001101 >
b1111001 C
b1111001 7
1'
#101516000
0'
#101557000
b10011001110 >
b10011001110 2
b1111000 7
b1111000 C
1'
#101598000
0'
#101639000
b10011001111 2
b10011001111 >
b1110111 C
b1110111 7
1'
#101680000
0'
#101721000
b10011010000 >
b10011010000 2
b1110110 7
b1110110 C
1'
#101762000
0'
#101803000
b10011010001 2
b10011010001 >
b1110101 C
b1110101 7
1'
#101844000
0'
#101885000
b10011010010 >
b10011010010 2
b1110100 7
b1110100 C
1'
#101926000
0'
#101967000
b10011010011 2
b10011010011 >
b1110011 C
b1110011 7
1'
#102008000
0'
#102049000
b10011010100 >
b10011010100 2
b1110010 7
b1110010 C
1'
#102090000
0'
#102131000
b10011010101 2
b10011010101 >
b1110001 C
b1110001 7
1'
#102172000
0'
#102213000
b10011010110 >
b10011010110 2
b1110000 7
b1110000 C
1'
#102254000
0'
#102295000
b10011010111 2
b10011010111 >
b1101111 C
b1101111 7
1'
#102336000
0'
#102377000
b10011011000 >
b10011011000 2
b1101110 7
b1101110 C
1'
#102418000
0'
#102459000
b10011011001 2
b10011011001 >
b1101101 C
b1101101 7
1'
#102500000
0'
#102541000
b10011011010 >
b10011011010 2
b1101100 7
b1101100 C
1'
#102582000
0'
#102623000
b10011011011 2
b10011011011 >
b1101011 C
b1101011 7
1'
#102664000
0'
#102705000
b10011011100 >
b10011011100 2
b1101010 7
b1101010 C
1'
#102746000
0'
#102787000
b10011011101 2
b10011011101 >
b1101001 C
b1101001 7
1'
#102828000
0'
#102869000
b10011011110 >
b10011011110 2
b1101000 7
b1101000 C
1'
#102910000
0'
#102951000
b10011011111 2
b10011011111 >
b1100111 C
b1100111 7
1'
#102992000
0'
#103033000
b10011100000 >
b10011100000 2
b1100110 7
b1100110 C
1'
#103074000
0'
#103115000
b10011100001 2
b10011100001 >
b1100101 C
b1100101 7
1'
#103156000
0'
#103197000
b10011100010 >
b10011100010 2
b1100100 7
b1100100 C
1'
#103238000
0'
#103279000
b10011100011 2
b10011100011 >
b1100011 C
b1100011 7
1'
#103320000
0'
#103361000
b10011100100 >
b10011100100 2
b1100010 7
b1100010 C
1'
#103402000
0'
#103443000
b10011100101 2
b10011100101 >
b1100001 C
b1100001 7
1'
#103484000
0'
#103525000
b10011100110 >
b10011100110 2
b1100000 7
b1100000 C
1'
#103566000
0'
#103607000
b10011100111 2
b10011100111 >
b1011111 C
b1011111 7
1'
#103648000
0'
#103689000
b10011101000 >
b10011101000 2
b1011110 7
b1011110 C
1'
#103730000
0'
#103771000
b10011101001 2
b10011101001 >
b1011101 C
b1011101 7
1'
#103812000
0'
#103853000
b10011101010 >
b10011101010 2
b1011100 7
b1011100 C
1'
#103894000
0'
#103935000
b10011101011 2
b10011101011 >
b1011011 C
b1011011 7
1'
#103976000
0'
#104017000
b10011101100 >
b10011101100 2
b1011010 7
b1011010 C
1'
#104058000
0'
#104099000
b10011101101 2
b10011101101 >
b1011001 C
b1011001 7
1'
#104140000
0'
#104181000
b10011101110 >
b10011101110 2
b1011000 7
b1011000 C
1'
#104222000
0'
#104263000
b10011101111 2
b10011101111 >
b1010111 C
b1010111 7
1'
#104304000
0'
#104345000
b10011110000 >
b10011110000 2
b1010110 7
b1010110 C
1'
#104386000
0'
#104427000
b10011110001 2
b10011110001 >
b1010101 C
b1010101 7
1'
#104468000
0'
#104509000
b10011110010 >
b10011110010 2
b1010100 7
b1010100 C
1'
#104550000
0'
#104591000
b10011110011 2
b10011110011 >
b1010011 C
b1010011 7
1'
#104632000
0'
#104673000
b10011110100 >
b10011110100 2
b1010010 7
b1010010 C
1'
#104714000
0'
#104755000
b10011110101 2
b10011110101 >
b1010001 C
b1010001 7
1'
#104796000
0'
#104837000
b10011110110 >
b10011110110 2
b1010000 7
b1010000 C
1'
#104878000
0'
#104919000
b10011110111 2
b10011110111 >
b1001111 C
b1001111 7
1'
#104960000
0'
#105001000
b10011111000 >
b10011111000 2
b1001110 7
b1001110 C
1'
#105042000
0'
#105083000
b10011111001 2
b10011111001 >
b1001101 C
b1001101 7
1'
#105124000
0'
#105165000
b10011111010 >
b10011111010 2
b1001100 7
b1001100 C
1'
#105206000
0'
#105247000
b10011111011 2
b10011111011 >
b1001011 C
b1001011 7
1'
#105288000
0'
#105329000
b10011111100 >
b10011111100 2
b1001010 7
b1001010 C
1'
#105370000
0'
#105411000
b10011111101 2
b10011111101 >
b1001001 C
b1001001 7
1'
#105452000
0'
#105493000
b10011111110 >
b10011111110 2
b1001000 7
b1001000 C
1'
#105534000
0'
#105575000
b10011111111 2
b10011111111 >
b1000111 C
b1000111 7
1'
#105616000
0'
#105657000
b10100000000 >
b10100000000 2
b1000110 7
b1000110 C
1'
#105698000
0'
#105739000
b10100000001 2
b10100000001 >
b1000101 C
b1000101 7
1'
#105780000
0'
#105821000
b10100000010 >
b10100000010 2
b1000100 7
b1000100 C
1'
#105862000
0'
#105903000
b10100000011 2
b10100000011 >
b1000011 C
b1000011 7
1'
#105944000
0'
#105985000
b10100000100 >
b10100000100 2
b1000010 7
b1000010 C
1'
#106026000
0'
#106067000
b10100000101 2
b10100000101 >
b1000001 C
b1000001 7
1'
#106108000
0'
#106149000
b10100000110 >
b10100000110 2
b1000000 7
b1000000 C
1'
#106190000
0'
#106231000
b10100000111 2
b10100000111 >
b111111 C
b111111 7
1'
#106272000
0'
#106313000
b10100001000 >
b10100001000 2
b111110 7
b111110 C
1'
#106354000
0'
#106395000
b10100001001 2
b10100001001 >
b111101 C
b111101 7
1'
#106436000
0'
#106477000
b10100001010 >
b10100001010 2
b111100 7
b111100 C
1'
#106518000
0'
#106559000
b10100001011 2
b10100001011 >
b111011 C
b111011 7
1'
#106600000
0'
#106641000
b10100001100 >
b10100001100 2
b111010 7
b111010 C
1'
#106682000
0'
#106723000
b10100001101 2
b10100001101 >
b111001 C
b111001 7
1'
#106764000
0'
#106805000
b10100001110 >
b10100001110 2
b111000 7
b111000 C
1'
#106846000
0'
#106887000
b10100001111 2
b10100001111 >
b110111 C
b110111 7
1'
#106928000
0'
#106969000
b10100010000 >
b10100010000 2
b110110 7
b110110 C
1'
#107010000
0'
#107051000
b10100010001 2
b10100010001 >
b110101 C
b110101 7
1'
#107092000
0'
#107133000
b10100010010 >
b10100010010 2
b110100 7
b110100 C
1'
#107174000
0'
#107215000
b10100010011 2
b10100010011 >
b110011 C
b110011 7
1'
#107256000
0'
#107297000
b10100010100 >
b10100010100 2
b110010 7
b110010 C
1'
#107338000
0'
#107379000
b10100010101 2
b10100010101 >
b110001 C
b110001 7
1'
#107420000
0'
#107461000
b10100010110 >
b10100010110 2
b110000 7
b110000 C
1'
#107502000
0'
#107543000
b10100010111 2
b10100010111 >
b101111 C
b101111 7
1'
#107584000
0'
#107625000
b10100011000 >
b10100011000 2
b101110 7
b101110 C
1'
#107666000
0'
#107707000
b10100011001 2
b10100011001 >
b101101 C
b101101 7
1'
#107748000
0'
#107789000
b10100011010 >
b10100011010 2
b101100 7
b101100 C
1'
#107830000
0'
#107871000
b10100011011 2
b10100011011 >
b101011 C
b101011 7
1'
#107912000
0'
#107953000
b10100011100 >
b10100011100 2
b101010 7
b101010 C
1'
#107994000
0'
#108035000
b10100011101 2
b10100011101 >
b101001 C
b101001 7
1'
#108076000
0'
#108117000
b10100011110 >
b10100011110 2
b101000 7
b101000 C
1'
#108158000
0'
#108199000
b10100011111 2
b10100011111 >
b100111 C
b100111 7
1'
#108240000
0'
#108281000
b10100100000 >
b10100100000 2
b100110 7
b100110 C
1'
#108322000
0'
#108363000
b10100100001 2
b10100100001 >
b100101 C
b100101 7
1'
#108404000
0'
#108445000
b10100100010 >
b10100100010 2
b100100 7
b100100 C
1'
#108486000
0'
#108527000
b10100100011 2
b10100100011 >
b100011 C
b100011 7
1'
#108568000
0'
#108609000
b10100100100 >
b10100100100 2
b100010 7
b100010 C
1'
#108650000
0'
#108691000
b10100100101 2
b10100100101 >
b100001 C
b100001 7
1'
#108732000
0'
#108773000
b10100100110 >
b10100100110 2
b100000 7
b100000 C
1'
#108814000
0'
#108855000
b10100100111 2
b10100100111 >
b11111 C
b11111 7
1'
#108896000
0'
#108937000
b10100101000 >
b10100101000 2
b11110 7
b11110 C
1'
#108978000
0'
#109019000
b10100101001 2
b10100101001 >
b11101 C
b11101 7
1'
#109060000
0'
#109101000
b10100101010 >
b10100101010 2
b11100 7
b11100 C
1'
#109142000
0'
#109183000
b10100101011 2
b10100101011 >
b11011 C
b11011 7
1'
#109224000
0'
#109265000
b10100101100 >
b10100101100 2
b11010 7
b11010 C
1'
#109306000
0'
#109347000
b10100101101 2
b10100101101 >
b11001 C
b11001 7
1'
#109388000
0'
#109429000
b10100101110 >
b10100101110 2
b11000 7
b11000 C
1'
#109470000
0'
#109511000
b10100101111 2
b10100101111 >
b10111 C
b10111 7
1'
#109552000
0'
#109593000
b10100110000 >
b10100110000 2
b10110 7
b10110 C
1'
#109634000
0'
#109675000
b10100110001 2
b10100110001 >
b10101 C
b10101 7
1'
#109716000
0'
#109757000
b10100110010 >
b10100110010 2
b10100 7
b10100 C
1'
#109798000
0'
#109839000
b10100110011 2
b10100110011 >
b10011 C
b10011 7
1'
#109880000
0'
#109921000
b10100110100 >
b10100110100 2
b10010 7
b10010 C
1'
#109962000
0'
#110003000
b10100110101 2
b10100110101 >
b10001 C
b10001 7
1'
#110044000
0'
#110085000
b10100110110 >
b10100110110 2
b10000 7
b10000 C
1'
#110126000
0'
#110167000
b10100110111 2
b10100110111 >
b1111 C
b1111 7
1'
#110208000
0'
#110249000
b10100111000 >
b10100111000 2
b1110 7
b1110 C
1'
#110290000
0'
#110331000
b10100111001 2
b10100111001 >
b1101 C
b1101 7
1'
#110372000
0'
#110413000
b10100111010 >
b10100111010 2
b1100 7
b1100 C
1'
#110454000
0'
#110495000
b10100111011 2
b10100111011 >
b1011 C
b1011 7
1'
#110536000
0'
#110577000
b10100111100 >
b10100111100 2
b1010 7
b1010 C
1'
#110618000
0'
#110659000
b10100111101 2
b10100111101 >
b1001 C
b1001 7
1'
#110700000
0'
#110741000
b10100111110 >
b10100111110 2
b1000 7
b1000 C
1'
#110782000
0'
#110823000
b10100111111 2
b10100111111 >
b111 C
b111 7
1'
#110864000
0'
#110905000
b10101000000 >
b10101000000 2
b110 7
b110 C
1'
#110946000
0'
#110987000
b10101000001 2
b10101000001 >
b101 C
b101 7
1'
#111028000
0'
#111069000
b10101000010 >
b10101000010 2
b100 7
b100 C
1'
#111110000
0'
#111151000
b10101000011 2
b10101000011 >
b11 C
b11 7
1'
#111192000
0'
#111233000
b10101000100 >
b10101000100 2
b10 7
b10 C
1'
#111274000
0'
#111315000
b10101000101 2
b10101000101 >
b1 C
b1 7
1'
#111356000
0'
#111397000
b10101000110 >
b10101000110 2
b0 7
b0 C
1'
#111438000
0'
#111479000
b10101000111 2
b10101000111 >
0;
b101010111 C
0%
0/
b101010111 7
1'
#111520000
0'
#111561000
b10101001000 >
b10101001000 2
b101010110 7
b101010110 C
1'
#111602000
0'
#111643000
b10101001001 2
b10101001001 >
b101010101 C
b101010101 7
1'
#111684000
0'
#111725000
b10101001010 >
b10101001010 2
b101010100 7
b101010100 C
1'
#111766000
0'
#111807000
b10101001011 2
b10101001011 >
b101010011 C
b101010011 7
1'
#111848000
0'
#111889000
b10101001100 >
b10101001100 2
b101010010 7
b101010010 C
1'
#111930000
0'
#111971000
b10101001101 2
b10101001101 >
b101010001 C
b101010001 7
1'
#112012000
0'
#112053000
b10101001110 >
b10101001110 2
b101010000 7
b101010000 C
1'
#112094000
0'
#112135000
b10101001111 2
b10101001111 >
b101001111 C
b101001111 7
1'
#112176000
0'
#112217000
b10101010000 >
b10101010000 2
b101001110 7
b101001110 C
1'
#112258000
0'
#112299000
b10101010001 2
b10101010001 >
b101001101 C
b101001101 7
1'
#112340000
0'
#112381000
b10101010010 >
b10101010010 2
b101001100 7
b101001100 C
1'
#112422000
0'
#112463000
b10101010011 2
b10101010011 >
b101001011 C
b101001011 7
1'
#112504000
0'
#112545000
b10101010100 >
b10101010100 2
b101001010 7
b101001010 C
1'
#112586000
0'
#112627000
b10101010101 2
b10101010101 >
b101001001 C
b101001001 7
1'
#112668000
0'
#112709000
b10101010110 >
b10101010110 2
b101001000 7
b101001000 C
1'
#112750000
0'
#112791000
b10101010111 2
b10101010111 >
b101000111 C
b101000111 7
1'
#112832000
0'
#112873000
b10101011000 >
b10101011000 2
b101000110 7
b101000110 C
1'
#112914000
0'
#112955000
b10101011001 2
b10101011001 >
b101000101 C
b101000101 7
1'
#112996000
0'
#113037000
b10101011010 >
b10101011010 2
b101000100 7
b101000100 C
1'
#113078000
0'
#113119000
b10101011011 2
b10101011011 >
b101000011 C
b101000011 7
1'
#113160000
0'
#113201000
b10101011100 >
b10101011100 2
b101000010 7
b101000010 C
1'
#113242000
0'
#113283000
b10101011101 2
b10101011101 >
b101000001 C
b101000001 7
1'
#113324000
0'
#113365000
b10101011110 >
b10101011110 2
b101000000 7
b101000000 C
1'
#113406000
0'
#113447000
b10101011111 2
b10101011111 >
b100111111 C
b100111111 7
1'
#113488000
0'
#113529000
b10101100000 >
b10101100000 2
b100111110 7
b100111110 C
1'
#113570000
0'
#113611000
b10101100001 2
b10101100001 >
b100111101 C
b100111101 7
1'
#113652000
0'
#113693000
b10101100010 >
b10101100010 2
b100111100 7
b100111100 C
1'
#113734000
0'
#113775000
b10101100011 2
b10101100011 >
b100111011 C
b100111011 7
1'
#113816000
0'
#113857000
b10101100100 >
b10101100100 2
b100111010 7
b100111010 C
1'
#113898000
0'
#113939000
b10101100101 2
b10101100101 >
b100111001 C
b100111001 7
1'
#113980000
0'
#114021000
b10101100110 >
b10101100110 2
b100111000 7
b100111000 C
1'
#114062000
0'
#114103000
b10101100111 2
b10101100111 >
b100110111 C
b100110111 7
1'
#114144000
0'
#114185000
b10101101000 >
b10101101000 2
b100110110 7
b100110110 C
1'
#114226000
0'
#114267000
b10101101001 2
b10101101001 >
b100110101 C
b100110101 7
1'
#114308000
0'
#114349000
b10101101010 >
b10101101010 2
b100110100 7
b100110100 C
1'
#114390000
0'
#114431000
b10101101011 2
b10101101011 >
b100110011 C
b100110011 7
1'
#114472000
0'
#114513000
b10101101100 >
b10101101100 2
b100110010 7
b100110010 C
1'
#114554000
0'
#114595000
b10101101101 2
b10101101101 >
b100110001 C
b100110001 7
1'
#114636000
0'
#114677000
b10101101110 >
b10101101110 2
b100110000 7
b100110000 C
1'
#114718000
0'
#114759000
b10101101111 2
b10101101111 >
b100101111 C
b100101111 7
1'
#114800000
0'
#114841000
b10101110000 >
b10101110000 2
b100101110 7
b100101110 C
1'
#114882000
0'
#114923000
b10101110001 2
b10101110001 >
b100101101 C
b100101101 7
1'
#114964000
0'
#115005000
b10101110010 >
b10101110010 2
b100101100 7
b100101100 C
1'
#115046000
0'
#115087000
b10101110011 2
b10101110011 >
b100101011 C
b100101011 7
1'
#115128000
0'
#115169000
b10101110100 >
b10101110100 2
b100101010 7
b100101010 C
1'
#115210000
0'
#115251000
b10101110101 2
b10101110101 >
b100101001 C
b100101001 7
1'
#115292000
0'
#115333000
b10101110110 >
b10101110110 2
b100101000 7
b100101000 C
1'
#115374000
0'
#115415000
b10101110111 2
b10101110111 >
b100100111 C
b100100111 7
1'
#115456000
0'
#115497000
b10101111000 >
b10101111000 2
b100100110 7
b100100110 C
1'
#115538000
0'
#115579000
b10101111001 2
b10101111001 >
b100100101 C
b100100101 7
1'
#115620000
0'
#115661000
b10101111010 >
b10101111010 2
b100100100 7
b100100100 C
1'
#115702000
0'
#115743000
b10101111011 2
b10101111011 >
b100100011 C
b100100011 7
1'
#115784000
0'
#115825000
b10101111100 >
b10101111100 2
b100100010 7
b100100010 C
1'
#115866000
0'
#115907000
b10101111101 2
b10101111101 >
b100100001 C
b100100001 7
1'
#115948000
0'
#115989000
b10101111110 >
b10101111110 2
b100100000 7
b100100000 C
1'
#116030000
0'
#116071000
b10101111111 2
b10101111111 >
b100011111 C
b100011111 7
1'
#116112000
0'
#116153000
b10110000000 >
b10110000000 2
b100011110 7
b100011110 C
1'
#116194000
0'
#116235000
b10110000001 2
b10110000001 >
b100011101 C
b100011101 7
1'
#116276000
0'
#116317000
b10110000010 >
b10110000010 2
b100011100 7
b100011100 C
1'
#116358000
0'
#116399000
b10110000011 2
b10110000011 >
b100011011 C
b100011011 7
1'
#116440000
0'
#116481000
b10110000100 >
b10110000100 2
b100011010 7
b100011010 C
1'
#116522000
0'
#116563000
b10110000101 2
b10110000101 >
b100011001 C
b100011001 7
1'
#116604000
0'
#116645000
b10110000110 >
b10110000110 2
b100011000 7
b100011000 C
1'
#116686000
0'
#116727000
b10110000111 2
b10110000111 >
b100010111 C
b100010111 7
1'
#116768000
0'
#116809000
b10110001000 >
b10110001000 2
b100010110 7
b100010110 C
1'
#116850000
0'
#116891000
b10110001001 2
b10110001001 >
b100010101 C
b100010101 7
1'
#116932000
0'
#116973000
b10110001010 >
b10110001010 2
b100010100 7
b100010100 C
1'
#117014000
0'
#117055000
b10110001011 2
b10110001011 >
b100010011 C
b100010011 7
1'
#117096000
0'
#117137000
b10110001100 >
b10110001100 2
b100010010 7
b100010010 C
1'
#117178000
0'
#117219000
b10110001101 2
b10110001101 >
b100010001 C
b100010001 7
1'
#117260000
0'
#117301000
b10110001110 >
b10110001110 2
b100010000 7
b100010000 C
1'
#117342000
0'
#117383000
b10110001111 2
b10110001111 >
b100001111 C
b100001111 7
1'
#117424000
0'
#117465000
b10110010000 >
b10110010000 2
b100001110 7
b100001110 C
1'
#117506000
0'
#117547000
b10110010001 2
b10110010001 >
b100001101 C
b100001101 7
1'
#117588000
0'
#117629000
b10110010010 >
b10110010010 2
b100001100 7
b100001100 C
1'
#117670000
0'
#117711000
b10110010011 2
b10110010011 >
b100001011 C
b100001011 7
1'
#117752000
0'
#117793000
b10110010100 >
b10110010100 2
b100001010 7
b100001010 C
1'
#117834000
0'
#117875000
b10110010101 2
b10110010101 >
b100001001 C
b100001001 7
1'
#117916000
0'
#117957000
b10110010110 >
b10110010110 2
b100001000 7
b100001000 C
1'
#117998000
0'
#118039000
b10110010111 2
b10110010111 >
b100000111 C
b100000111 7
1'
#118080000
0'
#118121000
b10110011000 >
b10110011000 2
b100000110 7
b100000110 C
1'
#118162000
0'
#118203000
b10110011001 2
b10110011001 >
b100000101 C
b100000101 7
1'
#118244000
0'
#118285000
b10110011010 >
b10110011010 2
b100000100 7
b100000100 C
1'
#118326000
0'
#118367000
b10110011011 2
b10110011011 >
b100000011 C
b100000011 7
1'
#118408000
0'
#118449000
b10110011100 >
b10110011100 2
b100000010 7
b100000010 C
1'
#118490000
0'
#118531000
b10110011101 2
b10110011101 >
b100000001 C
b100000001 7
1'
#118572000
0'
#118613000
b10110011110 >
b10110011110 2
b100000000 7
b100000000 C
1'
#118654000
0'
#118695000
b10110011111 2
b10110011111 >
b11111111 C
b11111111 7
1'
#118736000
0'
#118777000
b10110100000 >
b10110100000 2
b11111110 7
b11111110 C
1'
#118818000
0'
#118859000
b10110100001 2
b10110100001 >
b11111101 C
b11111101 7
1'
#118900000
0'
#118941000
b10110100010 >
b10110100010 2
b11111100 7
b11111100 C
1'
#118982000
0'
#119023000
b10110100011 2
b10110100011 >
b11111011 C
b11111011 7
1'
#119064000
0'
#119105000
b10110100100 >
b10110100100 2
b11111010 7
b11111010 C
1'
#119146000
0'
#119187000
b10110100101 2
b10110100101 >
b11111001 C
b11111001 7
1'
#119228000
0'
#119269000
b10110100110 >
b10110100110 2
b11111000 7
b11111000 C
1'
#119310000
0'
#119351000
b10110100111 2
b10110100111 >
b11110111 C
b11110111 7
1'
#119392000
0'
#119433000
b10110101000 >
b10110101000 2
b11110110 7
b11110110 C
1'
#119474000
0'
#119515000
b10110101001 2
b10110101001 >
b11110101 C
b11110101 7
1'
#119556000
0'
#119597000
b10110101010 >
b10110101010 2
b11110100 7
b11110100 C
1'
#119638000
0'
#119679000
b10110101011 2
b10110101011 >
b11110011 C
b11110011 7
1'
#119720000
0'
#119761000
b10110101100 >
b10110101100 2
b11110010 7
b11110010 C
1'
#119802000
0'
#119843000
b10110101101 2
b10110101101 >
b11110001 C
b11110001 7
1'
#119884000
0'
#119925000
b10110101110 >
b10110101110 2
b11110000 7
b11110000 C
1'
#119966000
0'
#120007000
b10110101111 2
b10110101111 >
b11101111 C
b11101111 7
1'
#120048000
0'
#120089000
b10110110000 >
b10110110000 2
b11101110 7
b11101110 C
1'
#120130000
0'
#120171000
b10110110001 2
b10110110001 >
b11101101 C
b11101101 7
1'
#120212000
0'
#120253000
b10110110010 >
b10110110010 2
b11101100 7
b11101100 C
1'
#120294000
0'
#120335000
b10110110011 2
b10110110011 >
b11101011 C
b11101011 7
1'
#120376000
0'
#120417000
b10110110100 >
b10110110100 2
b11101010 7
b11101010 C
1'
#120458000
0'
#120499000
b10110110101 2
b10110110101 >
b11101001 C
b11101001 7
1'
#120540000
0'
#120581000
b10110110110 >
b10110110110 2
b11101000 7
b11101000 C
1'
#120622000
0'
#120663000
b10110110111 2
b10110110111 >
b11100111 C
b11100111 7
1'
#120704000
0'
#120745000
b10110111000 >
b10110111000 2
b11100110 7
b11100110 C
1'
#120786000
0'
#120827000
b10110111001 2
b10110111001 >
b11100101 C
b11100101 7
1'
#120868000
0'
#120909000
b10110111010 >
b10110111010 2
b11100100 7
b11100100 C
1'
#120950000
0'
#120991000
b10110111011 2
b10110111011 >
b11100011 C
b11100011 7
1'
#121032000
0'
#121073000
b10110111100 >
b10110111100 2
b11100010 7
b11100010 C
1'
#121114000
0'
#121155000
b10110111101 2
b10110111101 >
b11100001 C
b11100001 7
1'
#121196000
0'
#121237000
b10110111110 >
b10110111110 2
b11100000 7
b11100000 C
1'
#121278000
0'
#121319000
b10110111111 2
b10110111111 >
b11011111 C
b11011111 7
1'
#121360000
0'
#121401000
b10111000000 >
b10111000000 2
b11011110 7
b11011110 C
1'
#121442000
0'
#121483000
b10111000001 2
b10111000001 >
b11011101 C
b11011101 7
1'
#121524000
0'
#121565000
b10111000010 >
b10111000010 2
b11011100 7
b11011100 C
1'
#121606000
0'
#121647000
b10111000011 2
b10111000011 >
b11011011 C
b11011011 7
1'
#121688000
0'
#121729000
b10111000100 >
b10111000100 2
b11011010 7
b11011010 C
1'
#121770000
0'
#121811000
b10111000101 2
b10111000101 >
b11011001 C
b11011001 7
1'
#121852000
0'
#121893000
b10111000110 >
b10111000110 2
b11011000 7
b11011000 C
1'
#121934000
0'
#121975000
b10111000111 2
b10111000111 >
b11010111 C
b11010111 7
1'
#122016000
0'
#122057000
b10111001000 >
b10111001000 2
b11010110 7
b11010110 C
1'
#122098000
0'
#122139000
b10111001001 2
b10111001001 >
b11010101 C
b11010101 7
1'
#122180000
0'
#122221000
b10111001010 >
b10111001010 2
b11010100 7
b11010100 C
1'
#122262000
0'
#122303000
b10111001011 2
b10111001011 >
b11010011 C
b11010011 7
1'
#122344000
0'
#122385000
b10111001100 >
b10111001100 2
b11010010 7
b11010010 C
1'
#122426000
0'
#122467000
b10111001101 2
b10111001101 >
b11010001 C
b11010001 7
1'
#122508000
0'
#122549000
b10111001110 >
b10111001110 2
b11010000 7
b11010000 C
1'
#122590000
0'
#122631000
b10111001111 2
b10111001111 >
b11001111 C
b11001111 7
1'
#122672000
0'
#122713000
b10111010000 >
b10111010000 2
b11001110 7
b11001110 C
1'
#122754000
0'
#122795000
b10111010001 2
b10111010001 >
b11001101 C
b11001101 7
1'
#122836000
0'
#122877000
b10111010010 >
b10111010010 2
b11001100 7
b11001100 C
1'
#122918000
0'
#122959000
b10111010011 2
b10111010011 >
b11001011 C
b11001011 7
1'
#123000000
0'
#123041000
b10111010100 >
b10111010100 2
b11001010 7
b11001010 C
1'
#123082000
0'
#123123000
b10111010101 2
b10111010101 >
b11001001 C
b11001001 7
1'
#123164000
0'
#123205000
b10111010110 >
b10111010110 2
b11001000 7
b11001000 C
1'
#123246000
0'
#123287000
b10111010111 2
b10111010111 >
b11000111 C
b11000111 7
1'
#123328000
0'
#123369000
b10111011000 >
b10111011000 2
b11000110 7
b11000110 C
1'
#123410000
0'
#123451000
b10111011001 2
b10111011001 >
b11000101 C
b11000101 7
1'
#123492000
0'
#123533000
b10111011010 >
b10111011010 2
b11000100 7
b11000100 C
1'
#123574000
0'
#123615000
b10111011011 2
b10111011011 >
b11000011 C
b11000011 7
1'
#123656000
0'
#123697000
b10111011100 >
b10111011100 2
b11000010 7
b11000010 C
1'
#123738000
0'
#123779000
b10111011101 2
b10111011101 >
b11000001 C
b11000001 7
1'
#123820000
0'
#123861000
b10111011110 >
b10111011110 2
b11000000 7
b11000000 C
1'
#123902000
0'
#123943000
b10111011111 2
b10111011111 >
b10111111 C
b10111111 7
1'
#123984000
0'
#124025000
b10111100000 >
b10111100000 2
b10111110 7
b10111110 C
1'
#124066000
0'
#124107000
b10111100001 2
b10111100001 >
b10111101 C
b10111101 7
1'
#124148000
0'
#124189000
b10111100010 >
b10111100010 2
b10111100 7
b10111100 C
1'
#124230000
0'
#124271000
b10111100011 2
b10111100011 >
b10111011 C
b10111011 7
1'
#124312000
0'
#124353000
b10111100100 >
b10111100100 2
b10111010 7
b10111010 C
1'
#124394000
0'
#124435000
b10111100101 2
b10111100101 >
b10111001 C
b10111001 7
1'
#124476000
0'
#124517000
b10111100110 >
b10111100110 2
b10111000 7
b10111000 C
1'
#124558000
0'
#124599000
b10111100111 2
b10111100111 >
b10110111 C
b10110111 7
1'
#124640000
0'
#124681000
b10111101000 >
b10111101000 2
b10110110 7
b10110110 C
1'
#124722000
0'
#124763000
b10111101001 2
b10111101001 >
b10110101 C
b10110101 7
1'
#124804000
0'
#124845000
b10111101010 >
b10111101010 2
b10110100 7
b10110100 C
1'
#124886000
0'
#124927000
b10111101011 2
b10111101011 >
b10110011 C
b10110011 7
1'
#124968000
0'
#125009000
b10111101100 >
b10111101100 2
b10110010 7
b10110010 C
1'
#125050000
0'
#125091000
b10111101101 2
b10111101101 >
b10110001 C
b10110001 7
1'
#125132000
0'
#125173000
b10111101110 >
b10111101110 2
b10110000 7
b10110000 C
1'
#125214000
0'
#125255000
b10111101111 2
b10111101111 >
b10101111 C
b10101111 7
1'
#125296000
0'
#125337000
b10111110000 >
b10111110000 2
b10101110 7
b10101110 C
1'
#125378000
0'
#125419000
b10111110001 2
b10111110001 >
b10101101 C
b10101101 7
1'
#125460000
0'
#125501000
b10111110010 >
b10111110010 2
b10101100 7
b10101100 C
1'
#125542000
0'
#125583000
b10111110011 2
b10111110011 >
b10101011 C
b10101011 7
1'
#125624000
0'
#125665000
b10111110100 >
b10111110100 2
b10101010 7
b10101010 C
1'
#125706000
0'
#125747000
b10111110101 2
b10111110101 >
b10101001 C
b10101001 7
1'
#125788000
0'
#125829000
b10111110110 >
b10111110110 2
b10101000 7
b10101000 C
1'
#125870000
0'
#125911000
b10111110111 2
b10111110111 >
b10100111 C
b10100111 7
1'
#125952000
0'
#125993000
b10111111000 >
b10111111000 2
b10100110 7
b10100110 C
1'
#126034000
0'
#126075000
b10111111001 2
b10111111001 >
b10100101 C
b10100101 7
1'
#126116000
0'
#126157000
b10111111010 >
b10111111010 2
b10100100 7
b10100100 C
1'
#126198000
0'
#126239000
b10111111011 2
b10111111011 >
b10100011 C
b10100011 7
1'
#126280000
0'
#126321000
b10111111100 >
b10111111100 2
b10100010 7
b10100010 C
1'
#126362000
0'
#126403000
b10111111101 2
b10111111101 >
b10100001 C
b10100001 7
1'
#126444000
0'
#126485000
b10111111110 >
b10111111110 2
b10100000 7
b10100000 C
1'
#126526000
0'
#126567000
b10111111111 2
b10111111111 >
b10011111 C
b10011111 7
1'
#126608000
0'
#126649000
b11000000000 >
b11000000000 2
b10011110 7
b10011110 C
1'
#126690000
0'
#126731000
b11000000001 2
b11000000001 >
b10011101 C
b10011101 7
1'
#126772000
0'
#126813000
b11000000010 >
b11000000010 2
b10011100 7
b10011100 C
1'
#126854000
0'
#126895000
b11000000011 2
b11000000011 >
b10011011 C
b10011011 7
1'
#126936000
0'
#126977000
b11000000100 >
b11000000100 2
b10011010 7
b10011010 C
1'
#127018000
0'
#127059000
b11000000101 2
b11000000101 >
b10011001 C
b10011001 7
1'
#127100000
0'
#127141000
b11000000110 >
b11000000110 2
b10011000 7
b10011000 C
1'
#127182000
0'
#127223000
b11000000111 2
b11000000111 >
b10010111 C
b10010111 7
1'
#127264000
0'
#127305000
b11000001000 >
b11000001000 2
b10010110 7
b10010110 C
1'
#127346000
0'
#127387000
b11000001001 2
b11000001001 >
b10010101 C
b10010101 7
1'
#127428000
0'
#127469000
b11000001010 >
b11000001010 2
b10010100 7
b10010100 C
1'
#127510000
0'
#127551000
b11000001011 2
b11000001011 >
b10010011 C
b10010011 7
1'
#127592000
0'
#127633000
b11000001100 >
b11000001100 2
b10010010 7
b10010010 C
1'
#127674000
0'
#127715000
b11000001101 2
b11000001101 >
b10010001 C
b10010001 7
1'
#127756000
0'
#127797000
b11000001110 >
b11000001110 2
b10010000 7
b10010000 C
1'
#127838000
0'
#127879000
b11000001111 2
b11000001111 >
b10001111 C
b10001111 7
1'
#127920000
0'
#127961000
b11000010000 >
b11000010000 2
b10001110 7
b10001110 C
1'
#128002000
0'
#128043000
b11000010001 2
b11000010001 >
b10001101 C
b10001101 7
1'
#128084000
0'
#128125000
b11000010010 >
b11000010010 2
b10001100 7
b10001100 C
1'
#128166000
0'
#128207000
b11000010011 2
b11000010011 >
b10001011 C
b10001011 7
1'
#128248000
0'
#128289000
b11000010100 >
b11000010100 2
b10001010 7
b10001010 C
1'
#128330000
0'
#128371000
b11000010101 2
b11000010101 >
b10001001 C
b10001001 7
1'
#128412000
0'
#128453000
b11000010110 >
b11000010110 2
b10001000 7
b10001000 C
1'
#128494000
0'
#128535000
b11000010111 2
b11000010111 >
b10000111 C
b10000111 7
1'
#128576000
0'
#128617000
b11000011000 >
b11000011000 2
b10000110 7
b10000110 C
1'
#128658000
0'
#128699000
b11000011001 2
b11000011001 >
b10000101 C
b10000101 7
1'
#128740000
0'
#128781000
b11000011010 >
b11000011010 2
b10000100 7
b10000100 C
1'
#128822000
0'
#128863000
b11000011011 2
b11000011011 >
b10000011 C
b10000011 7
1'
#128904000
0'
#128945000
b11000011100 >
b11000011100 2
b10000010 7
b10000010 C
1'
#128986000
0'
#129027000
b11000011101 2
b11000011101 >
b10000001 C
b10000001 7
1'
#129068000
0'
#129109000
b11000011110 >
b11000011110 2
b10000000 7
b10000000 C
1'
#129150000
0'
#129191000
b11000011111 2
b11000011111 >
b1111111 C
b1111111 7
1'
#129232000
0'
#129273000
b11000100000 >
b11000100000 2
b1111110 7
b1111110 C
1'
#129314000
0'
#129355000
b11000100001 2
b11000100001 >
b1111101 C
b1111101 7
1'
#129396000
0'
#129437000
b11000100010 >
b11000100010 2
b1111100 7
b1111100 C
1'
#129478000
0'
#129519000
b11000100011 2
b11000100011 >
b1111011 C
b1111011 7
1'
#129560000
0'
#129601000
b11000100100 >
b11000100100 2
b1111010 7
b1111010 C
1'
#129642000
0'
#129683000
b11000100101 2
b11000100101 >
b1111001 C
b1111001 7
1'
#129724000
0'
#129765000
b11000100110 >
b11000100110 2
b1111000 7
b1111000 C
1'
#129806000
0'
#129847000
b11000100111 2
b11000100111 >
b1110111 C
b1110111 7
1'
#129888000
0'
#129929000
b11000101000 >
b11000101000 2
b1110110 7
b1110110 C
1'
#129970000
0'
#130011000
b11000101001 2
b11000101001 >
b1110101 C
b1110101 7
1'
#130052000
0'
#130093000
b11000101010 >
b11000101010 2
b1110100 7
b1110100 C
1'
#130134000
0'
#130175000
b11000101011 2
b11000101011 >
b1110011 C
b1110011 7
1'
#130216000
0'
#130257000
b11000101100 >
b11000101100 2
b1110010 7
b1110010 C
1'
#130298000
0'
#130339000
b11000101101 2
b11000101101 >
b1110001 C
b1110001 7
1'
#130380000
0'
#130421000
b11000101110 >
b11000101110 2
b1110000 7
b1110000 C
1'
#130462000
0'
#130503000
b11000101111 2
b11000101111 >
b1101111 C
b1101111 7
1'
#130544000
0'
#130585000
b11000110000 >
b11000110000 2
b1101110 7
b1101110 C
1'
#130626000
0'
#130667000
b11000110001 2
b11000110001 >
b1101101 C
b1101101 7
1'
#130708000
0'
#130749000
b11000110010 >
b11000110010 2
b1101100 7
b1101100 C
1'
#130790000
0'
#130831000
b11000110011 2
b11000110011 >
b1101011 C
b1101011 7
1'
#130872000
0'
#130913000
b11000110100 >
b11000110100 2
b1101010 7
b1101010 C
1'
#130954000
0'
#130995000
b11000110101 2
b11000110101 >
b1101001 C
b1101001 7
1'
#131036000
0'
#131077000
b11000110110 >
b11000110110 2
b1101000 7
b1101000 C
1'
#131118000
0'
#131159000
b11000110111 2
b11000110111 >
b1100111 C
b1100111 7
1'
#131200000
0'
#131241000
b11000111000 >
b11000111000 2
b1100110 7
b1100110 C
1'
#131282000
0'
#131323000
b11000111001 2
b11000111001 >
b1100101 C
b1100101 7
1'
#131364000
0'
#131405000
b11000111010 >
b11000111010 2
b1100100 7
b1100100 C
1'
#131446000
0'
#131487000
b11000111011 2
b11000111011 >
b1100011 C
b1100011 7
1'
#131528000
0'
#131569000
b11000111100 >
b11000111100 2
b1100010 7
b1100010 C
1'
#131610000
0'
#131651000
b11000111101 2
b11000111101 >
b1100001 C
b1100001 7
1'
#131692000
0'
#131733000
b11000111110 >
b11000111110 2
b1100000 7
b1100000 C
1'
#131774000
0'
#131815000
b11000111111 2
b11000111111 >
b1011111 C
b1011111 7
1'
#131856000
0'
#131897000
b11001000000 >
b11001000000 2
b1011110 7
b1011110 C
1'
#131938000
0'
#131979000
b11001000001 2
b11001000001 >
b1011101 C
b1011101 7
1'
#132020000
0'
#132061000
b11001000010 >
b11001000010 2
b1011100 7
b1011100 C
1'
#132102000
0'
#132143000
b11001000011 2
b11001000011 >
b1011011 C
b1011011 7
1'
#132184000
0'
#132225000
b11001000100 >
b11001000100 2
b1011010 7
b1011010 C
1'
#132266000
0'
#132307000
b11001000101 2
b11001000101 >
b1011001 C
b1011001 7
1'
#132348000
0'
#132389000
b11001000110 >
b11001000110 2
b1011000 7
b1011000 C
1'
#132430000
0'
#132471000
b11001000111 2
b11001000111 >
b1010111 C
b1010111 7
1'
#132512000
0'
#132553000
b11001001000 >
b11001001000 2
b1010110 7
b1010110 C
1'
#132594000
0'
#132635000
b11001001001 2
b11001001001 >
b1010101 C
b1010101 7
1'
#132676000
0'
#132717000
b11001001010 >
b11001001010 2
b1010100 7
b1010100 C
1'
#132758000
0'
#132799000
b11001001011 2
b11001001011 >
b1010011 C
b1010011 7
1'
#132840000
0'
#132881000
b11001001100 >
b11001001100 2
b1010010 7
b1010010 C
1'
#132922000
0'
#132963000
b11001001101 2
b11001001101 >
b1010001 C
b1010001 7
1'
#133004000
0'
#133045000
b11001001110 >
b11001001110 2
b1010000 7
b1010000 C
1'
#133086000
0'
#133127000
b11001001111 2
b11001001111 >
b1001111 C
b1001111 7
1'
#133168000
0'
#133209000
b11001010000 >
b11001010000 2
b1001110 7
b1001110 C
1'
#133250000
0'
#133291000
b11001010001 2
b11001010001 >
b1001101 C
b1001101 7
1'
#133332000
0'
#133373000
b11001010010 >
b11001010010 2
b1001100 7
b1001100 C
1'
#133414000
0'
#133455000
b11001010011 2
b11001010011 >
b1001011 C
b1001011 7
1'
#133496000
0'
#133537000
b11001010100 >
b11001010100 2
b1001010 7
b1001010 C
1'
#133578000
0'
#133619000
b11001010101 2
b11001010101 >
b1001001 C
b1001001 7
1'
#133660000
0'
#133701000
b11001010110 >
b11001010110 2
b1001000 7
b1001000 C
1'
#133742000
0'
#133783000
b11001010111 2
b11001010111 >
b1000111 C
b1000111 7
1'
#133824000
0'
#133865000
b11001011000 >
b11001011000 2
b1000110 7
b1000110 C
1'
#133906000
0'
#133947000
b11001011001 2
b11001011001 >
b1000101 C
b1000101 7
1'
#133988000
0'
#134029000
b11001011010 >
b11001011010 2
b1000100 7
b1000100 C
1'
#134070000
0'
#134111000
b11001011011 2
b11001011011 >
b1000011 C
b1000011 7
1'
#134152000
0'
#134193000
b11001011100 >
b11001011100 2
b1000010 7
b1000010 C
1'
#134234000
0'
#134275000
b11001011101 2
b11001011101 >
b1000001 C
b1000001 7
1'
#134316000
0'
#134357000
b11001011110 >
b11001011110 2
b1000000 7
b1000000 C
1'
#134398000
0'
#134439000
b11001011111 2
b11001011111 >
b111111 C
b111111 7
1'
#134480000
0'
#134521000
b11001100000 >
b11001100000 2
b111110 7
b111110 C
1'
#134562000
0'
#134603000
b11001100001 2
b11001100001 >
b111101 C
b111101 7
1'
#134644000
0'
#134685000
b11001100010 >
b11001100010 2
b111100 7
b111100 C
1'
#134726000
0'
#134767000
b11001100011 2
b11001100011 >
b111011 C
b111011 7
1'
#134808000
0'
#134849000
b11001100100 >
b11001100100 2
b111010 7
b111010 C
1'
#134890000
0'
#134931000
b11001100101 2
b11001100101 >
b111001 C
b111001 7
1'
#134972000
0'
#135013000
b11001100110 >
b11001100110 2
b111000 7
b111000 C
1'
#135054000
0'
#135095000
b11001100111 2
b11001100111 >
b110111 C
b110111 7
1'
#135136000
0'
#135177000
b11001101000 >
b11001101000 2
b110110 7
b110110 C
1'
#135218000
0'
#135259000
b11001101001 2
b11001101001 >
b110101 C
b110101 7
1'
#135300000
0'
#135341000
b11001101010 >
b11001101010 2
b110100 7
b110100 C
1'
#135382000
0'
#135423000
b11001101011 2
b11001101011 >
b110011 C
b110011 7
1'
#135464000
0'
#135505000
b11001101100 >
b11001101100 2
b110010 7
b110010 C
1'
#135546000
0'
#135587000
b11001101101 2
b11001101101 >
b110001 C
b110001 7
1'
#135628000
0'
#135669000
b11001101110 >
b11001101110 2
b110000 7
b110000 C
1'
#135710000
0'
#135751000
b11001101111 2
b11001101111 >
b101111 C
b101111 7
1'
#135792000
0'
#135833000
b11001110000 >
b11001110000 2
b101110 7
b101110 C
1'
#135874000
0'
#135915000
b11001110001 2
b11001110001 >
b101101 C
b101101 7
1'
#135956000
0'
#135997000
b11001110010 >
b11001110010 2
b101100 7
b101100 C
1'
#136038000
0'
#136079000
b11001110011 2
b11001110011 >
b101011 C
b101011 7
1'
#136120000
0'
#136161000
b11001110100 >
b11001110100 2
b101010 7
b101010 C
1'
#136202000
0'
#136243000
b11001110101 2
b11001110101 >
b101001 C
b101001 7
1'
#136284000
0'
#136325000
b11001110110 >
b11001110110 2
b101000 7
b101000 C
1'
#136366000
0'
#136407000
b11001110111 2
b11001110111 >
b100111 C
b100111 7
1'
#136448000
0'
#136489000
b11001111000 >
b11001111000 2
b100110 7
b100110 C
1'
#136530000
0'
#136571000
b11001111001 2
b11001111001 >
b100101 C
b100101 7
1'
#136612000
0'
#136653000
b11001111010 >
b11001111010 2
b100100 7
b100100 C
1'
#136694000
0'
#136735000
b11001111011 2
b11001111011 >
b100011 C
b100011 7
1'
#136776000
0'
#136817000
b11001111100 >
b11001111100 2
b100010 7
b100010 C
1'
#136858000
0'
#136899000
b11001111101 2
b11001111101 >
b100001 C
b100001 7
1'
#136940000
0'
#136981000
b11001111110 >
b11001111110 2
b100000 7
b100000 C
1'
#137022000
0'
#137063000
b11001111111 2
b11001111111 >
b11111 C
b11111 7
1'
#137104000
0'
#137145000
b11010000000 >
b11010000000 2
b11110 7
b11110 C
1'
#137186000
0'
#137227000
b11010000001 2
b11010000001 >
b11101 C
b11101 7
1'
#137268000
0'
#137309000
b11010000010 >
b11010000010 2
b11100 7
b11100 C
1'
#137350000
0'
#137391000
b11010000011 2
b11010000011 >
b11011 C
b11011 7
1'
#137432000
0'
#137473000
b11010000100 >
b11010000100 2
b11010 7
b11010 C
1'
#137514000
0'
#137555000
b11010000101 2
b11010000101 >
b11001 C
b11001 7
1'
#137596000
0'
#137637000
b11010000110 >
b11010000110 2
b11000 7
b11000 C
1'
#137678000
0'
#137719000
b11010000111 2
b11010000111 >
b10111 C
b10111 7
1'
#137760000
0'
#137801000
b11010001000 >
b11010001000 2
b10110 7
b10110 C
1'
#137842000
0'
#137883000
b11010001001 2
b11010001001 >
b10101 C
b10101 7
1'
#137924000
0'
#137965000
b11010001010 >
b11010001010 2
b10100 7
b10100 C
1'
#138006000
0'
#138047000
b11010001011 2
b11010001011 >
b10011 C
b10011 7
1'
#138088000
0'
#138129000
b11010001100 >
b11010001100 2
b10010 7
b10010 C
1'
#138170000
0'
#138211000
b11010001101 2
b11010001101 >
b10001 C
b10001 7
1'
#138252000
0'
#138293000
b11010001110 >
b11010001110 2
b10000 7
b10000 C
1'
#138334000
0'
#138375000
b11010001111 2
b11010001111 >
b1111 C
b1111 7
1'
#138416000
0'
#138457000
b11010010000 >
b11010010000 2
b1110 7
b1110 C
1'
#138498000
0'
#138539000
b11010010001 2
b11010010001 >
b1101 C
b1101 7
1'
#138580000
0'
#138621000
b11010010010 >
b11010010010 2
b1100 7
b1100 C
1'
#138662000
0'
#138703000
b11010010011 2
b11010010011 >
b1011 C
b1011 7
1'
#138744000
0'
#138785000
b11010010100 >
b11010010100 2
b1010 7
b1010 C
1'
#138826000
0'
#138867000
b11010010101 2
b11010010101 >
b1001 C
b1001 7
1'
#138908000
0'
#138949000
b11010010110 >
b11010010110 2
b1000 7
b1000 C
1'
#138990000
0'
#139031000
b11010010111 2
b11010010111 >
b111 C
b111 7
1'
#139072000
0'
#139113000
b11010011000 >
b11010011000 2
b110 7
b110 C
1'
#139154000
0'
#139195000
b11010011001 2
b11010011001 >
b101 C
b101 7
1'
#139236000
0'
#139277000
b11010011010 >
b11010011010 2
b100 7
b100 C
1'
#139318000
0'
#139359000
b11010011011 2
b11010011011 >
b11 C
b11 7
1'
#139400000
0'
#139441000
b11010011100 >
b11010011100 2
b10 7
b10 C
1'
#139482000
0'
#139523000
b11010011101 2
b11010011101 >
b1 C
b1 7
1'
#139564000
0'
#139605000
b11010011110 >
b11010011110 2
b0 7
b0 C
1'
#139646000
0'
#139687000
b11010011111 2
b11010011111 >
1;
b101010111 C
1%
1/
b101010111 7
1'
#139728000
0'
#139769000
b11010100000 >
b11010100000 2
b101010110 7
b101010110 C
1'
#139810000
0'
#139851000
b11010100001 2
b11010100001 >
b101010101 C
b101010101 7
1'
#139892000
0'
#139933000
b11010100010 >
b11010100010 2
b101010100 7
b101010100 C
1'
#139974000
0'
#140015000
b11010100011 2
b11010100011 >
b101010011 C
b101010011 7
1'
#140056000
0'
#140097000
b11010100100 >
b11010100100 2
b101010010 7
b101010010 C
1'
#140138000
0'
#140179000
b11010100101 2
b11010100101 >
b101010001 C
b101010001 7
1'
#140220000
0'
#140261000
b11010100110 >
b11010100110 2
b101010000 7
b101010000 C
1'
#140302000
0'
#140343000
b11010100111 2
b11010100111 >
b101001111 C
b101001111 7
1'
#140384000
0'
#140425000
b11010101000 >
b11010101000 2
b101001110 7
b101001110 C
1'
#140466000
0'
#140507000
b11010101001 2
b11010101001 >
b101001101 C
b101001101 7
1'
#140548000
0'
#140589000
b11010101010 >
b11010101010 2
b101001100 7
b101001100 C
1'
#140630000
0'
#140671000
b11010101011 2
b11010101011 >
b101001011 C
b101001011 7
1'
#140712000
0'
#140753000
b11010101100 >
b11010101100 2
b101001010 7
b101001010 C
1'
#140794000
0'
#140835000
b11010101101 2
b11010101101 >
b101001001 C
b101001001 7
1'
#140876000
0'
#140917000
b11010101110 >
b11010101110 2
b101001000 7
b101001000 C
1'
#140958000
0'
#140999000
b11010101111 2
b11010101111 >
b101000111 C
b101000111 7
1'
#141040000
0'
#141081000
b11010110000 >
b11010110000 2
b101000110 7
b101000110 C
1'
#141122000
0'
#141163000
b11010110001 2
b11010110001 >
b101000101 C
b101000101 7
1'
#141204000
0'
#141245000
b11010110010 >
b11010110010 2
b101000100 7
b101000100 C
1'
#141286000
0'
#141327000
b11010110011 2
b11010110011 >
b101000011 C
b101000011 7
1'
#141368000
0'
#141409000
b11010110100 >
b11010110100 2
b101000010 7
b101000010 C
1'
#141450000
0'
#141491000
b11010110101 2
b11010110101 >
b101000001 C
b101000001 7
1'
#141532000
0'
#141573000
b11010110110 >
b11010110110 2
b101000000 7
b101000000 C
1'
#141614000
0'
#141655000
b11010110111 2
b11010110111 >
b100111111 C
b100111111 7
1'
#141696000
0'
#141737000
b11010111000 >
b11010111000 2
b100111110 7
b100111110 C
1'
#141778000
0'
#141819000
b11010111001 2
b11010111001 >
b100111101 C
b100111101 7
1'
#141860000
0'
#141901000
b11010111010 >
b11010111010 2
b100111100 7
b100111100 C
1'
#141942000
0'
#141983000
b11010111011 2
b11010111011 >
b100111011 C
b100111011 7
1'
#142024000
0'
#142065000
b11010111100 >
b11010111100 2
b100111010 7
b100111010 C
1'
#142106000
0'
#142147000
b11010111101 2
b11010111101 >
b100111001 C
b100111001 7
1'
#142188000
0'
#142229000
b11010111110 >
b11010111110 2
b100111000 7
b100111000 C
1'
#142270000
0'
#142311000
b11010111111 2
b11010111111 >
b100110111 C
b100110111 7
1'
#142352000
0'
#142393000
b11011000000 >
b11011000000 2
b100110110 7
b100110110 C
1'
#142434000
0'
#142475000
b11011000001 2
b11011000001 >
b100110101 C
b100110101 7
1'
#142516000
0'
#142557000
b11011000010 >
b11011000010 2
b100110100 7
b100110100 C
1'
#142598000
0'
#142639000
b11011000011 2
b11011000011 >
b100110011 C
b100110011 7
1'
#142680000
0'
#142721000
b11011000100 >
b11011000100 2
b100110010 7
b100110010 C
1'
#142762000
0'
#142803000
b11011000101 2
b11011000101 >
b100110001 C
b100110001 7
1'
#142844000
0'
#142885000
b11011000110 >
b11011000110 2
b100110000 7
b100110000 C
1'
#142926000
0'
#142967000
b11011000111 2
b11011000111 >
b100101111 C
b100101111 7
1'
#143008000
0'
#143049000
b11011001000 >
b11011001000 2
b100101110 7
b100101110 C
1'
#143090000
0'
#143131000
b11011001001 2
b11011001001 >
b100101101 C
b100101101 7
1'
#143172000
0'
#143213000
b11011001010 >
b11011001010 2
b100101100 7
b100101100 C
1'
#143254000
0'
#143295000
b11011001011 2
b11011001011 >
b100101011 C
b100101011 7
1'
#143336000
0'
#143377000
b11011001100 >
b11011001100 2
b100101010 7
b100101010 C
1'
#143418000
0'
#143459000
b11011001101 2
b11011001101 >
b100101001 C
b100101001 7
1'
#143500000
0'
#143541000
b11011001110 >
b11011001110 2
b100101000 7
b100101000 C
1'
#143582000
0'
#143623000
b11011001111 2
b11011001111 >
b100100111 C
b100100111 7
1'
#143664000
0'
#143705000
b11011010000 >
b11011010000 2
b100100110 7
b100100110 C
1'
#143746000
0'
#143787000
b11011010001 2
b11011010001 >
b100100101 C
b100100101 7
1'
#143828000
0'
#143869000
b11011010010 >
b11011010010 2
b100100100 7
b100100100 C
1'
#143910000
0'
#143951000
b11011010011 2
b11011010011 >
b100100011 C
b100100011 7
1'
#143992000
0'
#144033000
b11011010100 >
b11011010100 2
b100100010 7
b100100010 C
1'
#144074000
0'
#144115000
b11011010101 2
b11011010101 >
b100100001 C
b100100001 7
1'
#144156000
0'
#144197000
b11011010110 >
b11011010110 2
b100100000 7
b100100000 C
1'
#144238000
0'
#144279000
b11011010111 2
b11011010111 >
b100011111 C
b100011111 7
1'
#144320000
0'
#144361000
b11011011000 >
b11011011000 2
b100011110 7
b100011110 C
1'
#144402000
0'
#144443000
b11011011001 2
b11011011001 >
b100011101 C
b100011101 7
1'
#144484000
0'
#144525000
b11011011010 >
b11011011010 2
b100011100 7
b100011100 C
1'
#144566000
0'
#144607000
b11011011011 2
b11011011011 >
b100011011 C
b100011011 7
1'
#144648000
0'
#144689000
b11011011100 >
b11011011100 2
b100011010 7
b100011010 C
1'
#144730000
0'
#144771000
b11011011101 2
b11011011101 >
b100011001 C
b100011001 7
1'
#144812000
0'
#144853000
b11011011110 >
b11011011110 2
b100011000 7
b100011000 C
1'
#144894000
0'
#144935000
b11011011111 2
b11011011111 >
b100010111 C
b100010111 7
1'
#144976000
0'
#145017000
b11011100000 >
b11011100000 2
b100010110 7
b100010110 C
1'
#145058000
0'
#145099000
b11011100001 2
b11011100001 >
b100010101 C
b100010101 7
1'
#145140000
0'
#145181000
b11011100010 >
b11011100010 2
b100010100 7
b100010100 C
1'
#145222000
0'
#145263000
b11011100011 2
b11011100011 >
b100010011 C
b100010011 7
1'
#145304000
0'
#145345000
b11011100100 >
b11011100100 2
b100010010 7
b100010010 C
1'
#145386000
0'
#145427000
b11011100101 2
b11011100101 >
b100010001 C
b100010001 7
1'
#145468000
0'
#145509000
b11011100110 >
b11011100110 2
b100010000 7
b100010000 C
1'
#145550000
0'
#145591000
b11011100111 2
b11011100111 >
b100001111 C
b100001111 7
1'
#145632000
0'
#145673000
b11011101000 >
b11011101000 2
b100001110 7
b100001110 C
1'
#145714000
0'
#145755000
b11011101001 2
b11011101001 >
b100001101 C
b100001101 7
1'
#145796000
0'
#145837000
b11011101010 >
b11011101010 2
b100001100 7
b100001100 C
1'
#145878000
0'
#145919000
b11011101011 2
b11011101011 >
b100001011 C
b100001011 7
1'
#145960000
0'
#146001000
b11011101100 >
b11011101100 2
b100001010 7
b100001010 C
1'
#146042000
0'
#146083000
b11011101101 2
b11011101101 >
b100001001 C
b100001001 7
1'
#146124000
0'
#146165000
b11011101110 >
b11011101110 2
b100001000 7
b100001000 C
1'
#146206000
0'
#146247000
b11011101111 2
b11011101111 >
b100000111 C
b100000111 7
1'
#146288000
0'
#146329000
b11011110000 >
b11011110000 2
b100000110 7
b100000110 C
1'
#146370000
0'
#146411000
b11011110001 2
b11011110001 >
b100000101 C
b100000101 7
1'
#146452000
0'
#146493000
b11011110010 >
b11011110010 2
b100000100 7
b100000100 C
1'
#146534000
0'
#146575000
b11011110011 2
b11011110011 >
b100000011 C
b100000011 7
1'
#146616000
0'
#146657000
b11011110100 >
b11011110100 2
b100000010 7
b100000010 C
1'
#146698000
0'
#146739000
b11011110101 2
b11011110101 >
b100000001 C
b100000001 7
1'
#146780000
0'
#146821000
b11011110110 >
b11011110110 2
b100000000 7
b100000000 C
1'
#146862000
0'
#146903000
b11011110111 2
b11011110111 >
b11111111 C
b11111111 7
1'
#146944000
0'
#146985000
b11011111000 >
b11011111000 2
b11111110 7
b11111110 C
1'
#147026000
0'
#147067000
b11011111001 2
b11011111001 >
b11111101 C
b11111101 7
1'
#147108000
0'
#147149000
b11011111010 >
b11011111010 2
b11111100 7
b11111100 C
1'
#147190000
0'
#147231000
b11011111011 2
b11011111011 >
b11111011 C
b11111011 7
1'
#147272000
0'
#147313000
b11011111100 >
b11011111100 2
b11111010 7
b11111010 C
1'
#147354000
0'
#147395000
b11011111101 2
b11011111101 >
b11111001 C
b11111001 7
1'
#147436000
0'
#147477000
b11011111110 >
b11011111110 2
b11111000 7
b11111000 C
1'
#147518000
0'
#147559000
b11011111111 2
b11011111111 >
b11110111 C
b11110111 7
1'
#147600000
0'
#147641000
b11100000000 >
b11100000000 2
b11110110 7
b11110110 C
1'
#147682000
0'
#147723000
b11100000001 2
b11100000001 >
b11110101 C
b11110101 7
1'
#147764000
0'
#147805000
b11100000010 >
b11100000010 2
b11110100 7
b11110100 C
1'
#147846000
0'
#147887000
b11100000011 2
b11100000011 >
b11110011 C
b11110011 7
1'
#147928000
0'
#147969000
b11100000100 >
b11100000100 2
b11110010 7
b11110010 C
1'
#148010000
0'
#148051000
b11100000101 2
b11100000101 >
b11110001 C
b11110001 7
1'
#148092000
0'
#148133000
b11100000110 >
b11100000110 2
b11110000 7
b11110000 C
1'
#148174000
0'
#148215000
b11100000111 2
b11100000111 >
b11101111 C
b11101111 7
1'
#148256000
0'
#148297000
b11100001000 >
b11100001000 2
b11101110 7
b11101110 C
1'
#148338000
0'
#148379000
b11100001001 2
b11100001001 >
b11101101 C
b11101101 7
1'
#148420000
0'
#148461000
b11100001010 >
b11100001010 2
b11101100 7
b11101100 C
1'
#148502000
0'
#148543000
b11100001011 2
b11100001011 >
b11101011 C
b11101011 7
1'
#148584000
0'
#148625000
b11100001100 >
b11100001100 2
b11101010 7
b11101010 C
1'
#148666000
0'
#148707000
b11100001101 2
b11100001101 >
b11101001 C
b11101001 7
1'
#148748000
0'
#148789000
b11100001110 >
b11100001110 2
b11101000 7
b11101000 C
b0 E
b0 +
1'
#148830000
0'
#148871000
b11100001111 2
b11100001111 >
b11100111 C
b11100111 7
b1 E
b1 +
1'
#148912000
0'
#148953000
b11100010000 >
b11100010000 2
b11100110 7
b11100110 C
b10 E
1'
#148994000
0'
#149035000
b11100010001 2
b11100010001 >
b11100101 C
b11100101 7
b11 E
1'
#149076000
0'
#149117000
b11100010010 >
b11100010010 2
b11100100 7
b11100100 C
b100 E
1'
#149158000
0'
#149199000
b11100010011 2
b11100010011 >
b11100011 C
b11100011 7
b101 E
1'
#149240000
0'
#149281000
b11100010100 >
b11100010100 2
b11100010 7
b11100010 C
b110 E
1'
#149322000
0'
#149363000
b11100010101 2
b11100010101 >
b11100001 C
b11100001 7
b111 E
1'
#149404000
0'
#149445000
b11100010110 >
b11100010110 2
b11100000 7
b11100000 C
b1000 E
1'
#149486000
0'
#149527000
b11100010111 2
b11100010111 >
b11011111 C
b11011111 7
b1001 E
1'
#149568000
0'
#149609000
b11100011000 >
b11100011000 2
b11011110 7
b11011110 C
b1010 E
1'
#149650000
0'
#149691000
b11100011001 2
b11100011001 >
b11011101 C
b11011101 7
b1011 E
1'
#149732000
0'
#149773000
b11100011010 >
b11100011010 2
b11011100 7
b11011100 C
b1100 E
1'
#149814000
0'
#149855000
b11100011011 2
b11100011011 >
b11011011 C
b11011011 7
b1101 E
1'
#149896000
0'
#149937000
b11100011100 >
b11100011100 2
b11011010 7
b11011010 C
b1110 E
1'
#149978000
0'
#150019000
b11100011101 2
b11100011101 >
b11011001 C
b11011001 7
b1111 E
1'
#150060000
0'
#150101000
b11100011110 >
b11100011110 2
b11011000 7
b11011000 C
b10000 E
1'
#150142000
0'
#150183000
b11100011111 2
b11100011111 >
b11010111 C
b11010111 7
b10001 E
1'
#150224000
0'
#150265000
b11100100000 >
b11100100000 2
b11010110 7
b11010110 C
b10010 E
1'
#150306000
0'
#150347000
b11100100001 2
b11100100001 >
b11010101 C
b11010101 7
b10011 E
1'
#150388000
0'
#150429000
b11100100010 >
b11100100010 2
b11010100 7
b11010100 C
b10100 E
1'
#150470000
0'
#150511000
b11100100011 2
b11100100011 >
b11010011 C
b11010011 7
b10101 E
1'
#150552000
0'
#150593000
b11100100100 >
b11100100100 2
b11010010 7
b11010010 C
b10110 E
1'
#150634000
0'
#150675000
b11100100101 2
b11100100101 >
b11010001 C
b11010001 7
b10111 E
1'
#150716000
0'
#150757000
b11100100110 >
b11100100110 2
b11010000 7
b11010000 C
b11000 E
1'
#150798000
0'
#150839000
b11100100111 2
b11100100111 >
b11001111 C
b11001111 7
b11001 E
1'
#150880000
0'
#150921000
b11100101000 >
b11100101000 2
b11001110 7
b11001110 C
b11010 E
1'
#150962000
0'
#151003000
b11100101001 2
b11100101001 >
b11001101 C
b11001101 7
b11011 E
1'
#151044000
0'
#151085000
b11100101010 >
b11100101010 2
b11001100 7
b11001100 C
b11100 E
1'
#151126000
0'
#151167000
b11100101011 2
b11100101011 >
b11001011 C
b11001011 7
b11101 E
1'
#151208000
0'
#151249000
b11100101100 >
b11100101100 2
b11001010 7
b11001010 C
b11110 E
1'
#151290000
0'
#151331000
b11100101101 2
b11100101101 >
b11001001 C
b11001001 7
b11111 E
1'
#151372000
0'
#151413000
b11100101110 >
b11100101110 2
b11001000 7
b11001000 C
b100000 E
1'
#151454000
0'
#151495000
b11100101111 2
b11100101111 >
b11000111 C
b11000111 7
b100001 E
1'
#151536000
0'
#151577000
b11100110000 >
b11100110000 2
b11000110 7
b11000110 C
b100010 E
1'
#151618000
0'
#151659000
b11100110001 2
b11100110001 >
b11000101 C
b11000101 7
b100011 E
1'
#151700000
0'
#151741000
b11100110010 >
b11100110010 2
b11000100 7
b11000100 C
b100100 E
1'
#151782000
0'
#151823000
b11100110011 2
b11100110011 >
b11000011 C
b11000011 7
b100101 E
1'
#151864000
0'
#151905000
b11100110100 >
b11100110100 2
b11000010 7
b11000010 C
b100110 E
1'
#151946000
0'
#151987000
b11100110101 2
b11100110101 >
b11000001 C
b11000001 7
b100111 E
1'
#152028000
0'
#152069000
b11100110110 >
b11100110110 2
b11000000 7
b11000000 C
b101000 E
1'
#152110000
0'
#152151000
b11100110111 2
b11100110111 >
b10111111 C
b10111111 7
b101001 E
1'
#152192000
0'
#152233000
b11100111000 >
b11100111000 2
b10111110 7
b10111110 C
b101010 E
1'
#152274000
0'
#152315000
b11100111001 2
b11100111001 >
b10111101 C
b10111101 7
b101011 E
1'
#152356000
0'
#152397000
b11100111010 >
b11100111010 2
b10111100 7
b10111100 C
b101100 E
1'
#152438000
0'
#152479000
b11100111011 2
b11100111011 >
b10111011 C
b10111011 7
b101101 E
1'
#152520000
0'
#152561000
b11100111100 >
b11100111100 2
b10111010 7
b10111010 C
b101110 E
1'
#152602000
0'
#152643000
b11100111101 2
b11100111101 >
b10111001 C
b10111001 7
b101111 E
1'
#152684000
0'
#152725000
b11100111110 >
b11100111110 2
b10111000 7
b10111000 C
b110000 E
1'
#152766000
0'
#152807000
b11100111111 2
b11100111111 >
b10110111 C
b10110111 7
b110001 E
1'
#152848000
0'
#152889000
b11101000000 >
b11101000000 2
b10110110 7
b10110110 C
b110010 E
1'
#152930000
0'
#152971000
b11101000001 2
b11101000001 >
b10110101 C
b10110101 7
b110011 E
1'
#153012000
0'
#153053000
b11101000010 >
b11101000010 2
b10110100 7
b10110100 C
b110100 E
1'
#153094000
0'
#153135000
b11101000011 2
b11101000011 >
b10110011 C
b10110011 7
b110101 E
1'
#153176000
0'
#153217000
b11101000100 >
b11101000100 2
b10110010 7
b10110010 C
b110110 E
1'
#153258000
0'
#153299000
b11101000101 2
b11101000101 >
b10110001 C
b10110001 7
b110111 E
1'
#153340000
0'
#153381000
b11101000110 >
b11101000110 2
b10110000 7
b10110000 C
b111000 E
1'
#153422000
0'
#153463000
b11101000111 2
b11101000111 >
b10101111 C
b10101111 7
b111001 E
1'
#153504000
0'
#153545000
b11101001000 >
b11101001000 2
b10101110 7
b10101110 C
b111010 E
1'
#153586000
0'
#153627000
b11101001001 2
b11101001001 >
b10101101 C
b10101101 7
b111011 E
1'
#153668000
0'
#153709000
b11101001010 >
b11101001010 2
b10101100 7
b10101100 C
b111100 E
1'
#153750000
0'
#153791000
b11101001011 2
b11101001011 >
b10101011 C
b10101011 7
b111101 E
1'
#153832000
0'
#153873000
b11101001100 >
b11101001100 2
b10101010 7
b10101010 C
b111110 E
1'
#153914000
0'
#153955000
b11101001101 2
b11101001101 >
b10101001 C
b10101001 7
b111111 E
1'
#153996000
0'
#154037000
b11101001110 >
b11101001110 2
b10101000 7
b10101000 C
b1000000 E
1'
#154078000
0'
#154119000
b11101001111 2
b11101001111 >
b10100111 C
b10100111 7
b1000001 E
1'
#154160000
0'
#154201000
b11101010000 >
b11101010000 2
b10100110 7
b10100110 C
b1000010 E
1'
#154242000
0'
#154283000
b11101010001 2
b11101010001 >
b10100101 C
b10100101 7
b1000011 E
1'
#154324000
0'
#154365000
b11101010010 >
b11101010010 2
b10100100 7
b10100100 C
b1000100 E
1'
#154406000
0'
#154447000
b11101010011 2
b11101010011 >
b10100011 C
b10100011 7
b1000101 E
1'
#154488000
0'
#154529000
b11101010100 >
b11101010100 2
b10100010 7
b10100010 C
b1000110 E
1'
#154570000
0'
#154611000
b11101010101 2
b11101010101 >
b10100001 C
b10100001 7
b1000111 E
1'
#154652000
0'
#154693000
b11101010110 >
b11101010110 2
b10100000 7
b10100000 C
b1001000 E
1'
#154734000
0'
#154775000
b11101010111 2
b11101010111 >
b10011111 C
b10011111 7
b1001001 E
1'
#154816000
0'
#154857000
b11101011000 >
b11101011000 2
b10011110 7
b10011110 C
b1001010 E
1'
#154898000
0'
#154939000
b11101011001 2
b11101011001 >
b10011101 C
b10011101 7
b1001011 E
1'
#154980000
0'
#155021000
b11101011010 >
b11101011010 2
b10011100 7
b10011100 C
b1001100 E
1'
#155062000
0'
#155103000
b11101011011 2
b11101011011 >
b10011011 C
b10011011 7
b1001101 E
1'
#155144000
0'
#155185000
b11101011100 >
b11101011100 2
b10011010 7
b10011010 C
b1001110 E
1'
#155226000
0'
#155267000
b11101011101 2
b11101011101 >
b10011001 C
b10011001 7
b1001111 E
1'
#155308000
0'
#155349000
b11101011110 >
b11101011110 2
b10011000 7
b10011000 C
b1010000 E
1'
#155390000
0'
#155431000
b11101011111 2
b11101011111 >
b10010111 C
b10010111 7
b1010001 E
1'
#155472000
0'
#155513000
b11101100000 >
b11101100000 2
b10010110 7
b10010110 C
b1010010 E
1'
#155554000
0'
#155595000
b11101100001 2
b11101100001 >
b10010101 C
b10010101 7
b1010011 E
1'
#155636000
0'
#155677000
b11101100010 >
b11101100010 2
b10010100 7
b10010100 C
b1010100 E
1'
#155718000
0'
#155759000
b11101100011 2
b11101100011 >
b10010011 C
b10010011 7
b1010101 E
1'
#155800000
0'
#155841000
b11101100100 >
b11101100100 2
b10010010 7
b10010010 C
b1010110 E
1'
#155882000
0'
#155923000
b11101100101 2
b11101100101 >
b10010001 C
b10010001 7
b1010111 E
1'
#155964000
0'
#156005000
b11101100110 >
b11101100110 2
b10010000 7
b10010000 C
b1011000 E
1'
#156046000
0'
#156087000
b11101100111 2
b11101100111 >
b10001111 C
b10001111 7
b1011001 E
1'
#156128000
0'
#156169000
b11101101000 >
b11101101000 2
b10001110 7
b10001110 C
b1011010 E
1'
#156210000
0'
#156251000
b11101101001 2
b11101101001 >
b10001101 C
b10001101 7
b1011011 E
1'
#156292000
0'
#156333000
b11101101010 >
b11101101010 2
b10001100 7
b10001100 C
b1011100 E
1'
#156374000
0'
#156415000
b11101101011 2
b11101101011 >
b10001011 C
b10001011 7
b1011101 E
1'
#156456000
0'
#156497000
b11101101100 >
b11101101100 2
b10001010 7
b10001010 C
b1011110 E
1'
#156538000
0'
#156579000
b11101101101 2
b11101101101 >
b10001001 C
b10001001 7
b1011111 E
1'
#156620000
0'
#156661000
b11101101110 >
b11101101110 2
b10001000 7
b10001000 C
b1100000 E
1'
#156702000
0'
#156743000
b11101101111 2
b11101101111 >
b10000111 C
b10000111 7
b1100001 E
1'
#156784000
0'
#156825000
b11101110000 >
b11101110000 2
b10000110 7
b10000110 C
b1100010 E
1'
#156866000
0'
#156907000
b11101110001 2
b11101110001 >
b10000101 C
b10000101 7
b1100011 E
1'
#156948000
0'
#156989000
b11101110010 >
b11101110010 2
b10000100 7
b10000100 C
b1100100 E
1'
#157030000
0'
#157071000
b11101110011 2
b11101110011 >
b10000011 C
b10000011 7
b1100101 E
1'
#157112000
0'
#157153000
b11101110100 >
b11101110100 2
b10000010 7
b10000010 C
b1100110 E
1'
#157194000
0'
#157235000
b11101110101 2
b11101110101 >
b10000001 C
b10000001 7
b1100111 E
1'
#157276000
0'
#157317000
b11101110110 >
b11101110110 2
b10000000 7
b10000000 C
b1101000 E
1'
#157358000
0'
#157399000
b11101110111 2
b11101110111 >
b1111111 C
b1111111 7
b1101001 E
1'
#157440000
0'
#157481000
b11101111000 >
b11101111000 2
b1111110 7
b1111110 C
b1101010 E
1'
#157522000
0'
#157563000
b11101111001 2
b11101111001 >
b1111101 C
b1111101 7
b1101011 E
1'
#157604000
0'
#157645000
b11101111010 >
b11101111010 2
b1111100 7
b1111100 C
b1101100 E
1'
#157686000
0'
#157727000
b11101111011 2
b11101111011 >
b1111011 C
b1111011 7
b1101101 E
1'
#157768000
0'
#157809000
b11101111100 >
b11101111100 2
b1111010 7
b1111010 C
b1101110 E
1'
#157850000
0'
#157891000
b11101111101 2
b11101111101 >
b1111001 C
b1111001 7
b1101111 E
1'
#157932000
0'
#157973000
b11101111110 >
b11101111110 2
b1111000 7
b1111000 C
b1110000 E
1'
#158014000
0'
#158055000
b11101111111 2
b11101111111 >
b1110111 C
b1110111 7
b1110001 E
1'
#158096000
0'
#158137000
b11110000000 >
b11110000000 2
b1110110 7
b1110110 C
b1110010 E
1'
#158178000
0'
#158219000
b11110000001 2
b11110000001 >
b1110101 C
b1110101 7
b1110011 E
1'
#158260000
0'
#158301000
b11110000010 >
b11110000010 2
b1110100 7
b1110100 C
b1110100 E
1'
#158342000
0'
#158383000
b11110000011 2
b11110000011 >
b1110011 C
b1110011 7
b1110101 E
1'
#158424000
0'
#158465000
b11110000100 >
b11110000100 2
b1110010 7
b1110010 C
b1110110 E
1'
#158506000
0'
#158547000
b11110000101 2
b11110000101 >
b1110001 C
b1110001 7
b1110111 E
1'
#158588000
0'
#158629000
b11110000110 >
b11110000110 2
b1110000 7
b1110000 C
b1111000 E
1'
#158670000
0'
#158711000
b11110000111 2
b11110000111 >
b1101111 C
b1101111 7
b1111001 E
1'
#158752000
0'
#158793000
b11110001000 >
b11110001000 2
b1101110 7
b1101110 C
b1111010 E
1'
#158834000
0'
#158875000
b11110001001 2
b11110001001 >
b1101101 C
b1101101 7
b1111011 E
1'
#158916000
0'
#158957000
b11110001010 >
b11110001010 2
b1101100 7
b1101100 C
b1111100 E
1'
#158998000
0'
#159039000
b11110001011 2
b11110001011 >
b1101011 C
b1101011 7
b1111101 E
1'
#159080000
0'
#159121000
b11110001100 >
b11110001100 2
b1101010 7
b1101010 C
b1111110 E
1'
#159162000
0'
#159203000
b11110001101 2
b11110001101 >
b1101001 C
b1101001 7
b1111111 E
1'
#159244000
0'
#159285000
b11110001110 >
b11110001110 2
b1101000 7
b1101000 C
b10000000 E
1'
#159326000
0'
#159367000
b11110001111 2
b11110001111 >
b1100111 C
b1100111 7
b10000001 E
1'
#159408000
0'
#159449000
b11110010000 >
b11110010000 2
b1100110 7
b1100110 C
b10000010 E
1'
#159490000
0'
#159531000
b11110010001 2
b11110010001 >
b1100101 C
b1100101 7
b10000011 E
1'
#159572000
0'
#159613000
b11110010010 >
b11110010010 2
b1100100 7
b1100100 C
b10000100 E
1'
#159654000
0'
#159695000
b11110010011 2
b11110010011 >
b1100011 C
b1100011 7
b10000101 E
1'
#159736000
0'
#159777000
b11110010100 >
b11110010100 2
b1100010 7
b1100010 C
b10000110 E
1'
#159818000
0'
#159859000
b11110010101 2
b11110010101 >
b1100001 C
b1100001 7
b10000111 E
1'
#159900000
0'
#159941000
b11110010110 >
b11110010110 2
b1100000 7
b1100000 C
b10001000 E
1'
#159982000
0'
#160023000
b11110010111 2
b11110010111 >
b1011111 C
b1011111 7
b10001001 E
1'
#160064000
0'
#160105000
b11110011000 >
b11110011000 2
b1011110 7
b1011110 C
b10001010 E
1'
#160146000
0'
#160187000
b11110011001 2
b11110011001 >
b1011101 C
b1011101 7
b10001011 E
1'
#160228000
0'
#160269000
b11110011010 >
b11110011010 2
b1011100 7
b1011100 C
b10001100 E
1'
#160310000
0'
#160351000
b11110011011 2
b11110011011 >
b1011011 C
b1011011 7
b10001101 E
1'
#160392000
0'
#160433000
b11110011100 >
b11110011100 2
b1011010 7
b1011010 C
b10001110 E
1'
#160474000
0'
#160515000
b11110011101 2
b11110011101 >
b1011001 C
b1011001 7
b10001111 E
1'
#160556000
0'
#160597000
b11110011110 >
b11110011110 2
b1011000 7
b1011000 C
b10010000 E
1'
#160638000
0'
#160679000
b11110011111 2
b11110011111 >
b1010111 C
b1010111 7
b10010001 E
1'
#160720000
0'
#160761000
b11110100000 >
b11110100000 2
b1010110 7
b1010110 C
b10010010 E
1'
#160802000
0'
#160843000
b11110100001 2
b11110100001 >
b1010101 C
b1010101 7
b10010011 E
1'
#160884000
0'
#160925000
b11110100010 >
b11110100010 2
b1010100 7
b1010100 C
b10010100 E
1'
#160966000
0'
#161007000
b11110100011 2
b11110100011 >
b1010011 C
b1010011 7
b10010101 E
1'
#161048000
0'
#161089000
b11110100100 >
b11110100100 2
b1010010 7
b1010010 C
b10010110 E
1'
#161130000
0'
#161171000
b11110100101 2
b11110100101 >
b1010001 C
b1010001 7
b10010111 E
1'
#161212000
0'
#161253000
b11110100110 >
b11110100110 2
b1010000 7
b1010000 C
b10011000 E
1'
#161294000
0'
#161335000
b11110100111 2
b11110100111 >
b1001111 C
b1001111 7
b10011001 E
1'
#161376000
0'
#161417000
b11110101000 >
b11110101000 2
b1001110 7
b1001110 C
b10011010 E
1'
#161458000
0'
#161499000
b11110101001 2
b11110101001 >
b1001101 C
b1001101 7
b10011011 E
1'
#161540000
0'
#161581000
b11110101010 >
b11110101010 2
b1001100 7
b1001100 C
b10011100 E
1'
#161622000
0'
#161663000
b11110101011 2
b11110101011 >
b1001011 C
b1001011 7
b10011101 E
1'
#161704000
0'
#161745000
b11110101100 >
b11110101100 2
b1001010 7
b1001010 C
b10011110 E
1'
#161786000
0'
#161827000
b11110101101 2
b11110101101 >
b1001001 C
b1001001 7
b10011111 E
1'
#161868000
0'
#161909000
b11110101110 >
b11110101110 2
b1001000 7
b1001000 C
b10100000 E
1'
#161950000
0'
#161991000
b11110101111 2
b11110101111 >
b1000111 C
b1000111 7
b10100001 E
1'
#162032000
0'
#162073000
b11110110000 >
b11110110000 2
b1000110 7
b1000110 C
b10100010 E
1'
#162114000
0'
#162155000
b11110110001 2
b11110110001 >
b1000101 C
b1000101 7
b10100011 E
1'
#162196000
0'
#162237000
b11110110010 >
b11110110010 2
b1000100 7
b1000100 C
b10100100 E
1'
#162278000
0'
#162319000
b11110110011 2
b11110110011 >
b1000011 C
b1000011 7
b10100101 E
1'
#162360000
0'
#162401000
b11110110100 >
b11110110100 2
b1000010 7
b1000010 C
b10100110 E
1'
#162442000
0'
#162483000
b11110110101 2
b11110110101 >
b1000001 C
b1000001 7
b10100111 E
1'
#162524000
0'
#162565000
b11110110110 >
b11110110110 2
b1000000 7
b1000000 C
b10101000 E
1'
#162606000
0'
#162647000
b11110110111 2
b11110110111 >
b111111 C
b111111 7
b10101001 E
1'
#162688000
0'
#162729000
b11110111000 >
b11110111000 2
b111110 7
b111110 C
b10101010 E
1'
#162770000
0'
#162811000
b11110111001 2
b11110111001 >
b111101 C
b111101 7
b10101011 E
1'
#162852000
0'
#162893000
b11110111010 >
b11110111010 2
b111100 7
b111100 C
b10101100 E
1'
#162934000
0'
#162975000
b11110111011 2
b11110111011 >
b111011 C
b111011 7
b10101101 E
1'
#163016000
0'
#163057000
b11110111100 >
b11110111100 2
b111010 7
b111010 C
b10101110 E
1'
#163098000
0'
#163139000
b11110111101 2
b11110111101 >
b111001 C
b111001 7
b10101111 E
1'
#163180000
0'
#163221000
b11110111110 >
b11110111110 2
b111000 7
b111000 C
b10110000 E
1'
#163262000
0'
#163303000
b11110111111 2
b11110111111 >
b110111 C
b110111 7
b10110001 E
1'
#163344000
0'
#163385000
b11111000000 >
b11111000000 2
b110110 7
b110110 C
b10110010 E
1'
#163426000
0'
#163467000
b11111000001 2
b11111000001 >
b110101 C
b110101 7
b10110011 E
1'
#163508000
0'
#163549000
b11111000010 >
b11111000010 2
b110100 7
b110100 C
b10110100 E
1'
#163590000
0'
#163631000
b11111000011 2
b11111000011 >
b110011 C
b110011 7
b10110101 E
1'
#163672000
0'
#163713000
b11111000100 >
b11111000100 2
b110010 7
b110010 C
b10110110 E
1'
#163754000
0'
#163795000
b11111000101 2
b11111000101 >
b110001 C
b110001 7
b10110111 E
1'
#163836000
0'
#163877000
b11111000110 >
b11111000110 2
b110000 7
b110000 C
b10111000 E
1'
#163918000
0'
#163959000
b11111000111 2
b11111000111 >
b101111 C
b101111 7
b10111001 E
1'
#164000000
0'
#164041000
b11111001000 >
b11111001000 2
b101110 7
b101110 C
b10111010 E
1'
#164082000
0'
#164123000
b11111001001 2
b11111001001 >
b101101 C
b101101 7
b10111011 E
1'
#164164000
0'
#164205000
b11111001010 >
b11111001010 2
b101100 7
b101100 C
b10111100 E
1'
#164246000
0'
#164287000
b11111001011 2
b11111001011 >
b101011 C
b101011 7
b10111101 E
1'
#164328000
0'
#164369000
b11111001100 >
b11111001100 2
b101010 7
b101010 C
b10111110 E
1'
#164410000
0'
#164451000
b11111001101 2
b11111001101 >
b101001 C
b101001 7
b10111111 E
1'
#164492000
0'
#164533000
b11111001110 >
b11111001110 2
b101000 7
b101000 C
b11000000 E
1'
#164574000
0'
#164615000
b11111001111 2
b11111001111 >
b100111 C
b100111 7
b11000001 E
1'
#164656000
0'
#164697000
b11111010000 >
b11111010000 2
b100110 7
b100110 C
b11000010 E
1'
#164738000
0'
#164779000
b11111010001 2
b11111010001 >
b100101 C
b100101 7
b11000011 E
1'
#164820000
0'
#164861000
b11111010010 >
b11111010010 2
b100100 7
b100100 C
b11000100 E
1'
#164902000
0'
#164943000
b11111010011 2
b11111010011 >
b100011 C
b100011 7
b11000101 E
1'
#164984000
0'
#165025000
b11111010100 >
b11111010100 2
b100010 7
b100010 C
b11000110 E
1'
#165066000
0'
#165107000
b11111010101 2
b11111010101 >
b100001 C
b100001 7
b11000111 E
1'
#165148000
0'
#165189000
b11111010110 >
b11111010110 2
b100000 7
b100000 C
b11001000 E
1'
#165230000
0'
#165271000
b11111010111 2
b11111010111 >
b11111 C
b11111 7
b11001001 E
1'
#165312000
0'
#165353000
b11111011000 >
b11111011000 2
b11110 7
b11110 C
b11001010 E
1'
#165394000
0'
#165435000
b11111011001 2
b11111011001 >
b11101 C
b11101 7
b11001011 E
1'
#165476000
0'
#165517000
b11111011010 >
b11111011010 2
b11100 7
b11100 C
b11001100 E
1'
#165558000
0'
#165599000
b11111011011 2
b11111011011 >
b11011 C
b11011 7
b11001101 E
1'
#165640000
0'
#165681000
b11111011100 >
b11111011100 2
b11010 7
b11010 C
b11001110 E
1'
#165722000
0'
#165763000
b11111011101 2
b11111011101 >
b11001 C
b11001 7
b11001111 E
1'
#165804000
0'
#165845000
b11111011110 >
b11111011110 2
b11000 7
b11000 C
b11010000 E
1'
#165886000
0'
#165927000
b11111011111 2
b11111011111 >
b10111 C
b10111 7
b11010001 E
1'
#165968000
0'
#166009000
b11111100000 >
b11111100000 2
b10110 7
b10110 C
b11010010 E
1'
#166050000
0'
#166091000
b11111100001 2
b11111100001 >
b10101 C
b10101 7
b11010011 E
1'
#166132000
0'
#166173000
b11111100010 >
b11111100010 2
b10100 7
b10100 C
b11010100 E
1'
#166214000
0'
#166255000
b11111100011 2
b11111100011 >
b10011 C
b10011 7
b11010101 E
1'
#166296000
0'
#166337000
b11111100100 >
b11111100100 2
b10010 7
b10010 C
b11010110 E
1'
#166378000
0'
#166419000
b11111100101 2
b11111100101 >
b10001 C
b10001 7
b11010111 E
1'
#166460000
0'
#166501000
b11111100110 >
b11111100110 2
b10000 7
b10000 C
b11011000 E
1'
#166542000
0'
#166583000
b11111100111 2
b11111100111 >
b1111 C
b1111 7
b11011001 E
1'
#166624000
0'
#166665000
b11111101000 >
b11111101000 2
b1110 7
b1110 C
b11011010 E
1'
#166706000
0'
#166747000
b11111101001 2
b11111101001 >
b1101 C
b1101 7
b11011011 E
1'
#166788000
0'
#166829000
b11111101010 >
b11111101010 2
b1100 7
b1100 C
b11011100 E
1'
#166870000
0'
#166911000
b11111101011 2
b11111101011 >
b1011 C
b1011 7
b11011101 E
1'
#166952000
0'
#166993000
b11111101100 >
b11111101100 2
b1010 7
b1010 C
b11011110 E
1'
#167034000
0'
#167075000
b11111101101 2
b11111101101 >
b1001 C
b1001 7
b11011111 E
1'
#167116000
0'
#167157000
b11111101110 >
b11111101110 2
b1000 7
b1000 C
b11100000 E
1'
#167198000
0'
#167239000
b11111101111 2
b11111101111 >
b111 C
b111 7
b11100001 E
1'
#167280000
0'
#167321000
b11111110000 >
b11111110000 2
b110 7
b110 C
b11100010 E
1'
#167362000
0'
#167403000
b11111110001 2
b11111110001 >
b101 C
b101 7
b11100011 E
1'
#167444000
0'
#167485000
b11111110010 >
b11111110010 2
b100 7
b100 C
b11100100 E
1'
#167526000
0'
#167567000
b11111110011 2
b11111110011 >
b11 C
b11 7
b11100101 E
1'
#167608000
0'
#167649000
b11111110100 >
b11111110100 2
b10 7
b10 C
b11100110 E
1'
#167690000
0'
#167731000
b11111110101 2
b11111110101 >
b1 C
b1 7
b11100111 E
1'
#167772000
0'
#167813000
b11111110110 >
b11111110110 2
b0 7
b0 C
b11101000 E
1'
#167854000
0'
#167895000
b11111110111 2
b11111110111 >
0;
b101010111 C
0%
0/
b101010111 7
b11101001 E
1'
#167936000
0'
#167977000
b11111111000 >
b11111111000 2
b101010110 7
b101010110 C
b11101010 E
1'
#168018000
0'
#168059000
b11111111001 2
b11111111001 >
b101010101 C
b101010101 7
b11101011 E
1'
#168100000
0'
#168141000
b11111111010 >
b11111111010 2
b101010100 7
b101010100 C
b11101100 E
1'
#168182000
0'
#168223000
b11111111011 2
b11111111011 >
b101010011 C
b101010011 7
b11101101 E
1'
#168264000
0'
#168305000
b11111111100 >
b11111111100 2
b101010010 7
b101010010 C
b11101110 E
1'
#168346000
0'
#168387000
b11111111101 2
b11111111101 >
b101010001 C
b101010001 7
b11101111 E
1'
#168428000
0'
#168469000
b11111111110 >
b11111111110 2
b101010000 7
b101010000 C
b11110000 E
1'
#168510000
0'
#168551000
b11111111111 2
b11111111111 >
b101001111 C
b101001111 7
b11110001 E
1'
#168592000
0'
#168633000
b100000000000 >
b100000000000 2
b101001110 7
b101001110 C
b11110010 E
1'
#168674000
0'
#168715000
b100000000001 2
b100000000001 >
b101001101 C
b101001101 7
b11110011 E
1'
#168756000
0'
#168797000
b100000000010 >
b100000000010 2
b101001100 7
b101001100 C
b11110100 E
1'
#168838000
0'
#168879000
b100000000011 2
b100000000011 >
b101001011 C
b101001011 7
b11110101 E
1'
#168920000
0'
#168961000
b100000000100 >
b100000000100 2
b101001010 7
b101001010 C
b11110110 E
1'
#169002000
0'
#169043000
b100000000101 2
b100000000101 >
b101001001 C
b101001001 7
b11110111 E
1'
#169084000
0'
#169125000
b100000000110 >
b100000000110 2
b101001000 7
b101001000 C
b11111000 E
1'
#169166000
0'
#169207000
b100000000111 2
b100000000111 >
b101000111 C
b101000111 7
b11111001 E
1'
#169248000
0'
#169289000
b100000001000 >
b100000001000 2
b101000110 7
b101000110 C
b11111010 E
1'
#169330000
0'
#169371000
b100000001001 2
b100000001001 >
b101000101 C
b101000101 7
b11111011 E
1'
#169412000
0'
#169453000
b100000001010 >
b100000001010 2
b101000100 7
b101000100 C
b11111100 E
1'
#169494000
0'
#169535000
b100000001011 2
b100000001011 >
b101000011 C
b101000011 7
b11111101 E
1'
#169576000
0'
#169617000
b100000001100 >
b100000001100 2
b101000010 7
b101000010 C
b11111110 E
1'
#169658000
0'
#169699000
b100000001101 2
b100000001101 >
b101000001 C
b101000001 7
b11111111 E
1'
#169740000
0'
#169781000
b100000001110 >
b100000001110 2
b101000000 7
b101000000 C
b100000000 E
1'
#169822000
0'
#169863000
b100000001111 2
b100000001111 >
b100111111 C
b100111111 7
b100000001 E
1'
#169904000
0'
#169945000
b100000010000 >
b100000010000 2
b100111110 7
b100111110 C
b100000010 E
1'
#169986000
0'
#170027000
b100000010001 2
b100000010001 >
b100111101 C
b100111101 7
b100000011 E
1'
#170068000
0'
#170109000
b100000010010 >
b100000010010 2
b100111100 7
b100111100 C
b100000100 E
1'
#170150000
0'
#170191000
b100000010011 2
b100000010011 >
b100111011 C
b100111011 7
b100000101 E
1'
#170232000
0'
#170273000
b100000010100 >
b100000010100 2
b100111010 7
b100111010 C
b100000110 E
1'
#170314000
0'
#170355000
b100000010101 2
b100000010101 >
b100111001 C
b100111001 7
b100000111 E
1'
#170396000
0'
#170437000
b100000010110 >
b100000010110 2
b100111000 7
b100111000 C
b100001000 E
1'
#170478000
0'
#170519000
b100000010111 2
b100000010111 >
b100110111 C
b100110111 7
b100001001 E
1'
#170560000
0'
#170601000
b100000011000 >
b100000011000 2
b100110110 7
b100110110 C
b100001010 E
1'
#170642000
0'
#170683000
b100000011001 2
b100000011001 >
b100110101 C
b100110101 7
b100001011 E
1'
#170724000
0'
#170765000
b100000011010 >
b100000011010 2
b100110100 7
b100110100 C
b100001100 E
1'
#170806000
0'
#170847000
b100000011011 2
b100000011011 >
b100110011 C
b100110011 7
b100001101 E
1'
#170888000
0'
#170929000
b100000011100 >
b100000011100 2
b100110010 7
b100110010 C
b100001110 E
1'
#170970000
0'
#171011000
b100000011101 2
b100000011101 >
b100110001 C
b100110001 7
b100001111 E
1'
#171052000
0'
#171093000
b100000011110 >
b100000011110 2
b100110000 7
b100110000 C
b100010000 E
1'
#171134000
0'
#171175000
b100000011111 2
b100000011111 >
b100101111 C
b100101111 7
b100010001 E
1'
#171216000
0'
#171257000
b100000100000 >
b100000100000 2
b100101110 7
b100101110 C
b100010010 E
1'
#171298000
0'
#171339000
b100000100001 2
b100000100001 >
b100101101 C
b100101101 7
b100010011 E
1'
#171380000
0'
#171421000
b100000100010 >
b100000100010 2
b100101100 7
b100101100 C
b100010100 E
1'
#171462000
0'
#171503000
b100000100011 2
b100000100011 >
b100101011 C
b100101011 7
b100010101 E
1'
#171544000
0'
#171585000
b100000100100 >
b100000100100 2
b100101010 7
b100101010 C
b100010110 E
1'
#171626000
0'
#171667000
b100000100101 2
b100000100101 >
b100101001 C
b100101001 7
b100010111 E
1'
#171708000
0'
#171749000
b100000100110 >
b100000100110 2
b100101000 7
b100101000 C
b100011000 E
1'
#171790000
0'
#171831000
b100000100111 2
b100000100111 >
b100100111 C
b100100111 7
b100011001 E
1'
#171872000
0'
#171913000
b100000101000 >
b100000101000 2
b100100110 7
b100100110 C
b100011010 E
1'
#171954000
0'
#171995000
b100000101001 2
b100000101001 >
b100100101 C
b100100101 7
b100011011 E
1'
#172036000
0'
#172077000
b100000101010 >
b100000101010 2
b100100100 7
b100100100 C
b100011100 E
1'
#172118000
0'
#172159000
b100000101011 2
b100000101011 >
b100100011 C
b100100011 7
b100011101 E
1'
#172200000
0'
#172241000
b100000101100 >
b100000101100 2
b100100010 7
b100100010 C
b100011110 E
1'
#172282000
0'
#172323000
b100000101101 2
b100000101101 >
b100100001 C
b100100001 7
b100011111 E
1'
#172364000
0'
#172405000
b100000101110 >
b100000101110 2
b100100000 7
b100100000 C
b100100000 E
1'
#172446000
0'
#172487000
b100000101111 2
b100000101111 >
b100011111 C
b100011111 7
b100100001 E
1'
#172528000
0'
#172569000
b100000110000 >
b100000110000 2
b100011110 7
b100011110 C
b100100010 E
1'
#172610000
0'
#172651000
b100000110001 2
b100000110001 >
b100011101 C
b100011101 7
b100100011 E
1'
#172692000
0'
#172733000
b100000110010 >
b100000110010 2
b100011100 7
b100011100 C
b100100100 E
1'
#172774000
0'
#172815000
b100000110011 2
b100000110011 >
b100011011 C
b100011011 7
b100100101 E
1'
#172856000
0'
#172897000
b100000110100 >
b100000110100 2
b100011010 7
b100011010 C
b100100110 E
1'
#172938000
0'
#172979000
b100000110101 2
b100000110101 >
b100011001 C
b100011001 7
b100100111 E
1'
#173020000
0'
#173061000
b100000110110 >
b100000110110 2
b100011000 7
b100011000 C
b100101000 E
1'
#173102000
0'
#173143000
b100000110111 2
b100000110111 >
b100010111 C
b100010111 7
b100101001 E
1'
#173184000
0'
#173225000
b100000111000 >
b100000111000 2
b100010110 7
b100010110 C
b100101010 E
1'
#173266000
0'
#173307000
b100000111001 2
b100000111001 >
b100010101 C
b100010101 7
b100101011 E
1'
#173348000
0'
#173389000
b100000111010 >
b100000111010 2
b100010100 7
b100010100 C
b100101100 E
1'
#173430000
0'
#173471000
b100000111011 2
b100000111011 >
b100010011 C
b100010011 7
b100101101 E
1'
#173512000
0'
#173553000
b100000111100 >
b100000111100 2
b100010010 7
b100010010 C
b100101110 E
1'
#173594000
0'
#173635000
b100000111101 2
b100000111101 >
b100010001 C
b100010001 7
b100101111 E
1'
#173676000
0'
#173717000
b100000111110 >
b100000111110 2
b100010000 7
b100010000 C
b100110000 E
1'
#173758000
0'
#173799000
b100000111111 2
b100000111111 >
b100001111 C
b100001111 7
b100110001 E
1'
#173840000
0'
#173881000
b100001000000 >
b100001000000 2
b100001110 7
b100001110 C
b100110010 E
1'
#173922000
0'
#173963000
b100001000001 2
b100001000001 >
b100001101 C
b100001101 7
b100110011 E
1'
#174004000
0'
#174045000
b100001000010 >
b100001000010 2
b100001100 7
b100001100 C
b100110100 E
1'
#174086000
0'
#174127000
b100001000011 2
b100001000011 >
b100001011 C
b100001011 7
b100110101 E
1'
#174168000
0'
#174209000
b100001000100 >
b100001000100 2
b100001010 7
b100001010 C
b100110110 E
1'
#174250000
0'
#174291000
b100001000101 2
b100001000101 >
b100001001 C
b100001001 7
b100110111 E
1'
#174332000
0'
#174373000
b100001000110 >
b100001000110 2
b100001000 7
b100001000 C
b100111000 E
1'
#174414000
0'
#174455000
b100001000111 2
b100001000111 >
b100000111 C
b100000111 7
b100111001 E
1'
#174496000
0'
#174537000
b100001001000 >
b100001001000 2
b100000110 7
b100000110 C
b100111010 E
1'
#174578000
0'
#174619000
b100001001001 2
b100001001001 >
b100000101 C
b100000101 7
b100111011 E
1'
#174660000
0'
#174701000
b100001001010 >
b100001001010 2
b100000100 7
b100000100 C
b100111100 E
1'
#174742000
0'
#174783000
b100001001011 2
b100001001011 >
b100000011 C
b100000011 7
b100111101 E
1'
#174824000
0'
#174865000
b100001001100 >
b100001001100 2
b100000010 7
b100000010 C
b100111110 E
1'
#174906000
0'
#174947000
b100001001101 2
b100001001101 >
b100000001 C
b100000001 7
b100111111 E
1'
#174988000
0'
#175029000
b100001001110 >
b100001001110 2
b100000000 7
b100000000 C
b101000000 E
1'
#175070000
0'
#175111000
b100001001111 2
b100001001111 >
b11111111 C
b11111111 7
b101000001 E
1'
#175152000
0'
#175193000
b100001010000 >
b100001010000 2
b11111110 7
b11111110 C
b101000010 E
1'
#175234000
0'
#175275000
b100001010001 2
b100001010001 >
b11111101 C
b11111101 7
b101000011 E
1'
#175316000
0'
#175357000
b100001010010 >
b100001010010 2
b11111100 7
b11111100 C
b101000100 E
1'
#175398000
0'
#175439000
b100001010011 2
b100001010011 >
b11111011 C
b11111011 7
b101000101 E
1'
#175480000
0'
#175521000
b100001010100 >
b100001010100 2
b11111010 7
b11111010 C
b101000110 E
1'
#175562000
0'
#175603000
b100001010101 2
b100001010101 >
b11111001 C
b11111001 7
b101000111 E
1'
#175644000
0'
#175685000
b100001010110 >
b100001010110 2
b11111000 7
b11111000 C
b101001000 E
1'
#175726000
0'
#175767000
b100001010111 2
b100001010111 >
b11110111 C
b11110111 7
b101001001 E
1'
#175808000
0'
#175849000
b100001011000 >
b100001011000 2
b11110110 7
b11110110 C
b101001010 E
1'
#175890000
0'
#175931000
b100001011001 2
b100001011001 >
b11110101 C
b11110101 7
b101001011 E
1'
#175972000
0'
#176013000
b100001011010 >
b100001011010 2
b11110100 7
b11110100 C
b101001100 E
1'
#176054000
0'
#176095000
b100001011011 2
b100001011011 >
b11110011 C
b11110011 7
b101001101 E
1'
#176136000
0'
#176177000
b100001011100 >
b100001011100 2
b11110010 7
b11110010 C
b101001110 E
1'
#176218000
0'
#176259000
b100001011101 2
b100001011101 >
b11110001 C
b11110001 7
b101001111 E
1'
#176300000
0'
#176341000
b100001011110 >
b100001011110 2
b11110000 7
b11110000 C
b101010000 E
1'
#176382000
0'
#176423000
b100001011111 2
b100001011111 >
b11101111 C
b11101111 7
b101010001 E
1'
#176464000
0'
#176505000
b100001100000 >
b100001100000 2
b11101110 7
b11101110 C
b101010010 E
1'
#176546000
0'
#176587000
b100001100001 2
b100001100001 >
b11101101 C
b11101101 7
b101010011 E
1'
#176628000
0'
#176669000
b100001100010 >
b100001100010 2
b11101100 7
b11101100 C
b101010100 E
1'
#176710000
0'
#176751000
b100001100011 2
b100001100011 >
b11101011 C
b11101011 7
b101010101 E
1'
#176792000
0'
#176833000
b100001100100 >
b100001100100 2
b11101010 7
b11101010 C
b101010110 E
1'
#176874000
0'
#176915000
b100001100101 2
b100001100101 >
b11101001 C
b11101001 7
b101010111 E
1'
#176956000
0'
#176997000
b100001100110 >
b100001100110 2
b11101000 7
b11101000 C
b101011000 E
1'
#177038000
0'
#177079000
b100001100111 2
b100001100111 >
b11100111 C
b11100111 7
b101011001 E
1'
#177120000
0'
#177161000
b100001101000 >
b100001101000 2
b11100110 7
b11100110 C
b101011010 E
1'
#177202000
0'
#177243000
b100001101001 2
b100001101001 >
b11100101 C
b11100101 7
b101011011 E
1'
#177284000
0'
#177325000
b100001101010 >
b100001101010 2
b11100100 7
b11100100 C
b101011100 E
1'
#177366000
0'
#177407000
b100001101011 2
b100001101011 >
b11100011 C
b11100011 7
b101011101 E
1'
#177448000
0'
#177489000
b100001101100 >
b100001101100 2
b11100010 7
b11100010 C
b101011110 E
1'
#177530000
0'
#177571000
b100001101101 2
b100001101101 >
b11100001 C
b11100001 7
b101011111 E
1'
#177612000
0'
#177653000
b100001101110 >
b100001101110 2
b11100000 7
b11100000 C
b101100000 E
1'
#177694000
0'
#177735000
b100001101111 2
b100001101111 >
b11011111 C
b11011111 7
b101100001 E
1'
#177776000
0'
#177817000
b100001110000 >
b100001110000 2
b11011110 7
b11011110 C
b101100010 E
1'
#177858000
0'
#177899000
b100001110001 2
b100001110001 >
b11011101 C
b11011101 7
b101100011 E
1'
#177940000
0'
#177981000
b100001110010 >
b100001110010 2
b11011100 7
b11011100 C
b101100100 E
1'
#178022000
0'
#178063000
b100001110011 2
b100001110011 >
b11011011 C
b11011011 7
b101100101 E
1'
#178104000
0'
#178145000
b100001110100 >
b100001110100 2
b11011010 7
b11011010 C
b101100110 E
1'
#178186000
0'
#178227000
b100001110101 2
b100001110101 >
b11011001 C
b11011001 7
b101100111 E
1'
#178268000
0'
#178309000
b100001110110 >
b100001110110 2
b11011000 7
b11011000 C
b101101000 E
1'
#178350000
0'
#178391000
b100001110111 2
b100001110111 >
b11010111 C
b11010111 7
b101101001 E
1'
#178432000
0'
#178473000
b100001111000 >
b100001111000 2
b11010110 7
b11010110 C
b101101010 E
1'
#178514000
0'
#178555000
b100001111001 2
b100001111001 >
b11010101 C
b11010101 7
b101101011 E
1'
#178596000
0'
#178637000
b100001111010 >
b100001111010 2
b11010100 7
b11010100 C
b101101100 E
1'
#178678000
0'
#178719000
b100001111011 2
b100001111011 >
b11010011 C
b11010011 7
b101101101 E
1'
#178760000
0'
#178801000
b100001111100 >
b100001111100 2
b11010010 7
b11010010 C
b101101110 E
1'
#178842000
0'
#178883000
b100001111101 2
b100001111101 >
b11010001 C
b11010001 7
b101101111 E
1'
#178924000
0'
#178965000
b100001111110 >
b100001111110 2
b11010000 7
b11010000 C
b101110000 E
1'
#179006000
0'
#179047000
b100001111111 2
b100001111111 >
b11001111 C
b11001111 7
b101110001 E
1'
#179088000
0'
#179129000
b100010000000 >
b100010000000 2
b11001110 7
b11001110 C
b101110010 E
1'
#179170000
0'
#179211000
b100010000001 2
b100010000001 >
b11001101 C
b11001101 7
b101110011 E
1'
#179252000
0'
#179293000
b100010000010 >
b100010000010 2
b11001100 7
b11001100 C
b101110100 E
1'
#179334000
0'
#179375000
b100010000011 2
b100010000011 >
b11001011 C
b11001011 7
b101110101 E
1'
#179416000
0'
#179457000
b100010000100 >
b100010000100 2
b11001010 7
b11001010 C
b101110110 E
1'
#179498000
0'
#179539000
b100010000101 2
b100010000101 >
b11001001 C
b11001001 7
b101110111 E
1'
#179580000
0'
#179621000
b100010000110 >
b100010000110 2
b11001000 7
b11001000 C
b101111000 E
1'
#179662000
0'
#179703000
b100010000111 2
b100010000111 >
b11000111 C
b11000111 7
b101111001 E
1'
#179744000
0'
#179785000
b100010001000 >
b100010001000 2
b11000110 7
b11000110 C
b101111010 E
1'
#179826000
0'
#179867000
b100010001001 2
b100010001001 >
b11000101 C
b11000101 7
b101111011 E
1'
#179908000
0'
#179949000
b100010001010 >
b100010001010 2
b11000100 7
b11000100 C
b101111100 E
1'
#179990000
0'
#180031000
b100010001011 2
b100010001011 >
b11000011 C
b11000011 7
b101111101 E
1'
#180072000
0'
#180113000
b100010001100 >
b100010001100 2
b11000010 7
b11000010 C
b101111110 E
1'
#180154000
0'
#180195000
b100010001101 2
b100010001101 >
b11000001 C
b11000001 7
b101111111 E
1'
#180236000
0'
#180277000
b100010001110 >
b100010001110 2
b11000000 7
b11000000 C
b110000000 E
1'
#180318000
0'
#180359000
b100010001111 2
b100010001111 >
b10111111 C
b10111111 7
b110000001 E
1'
#180400000
0'
#180441000
b100010010000 >
b100010010000 2
b10111110 7
b10111110 C
b110000010 E
1'
#180482000
0'
#180523000
b100010010001 2
b100010010001 >
b10111101 C
b10111101 7
b110000011 E
1'
#180564000
0'
#180605000
b100010010010 >
b100010010010 2
b10111100 7
b10111100 C
b110000100 E
1'
#180646000
0'
#180687000
b100010010011 2
b100010010011 >
b10111011 C
b10111011 7
b110000101 E
1'
#180728000
0'
#180769000
b100010010100 >
b100010010100 2
b10111010 7
b10111010 C
b110000110 E
1'
#180810000
0'
#180851000
b100010010101 2
b100010010101 >
b10111001 C
b10111001 7
b110000111 E
1'
#180892000
0'
#180933000
b100010010110 >
b100010010110 2
b10111000 7
b10111000 C
b110001000 E
1'
#180974000
0'
#181015000
b100010010111 2
b100010010111 >
b10110111 C
b10110111 7
b110001001 E
1'
#181056000
0'
#181097000
b100010011000 >
b100010011000 2
b10110110 7
b10110110 C
b110001010 E
1'
#181138000
0'
#181179000
b100010011001 2
b100010011001 >
b10110101 C
b10110101 7
b110001011 E
1'
#181220000
0'
#181261000
b100010011010 >
b100010011010 2
b10110100 7
b10110100 C
b110001100 E
1'
#181302000
0'
#181343000
b100010011011 2
b100010011011 >
b10110011 C
b10110011 7
b110001101 E
1'
#181384000
0'
#181425000
b100010011100 >
b100010011100 2
b10110010 7
b10110010 C
b110001110 E
1'
#181466000
0'
#181507000
b100010011101 2
b100010011101 >
b10110001 C
b10110001 7
b110001111 E
1'
#181548000
0'
#181589000
b100010011110 >
b100010011110 2
b10110000 7
b10110000 C
b110010000 E
1'
#181630000
0'
#181671000
b100010011111 2
b100010011111 >
b10101111 C
b10101111 7
b110010001 E
1'
#181712000
0'
#181753000
b100010100000 >
b100010100000 2
b10101110 7
b10101110 C
b110010010 E
1'
#181794000
0'
#181835000
b100010100001 2
b100010100001 >
b10101101 C
b10101101 7
b110010011 E
1'
#181876000
0'
#181917000
b100010100010 >
b100010100010 2
b10101100 7
b10101100 C
b110010100 E
1'
#181958000
0'
#181999000
b100010100011 2
b100010100011 >
b10101011 C
b10101011 7
b110010101 E
1'
#182040000
0'
#182081000
b100010100100 >
b100010100100 2
b10101010 7
b10101010 C
b110010110 E
1'
#182122000
0'
#182163000
b100010100101 2
b100010100101 >
b10101001 C
b10101001 7
b110010111 E
1'
#182204000
0'
#182245000
b100010100110 >
b100010100110 2
b10101000 7
b10101000 C
b110011000 E
1'
#182286000
0'
#182327000
b100010100111 2
b100010100111 >
b10100111 C
b10100111 7
b110011001 E
1'
#182368000
0'
#182409000
b100010101000 >
b100010101000 2
b10100110 7
b10100110 C
b110011010 E
1'
#182450000
0'
#182491000
b100010101001 2
b100010101001 >
b10100101 C
b10100101 7
b110011011 E
1'
#182532000
0'
#182573000
b100010101010 >
b100010101010 2
b10100100 7
b10100100 C
b110011100 E
1'
#182614000
0'
#182655000
b100010101011 2
b100010101011 >
b10100011 C
b10100011 7
b110011101 E
1'
#182696000
0'
#182737000
b100010101100 >
b100010101100 2
b10100010 7
b10100010 C
b110011110 E
1'
#182778000
0'
#182819000
b100010101101 2
b100010101101 >
b10100001 C
b10100001 7
b110011111 E
1'
#182860000
0'
#182901000
b100010101110 >
b100010101110 2
b10100000 7
b10100000 C
b110100000 E
1'
#182942000
0'
#182983000
b100010101111 2
b100010101111 >
b10011111 C
b10011111 7
b110100001 E
1'
#183024000
0'
#183065000
b100010110000 >
b100010110000 2
b10011110 7
b10011110 C
b110100010 E
1'
#183106000
0'
#183147000
b100010110001 2
b100010110001 >
b10011101 C
b10011101 7
b110100011 E
1'
#183188000
0'
#183229000
b100010110010 >
b100010110010 2
b10011100 7
b10011100 C
b110100100 E
1'
#183270000
0'
#183311000
b100010110011 2
b100010110011 >
b10011011 C
b10011011 7
b110100101 E
1'
#183352000
0'
#183393000
b100010110100 >
b100010110100 2
b10011010 7
b10011010 C
b110100110 E
1'
#183434000
0'
#183475000
b100010110101 2
b100010110101 >
b10011001 C
b10011001 7
b110100111 E
1'
#183516000
0'
#183557000
b100010110110 >
b100010110110 2
b10011000 7
b10011000 C
b110101000 E
1'
#183598000
0'
#183639000
b100010110111 2
b100010110111 >
b10010111 C
b10010111 7
b110101001 E
1'
#183680000
0'
#183721000
b100010111000 >
b100010111000 2
b10010110 7
b10010110 C
b110101010 E
1'
#183762000
0'
#183803000
b100010111001 2
b100010111001 >
b10010101 C
b10010101 7
b110101011 E
1'
#183844000
0'
#183885000
b100010111010 >
b100010111010 2
b10010100 7
b10010100 C
b110101100 E
1'
#183926000
0'
#183967000
b100010111011 2
b100010111011 >
b10010011 C
b10010011 7
b110101101 E
1'
#184008000
0'
#184049000
b100010111100 >
b100010111100 2
b10010010 7
b10010010 C
b110101110 E
1'
#184090000
0'
#184131000
b100010111101 2
b100010111101 >
b10010001 C
b10010001 7
b110101111 E
1'
#184172000
0'
#184213000
b100010111110 >
b100010111110 2
b10010000 7
b10010000 C
b110110000 E
1'
#184254000
0'
#184295000
b100010111111 2
b100010111111 >
b10001111 C
b10001111 7
b110110001 E
1'
#184336000
0'
#184377000
b100011000000 >
b100011000000 2
b10001110 7
b10001110 C
b110110010 E
1'
#184418000
0'
#184459000
b100011000001 2
b100011000001 >
b10001101 C
b10001101 7
b110110011 E
1'
#184500000
0'
#184541000
b100011000010 >
b100011000010 2
b10001100 7
b10001100 C
b110110100 E
1'
#184582000
0'
#184623000
b100011000011 2
b100011000011 >
b10001011 C
b10001011 7
b110110101 E
1'
#184664000
0'
#184705000
b100011000100 >
b100011000100 2
b10001010 7
b10001010 C
b110110110 E
1'
#184746000
0'
#184787000
b100011000101 2
b100011000101 >
b10001001 C
b10001001 7
b110110111 E
1'
#184828000
0'
#184869000
b100011000110 >
b100011000110 2
b10001000 7
b10001000 C
b110111000 E
1'
#184910000
0'
#184951000
b100011000111 2
b100011000111 >
b10000111 C
b10000111 7
b110111001 E
1'
#184992000
0'
#185033000
b100011001000 >
b100011001000 2
b10000110 7
b10000110 C
b110111010 E
1'
#185074000
0'
#185115000
b100011001001 2
b100011001001 >
b10000101 C
b10000101 7
b110111011 E
1'
#185156000
0'
#185197000
b100011001010 >
b100011001010 2
b10000100 7
b10000100 C
b110111100 E
1'
#185238000
0'
#185279000
b100011001011 2
b100011001011 >
b10000011 C
b10000011 7
b110111101 E
1'
#185320000
0'
#185361000
b100011001100 >
b100011001100 2
b10000010 7
b10000010 C
b110111110 E
1'
#185402000
0'
#185443000
b100011001101 2
b100011001101 >
b10000001 C
b10000001 7
b110111111 E
1'
#185484000
0'
#185525000
b100011001110 >
b100011001110 2
b10000000 7
b10000000 C
b111000000 E
1'
#185566000
0'
#185607000
b100011001111 2
b100011001111 >
b1111111 C
b1111111 7
b111000001 E
1'
#185648000
0'
#185689000
b100011010000 >
b100011010000 2
b1111110 7
b1111110 C
b111000010 E
1'
#185730000
0'
#185771000
b100011010001 2
b100011010001 >
b1111101 C
b1111101 7
b111000011 E
1'
#185812000
0'
#185853000
b100011010010 >
b100011010010 2
b1111100 7
b1111100 C
b111000100 E
1'
#185894000
0'
#185935000
b100011010011 2
b100011010011 >
b1111011 C
b1111011 7
b111000101 E
1'
#185976000
0'
#186017000
b100011010100 >
b100011010100 2
b1111010 7
b1111010 C
b111000110 E
1'
#186058000
0'
#186099000
b100011010101 2
b100011010101 >
b1111001 C
b1111001 7
b111000111 E
1'
#186140000
0'
#186181000
b100011010110 >
b100011010110 2
b1111000 7
b1111000 C
b111001000 E
1'
#186222000
0'
#186263000
b100011010111 2
b100011010111 >
b1110111 C
b1110111 7
b111001001 E
1'
#186304000
0'
#186345000
b100011011000 >
b100011011000 2
b1110110 7
b1110110 C
b111001010 E
1'
#186386000
0'
#186427000
b100011011001 2
b100011011001 >
b1110101 C
b1110101 7
b111001011 E
1'
#186468000
0'
#186509000
b100011011010 >
b100011011010 2
b1110100 7
b1110100 C
b111001100 E
1'
#186550000
0'
#186591000
b100011011011 2
b100011011011 >
b1110011 C
b1110011 7
b111001101 E
1'
#186632000
0'
#186673000
b100011011100 >
b100011011100 2
b1110010 7
b1110010 C
b111001110 E
1'
#186714000
0'
#186755000
b100011011101 2
b100011011101 >
b1110001 C
b1110001 7
b111001111 E
1'
#186796000
0'
#186837000
b100011011110 >
b100011011110 2
b1110000 7
b1110000 C
b111010000 E
1'
#186878000
0'
#186919000
b100011011111 2
b100011011111 >
b1101111 C
b1101111 7
b111010001 E
1'
#186960000
0'
#187001000
b100011100000 >
b100011100000 2
b1101110 7
b1101110 C
b111010010 E
1'
#187042000
0'
#187083000
b100011100001 2
b100011100001 >
b1101101 C
b1101101 7
b111010011 E
1'
#187124000
0'
#187165000
b100011100010 >
b100011100010 2
b1101100 7
b1101100 C
b111010100 E
1'
#187206000
0'
#187247000
b100011100011 2
b100011100011 >
b1101011 C
b1101011 7
b111010101 E
1'
#187288000
0'
#187329000
b100011100100 >
b100011100100 2
b1101010 7
b1101010 C
b111010110 E
1'
#187370000
0'
#187411000
b100011100101 2
b100011100101 >
b1101001 C
b1101001 7
b111010111 E
1'
#187452000
0'
#187493000
b100011100110 >
b100011100110 2
b1101000 7
b1101000 C
b111011000 E
1'
#187534000
0'
#187575000
b100011100111 2
b100011100111 >
b1100111 C
b1100111 7
b111011001 E
1'
#187616000
0'
#187657000
b100011101000 >
b100011101000 2
b1100110 7
b1100110 C
b111011010 E
1'
#187698000
0'
#187739000
b100011101001 2
b100011101001 >
b1100101 C
b1100101 7
b111011011 E
1'
#187780000
0'
#187821000
b100011101010 >
b100011101010 2
b1100100 7
b1100100 C
b111011100 E
1'
#187862000
0'
#187903000
b100011101011 2
b100011101011 >
b1100011 C
b1100011 7
b111011101 E
1'
#187944000
0'
#187985000
b100011101100 >
b100011101100 2
b1100010 7
b1100010 C
b111011110 E
1'
#188026000
0'
#188067000
b100011101101 2
b100011101101 >
b1100001 C
b1100001 7
b111011111 E
1'
#188108000
0'
#188149000
b100011101110 >
b100011101110 2
b1100000 7
b1100000 C
b111100000 E
1'
#188190000
0'
#188231000
b100011101111 2
b100011101111 >
b1011111 C
b1011111 7
b111100001 E
1'
#188272000
0'
#188313000
b100011110000 >
b100011110000 2
b1011110 7
b1011110 C
b111100010 E
1'
#188354000
0'
#188395000
b100011110001 2
b100011110001 >
b1011101 C
b1011101 7
b111100011 E
1'
#188436000
0'
#188477000
b100011110010 >
b100011110010 2
b1011100 7
b1011100 C
b111100100 E
1'
#188518000
0'
#188559000
b100011110011 2
b100011110011 >
b1011011 C
b1011011 7
b111100101 E
1'
#188600000
0'
#188641000
b100011110100 >
b100011110100 2
b1011010 7
b1011010 C
b111100110 E
1'
#188682000
0'
#188723000
b100011110101 2
b100011110101 >
b1011001 C
b1011001 7
b111100111 E
1'
#188764000
0'
#188805000
b100011110110 >
b100011110110 2
b1011000 7
b1011000 C
b111101000 E
1'
#188846000
0'
#188887000
b100011110111 2
b100011110111 >
b1010111 C
b1010111 7
b111101001 E
1'
#188928000
0'
#188969000
b100011111000 >
b100011111000 2
b1010110 7
b1010110 C
b111101010 E
1'
#189010000
0'
#189051000
b100011111001 2
b100011111001 >
b1010101 C
b1010101 7
b111101011 E
1'
#189092000
0'
#189133000
b100011111010 >
b100011111010 2
b1010100 7
b1010100 C
b111101100 E
1'
#189174000
0'
#189215000
b100011111011 2
b100011111011 >
b1010011 C
b1010011 7
b111101101 E
1'
#189256000
0'
#189297000
b100011111100 >
b100011111100 2
b1010010 7
b1010010 C
b111101110 E
1'
#189338000
0'
#189379000
b100011111101 2
b100011111101 >
b1010001 C
b1010001 7
b111101111 E
1'
#189420000
0'
#189461000
b100011111110 >
b100011111110 2
b1010000 7
b1010000 C
b111110000 E
1'
#189502000
0'
#189543000
b100011111111 2
b100011111111 >
b1001111 C
b1001111 7
b111110001 E
1'
#189584000
0'
#189625000
b100100000000 >
b100100000000 2
b1001110 7
b1001110 C
b111110010 E
1'
#189666000
0'
#189707000
b100100000001 2
b100100000001 >
b1001101 C
b1001101 7
b111110011 E
1'
#189748000
0'
#189789000
b100100000010 >
b100100000010 2
b1001100 7
b1001100 C
b111110100 E
1'
#189830000
0'
#189871000
b100100000011 2
b100100000011 >
b1001011 C
b1001011 7
b111110101 E
1'
#189912000
0'
#189953000
b100100000100 >
b100100000100 2
b1001010 7
b1001010 C
b111110110 E
1'
#189994000
0'
#190035000
b100100000101 2
b100100000101 >
b1001001 C
b1001001 7
b111110111 E
1'
#190076000
0'
#190117000
b100100000110 >
b100100000110 2
b1001000 7
b1001000 C
b111111000 E
1'
#190158000
0'
#190199000
b100100000111 2
b100100000111 >
b1000111 C
b1000111 7
b111111001 E
1'
#190240000
0'
#190281000
b100100001000 >
b100100001000 2
b1000110 7
b1000110 C
b111111010 E
1'
#190322000
0'
#190363000
b100100001001 2
b100100001001 >
b1000101 C
b1000101 7
b111111011 E
1'
#190404000
0'
#190445000
b100100001010 >
b100100001010 2
b1000100 7
b1000100 C
b111111100 E
1'
#190486000
0'
#190527000
b100100001011 2
b100100001011 >
b1000011 C
b1000011 7
b111111101 E
1'
#190568000
0'
#190609000
b100100001100 >
b100100001100 2
b1000010 7
b1000010 C
b111111110 E
1'
#190650000
0'
#190691000
b100100001101 2
b100100001101 >
b1000001 C
b1000001 7
b111111111 E
1'
#190732000
0'
#190773000
b100100001110 >
b100100001110 2
b1000000 7
b1000000 C
b1000000000 E
1'
#190814000
0'
#190855000
b100100001111 2
b100100001111 >
b111111 C
b111111 7
b1000000001 E
1'
#190896000
0'
#190937000
b100100010000 >
b100100010000 2
b111110 7
b111110 C
b1000000010 E
1'
#190978000
0'
#191019000
b100100010001 2
b100100010001 >
b111101 C
b111101 7
b1000000011 E
1'
#191060000
0'
#191101000
b100100010010 >
b100100010010 2
b111100 7
b111100 C
b1000000100 E
1'
#191142000
0'
#191183000
b100100010011 2
b100100010011 >
b111011 C
b111011 7
b1000000101 E
1'
#191224000
0'
#191265000
b100100010100 >
b100100010100 2
b111010 7
b111010 C
b1000000110 E
1'
#191306000
0'
#191347000
b100100010101 2
b100100010101 >
b111001 C
b111001 7
b1000000111 E
1'
#191388000
0'
#191429000
b100100010110 >
b100100010110 2
b111000 7
b111000 C
b1000001000 E
1'
#191470000
0'
#191511000
b100100010111 2
b100100010111 >
b110111 C
b110111 7
b1000001001 E
1'
#191552000
0'
#191593000
b100100011000 >
b100100011000 2
b110110 7
b110110 C
b1000001010 E
1'
#191634000
0'
#191675000
b100100011001 2
b100100011001 >
b110101 C
b110101 7
b1000001011 E
1'
#191716000
0'
#191757000
b100100011010 >
b100100011010 2
b110100 7
b110100 C
b1000001100 E
1'
#191798000
0'
#191839000
b100100011011 2
b100100011011 >
b110011 C
b110011 7
b1000001101 E
1'
#191880000
0'
#191921000
b100100011100 >
b100100011100 2
b110010 7
b110010 C
b1000001110 E
1'
#191962000
0'
#192003000
b100100011101 2
b100100011101 >
b110001 C
b110001 7
b1000001111 E
1'
#192044000
0'
#192085000
b100100011110 >
b100100011110 2
b110000 7
b110000 C
b1000010000 E
1'
#192126000
0'
#192167000
b100100011111 2
b100100011111 >
b101111 C
b101111 7
b1000010001 E
1'
#192208000
0'
#192249000
b100100100000 >
b100100100000 2
b101110 7
b101110 C
b1000010010 E
1'
#192290000
0'
#192331000
b100100100001 2
b100100100001 >
b101101 C
b101101 7
b1000010011 E
1'
#192372000
0'
#192413000
b100100100010 >
b100100100010 2
b101100 7
b101100 C
b1000010100 E
1'
#192454000
0'
#192495000
b100100100011 2
b100100100011 >
b101011 C
b101011 7
b1000010101 E
1'
#192536000
0'
#192577000
b100100100100 >
b100100100100 2
b101010 7
b101010 C
b1000010110 E
1'
#192618000
0'
#192659000
b100100100101 2
b100100100101 >
b101001 C
b101001 7
b1000010111 E
1'
#192700000
0'
#192741000
b100100100110 >
b100100100110 2
b101000 7
b101000 C
b1000011000 E
1'
#192782000
0'
#192823000
b100100100111 2
b100100100111 >
b100111 C
b100111 7
b1000011001 E
1'
#192864000
0'
#192905000
b100100101000 >
b100100101000 2
b100110 7
b100110 C
b1000011010 E
1'
#192946000
0'
#192987000
b100100101001 2
b100100101001 >
b100101 C
b100101 7
b1000011011 E
1'
#193028000
0'
#193069000
b100100101010 >
b100100101010 2
b100100 7
b100100 C
b1000011100 E
1'
#193110000
0'
#193151000
b100100101011 2
b100100101011 >
b100011 C
b100011 7
b1000011101 E
1'
#193192000
0'
#193233000
b100100101100 >
b100100101100 2
b100010 7
b100010 C
b1000011110 E
1'
#193274000
0'
#193315000
b100100101101 2
b100100101101 >
b100001 C
b100001 7
b1000011111 E
1'
#193356000
0'
#193397000
b100100101110 >
b100100101110 2
b100000 7
b100000 C
b1000100000 E
1'
#193438000
0'
#193479000
b100100101111 2
b100100101111 >
b11111 C
b11111 7
b1000100001 E
1'
#193520000
0'
#193561000
b100100110000 >
b100100110000 2
b11110 7
b11110 C
b1000100010 E
1'
#193602000
0'
#193643000
b100100110001 2
b100100110001 >
b11101 C
b11101 7
b1000100011 E
1'
#193684000
0'
#193725000
b100100110010 >
b100100110010 2
b11100 7
b11100 C
b1000100100 E
1'
#193766000
0'
#193807000
b100100110011 2
b100100110011 >
b11011 C
b11011 7
b1000100101 E
1'
#193848000
0'
#193889000
b100100110100 >
b100100110100 2
b11010 7
b11010 C
b1000100110 E
1'
#193930000
0'
#193971000
b100100110101 2
b100100110101 >
b11001 C
b11001 7
b1000100111 E
1'
#194012000
0'
#194053000
b100100110110 >
b100100110110 2
b11000 7
b11000 C
b1000101000 E
1'
#194094000
0'
#194135000
b100100110111 2
b100100110111 >
b10111 C
b10111 7
b1000101001 E
1'
#194176000
0'
#194217000
b100100111000 >
b100100111000 2
b10110 7
b10110 C
b1000101010 E
1'
#194258000
0'
#194299000
b100100111001 2
b100100111001 >
b10101 C
b10101 7
b1000101011 E
1'
#194340000
0'
#194381000
b100100111010 >
b100100111010 2
b10100 7
b10100 C
b1000101100 E
1'
#194422000
0'
#194463000
b100100111011 2
b100100111011 >
b10011 C
b10011 7
b1000101101 E
1'
#194504000
0'
#194545000
b100100111100 >
b100100111100 2
b10010 7
b10010 C
b1000101110 E
1'
#194586000
0'
#194627000
b100100111101 2
b100100111101 >
b10001 C
b10001 7
b1000101111 E
1'
#194668000
0'
#194709000
b100100111110 >
b100100111110 2
b10000 7
b10000 C
b1000110000 E
1'
#194750000
0'
#194791000
b100100111111 2
b100100111111 >
b1111 C
b1111 7
b1000110001 E
1'
#194832000
0'
#194873000
b100101000000 >
b100101000000 2
b1110 7
b1110 C
b1000110010 E
1'
#194914000
0'
#194955000
b100101000001 2
b100101000001 >
b1101 C
b1101 7
b1000110011 E
1'
#194996000
0'
#195037000
b100101000010 >
b100101000010 2
b1100 7
b1100 C
b1000110100 E
1'
#195078000
0'
#195119000
b100101000011 2
b100101000011 >
b1011 C
b1011 7
b1000110101 E
1'
#195160000
0'
#195201000
b100101000100 >
b100101000100 2
b1010 7
b1010 C
b1000110110 E
1'
#195242000
0'
#195283000
b100101000101 2
b100101000101 >
b1001 C
b1001 7
b1000110111 E
1'
#195324000
0'
#195365000
b100101000110 >
b100101000110 2
b1000 7
b1000 C
b1000111000 E
1'
#195406000
0'
#195447000
b100101000111 2
b100101000111 >
b111 C
b111 7
b1000111001 E
1'
#195488000
0'
#195529000
b100101001000 >
b100101001000 2
b110 7
b110 C
b1000111010 E
1'
#195570000
0'
#195611000
b100101001001 2
b100101001001 >
b101 C
b101 7
b1000111011 E
1'
#195652000
0'
#195693000
b100101001010 >
b100101001010 2
b100 7
b100 C
b1000111100 E
1'
#195734000
0'
#195775000
b100101001011 2
b100101001011 >
b11 C
b11 7
b1000111101 E
1'
#195816000
0'
#195857000
b100101001100 >
b100101001100 2
b10 7
b10 C
b1000111110 E
1'
#195898000
0'
#195939000
b100101001101 2
b100101001101 >
b1 C
b1 7
b1000111111 E
1'
#195980000
0'
#196021000
b100101001110 >
b100101001110 2
b0 7
b0 C
b1001000000 E
1'
#196062000
0'
#196103000
b100101001111 2
b100101001111 >
1;
b101010111 C
1%
1/
b101010111 7
b1001000001 E
1'
#196144000
0'
#196185000
b100101010000 >
b100101010000 2
b101010110 7
b101010110 C
b1001000010 E
1'
#196226000
0'
#196267000
b100101010001 2
b100101010001 >
b101010101 C
b101010101 7
b1001000011 E
1'
#196308000
0'
#196349000
b100101010010 >
b100101010010 2
b101010100 7
b101010100 C
b1001000100 E
1'
#196390000
0'
#196431000
b100101010011 2
b100101010011 >
b101010011 C
b101010011 7
b1001000101 E
1'
#196472000
0'
#196513000
b100101010100 >
b100101010100 2
b101010010 7
b101010010 C
b1001000110 E
1'
#196554000
0'
#196595000
b100101010101 2
b100101010101 >
b101010001 C
b101010001 7
b1001000111 E
1'
#196636000
0'
#196677000
b100101010110 >
b100101010110 2
b101010000 7
b101010000 C
b1001001000 E
1'
#196718000
0'
#196759000
b100101010111 2
b100101010111 >
b101001111 C
b101001111 7
b1001001001 E
1'
#196800000
0'
#196841000
b100101011000 >
b100101011000 2
b101001110 7
b101001110 C
b1001001010 E
1'
#196882000
0'
#196923000
b100101011001 2
b100101011001 >
b101001101 C
b101001101 7
b1001001011 E
1'
#196964000
0'
#197005000
b100101011010 >
b100101011010 2
b101001100 7
b101001100 C
b1001001100 E
1'
#197046000
0'
#197087000
b100101011011 2
b100101011011 >
b101001011 C
b101001011 7
b1001001101 E
1'
#197128000
0'
#197169000
b100101011100 >
b100101011100 2
b101001010 7
b101001010 C
b1001001110 E
1'
#197210000
0'
#197251000
b100101011101 2
b100101011101 >
b101001001 C
b101001001 7
b1001001111 E
1'
#197292000
0'
#197333000
b100101011110 >
b100101011110 2
b101001000 7
b101001000 C
b1001010000 E
1'
#197374000
0'
#197415000
b100101011111 2
b100101011111 >
b101000111 C
b101000111 7
b1001010001 E
1'
#197456000
0'
#197497000
b100101100000 >
b100101100000 2
b101000110 7
b101000110 C
b1001010010 E
1'
#197538000
0'
#197579000
b100101100001 2
b100101100001 >
b101000101 C
b101000101 7
b1001010011 E
1'
#197620000
0'
#197661000
b100101100010 >
b100101100010 2
b101000100 7
b101000100 C
b1001010100 E
1'
#197702000
0'
#197743000
b100101100011 2
b100101100011 >
b101000011 C
b101000011 7
b1001010101 E
1'
#197784000
0'
#197825000
b100101100100 >
b100101100100 2
b101000010 7
b101000010 C
b1001010110 E
1'
#197866000
0'
#197907000
b100101100101 2
b100101100101 >
b101000001 C
b101000001 7
b1001010111 E
1'
#197948000
0'
#197989000
b100101100110 >
b100101100110 2
b101000000 7
b101000000 C
b1001011000 E
1'
#198030000
0'
#198071000
b100101100111 2
b100101100111 >
b100111111 C
b100111111 7
b1001011001 E
1'
#198112000
0'
#198153000
b100101101000 >
b100101101000 2
b100111110 7
b100111110 C
b1001011010 E
1'
#198194000
0'
#198235000
b100101101001 2
b100101101001 >
b100111101 C
b100111101 7
b1001011011 E
1'
#198276000
0'
#198317000
b100101101010 >
b100101101010 2
b100111100 7
b100111100 C
b1001011100 E
1'
#198358000
0'
#198399000
b100101101011 2
b100101101011 >
b100111011 C
b100111011 7
b1001011101 E
1'
#198440000
0'
#198481000
b100101101100 >
b100101101100 2
b100111010 7
b100111010 C
b1001011110 E
1'
#198522000
0'
#198563000
b100101101101 2
b100101101101 >
b100111001 C
b100111001 7
b1001011111 E
1'
#198604000
0'
#198645000
b100101101110 >
b100101101110 2
b100111000 7
b100111000 C
b1001100000 E
1'
#198686000
0'
#198727000
b100101101111 2
b100101101111 >
b100110111 C
b100110111 7
b1001100001 E
1'
#198768000
0'
#198809000
b100101110000 >
b100101110000 2
b100110110 7
b100110110 C
b1001100010 E
1'
#198850000
0'
#198891000
b100101110001 2
b100101110001 >
b100110101 C
b100110101 7
b1001100011 E
1'
#198932000
0'
#198973000
b100101110010 >
b100101110010 2
b100110100 7
b100110100 C
b1001100100 E
1'
#199014000
0'
#199055000
b100101110011 2
b100101110011 >
b100110011 C
b100110011 7
b1001100101 E
1'
#199096000
0'
#199137000
b100101110100 >
b100101110100 2
b100110010 7
b100110010 C
b1001100110 E
1'
#199178000
0'
#199219000
b100101110101 2
b100101110101 >
b100110001 C
b100110001 7
b1001100111 E
1'
#199260000
0'
#199301000
b100101110110 >
b100101110110 2
b100110000 7
b100110000 C
b1001101000 E
1'
#199342000
0'
#199383000
b100101110111 2
b100101110111 >
b100101111 C
b100101111 7
b1001101001 E
1'
#199424000
0'
#199465000
b100101111000 >
b100101111000 2
b100101110 7
b100101110 C
b1001101010 E
1'
#199506000
0'
#199547000
b100101111001 2
b100101111001 >
b100101101 C
b100101101 7
b1001101011 E
1'
#199588000
0'
#199629000
b100101111010 >
b100101111010 2
b100101100 7
b100101100 C
b1001101100 E
1'
#199670000
0'
#199711000
b100101111011 2
b100101111011 >
b100101011 C
b100101011 7
b1001101101 E
1'
#199752000
0'
#199793000
b100101111100 >
b100101111100 2
b100101010 7
b100101010 C
b1001101110 E
1'
#199834000
0'
#199875000
b100101111101 2
b100101111101 >
b100101001 C
b100101001 7
b1001101111 E
1'
#199916000
0'
#199957000
b100101111110 >
b100101111110 2
b100101000 7
b100101000 C
b1001110000 E
1'
#199998000
0'
#200039000
b100101111111 2
b100101111111 >
b100100111 C
b100100111 7
b1001110001 E
1'
#200080000
0'
#200121000
b100110000000 >
b100110000000 2
b100100110 7
b100100110 C
b1001110010 E
1'
#200162000
0'
#200203000
b100110000001 2
b100110000001 >
b100100101 C
b100100101 7
b1001110011 E
1'
#200244000
0'
#200285000
b100110000010 >
b100110000010 2
b100100100 7
b100100100 C
b1001110100 E
1'
#200326000
0'
#200367000
b100110000011 2
b100110000011 >
b100100011 C
b100100011 7
b1001110101 E
1'
#200408000
0'
#200449000
b100110000100 >
b100110000100 2
b100100010 7
b100100010 C
b1001110110 E
1'
#200490000
0'
#200531000
b100110000101 2
b100110000101 >
b100100001 C
b100100001 7
b1001110111 E
1'
#200572000
0'
#200613000
b100110000110 >
b100110000110 2
b100100000 7
b100100000 C
b1001111000 E
1'
#200654000
0'
#200695000
b100110000111 2
b100110000111 >
b100011111 C
b100011111 7
b1001111001 E
1'
#200736000
0'
#200777000
b100110001000 >
b100110001000 2
b100011110 7
b100011110 C
b1001111010 E
1'
#200818000
0'
#200859000
b100110001001 2
b100110001001 >
b100011101 C
b100011101 7
b1001111011 E
1'
#200900000
0'
#200941000
b100110001010 >
b100110001010 2
b100011100 7
b100011100 C
b1001111100 E
1'
#200982000
0'
#201023000
b100110001011 2
b100110001011 >
b100011011 C
b100011011 7
b1001111101 E
1'
#201064000
0'
#201105000
b100110001100 >
b100110001100 2
b100011010 7
b100011010 C
b1001111110 E
1'
#201146000
0'
#201187000
b100110001101 2
b100110001101 >
b100011001 C
b100011001 7
b1001111111 E
1'
#201228000
0'
#201269000
b100110001110 >
b100110001110 2
b100011000 7
b100011000 C
b1010000000 E
1'
#201310000
0'
#201351000
b100110001111 2
b100110001111 >
b100010111 C
b100010111 7
b1010000001 E
1'
#201392000
0'
#201433000
b100110010000 >
b100110010000 2
b100010110 7
b100010110 C
b1010000010 E
1'
#201474000
0'
#201515000
b100110010001 2
b100110010001 >
b100010101 C
b100010101 7
b1010000011 E
1'
#201556000
0'
#201597000
b100110010010 >
b100110010010 2
b100010100 7
b100010100 C
b1010000100 E
1'
#201638000
0'
#201679000
b100110010011 2
b100110010011 >
b100010011 C
b100010011 7
b1010000101 E
1'
#201720000
0'
#201761000
b100110010100 >
b100110010100 2
b100010010 7
b100010010 C
b1010000110 E
1'
#201802000
0'
#201843000
b100110010101 2
b100110010101 >
b100010001 C
b100010001 7
b1010000111 E
1'
#201884000
0'
#201925000
b100110010110 >
b100110010110 2
b100010000 7
b100010000 C
b1010001000 E
1'
#201966000
0'
#202007000
b100110010111 2
b100110010111 >
b100001111 C
b100001111 7
b1010001001 E
1'
#202048000
0'
#202089000
b100110011000 >
b100110011000 2
b100001110 7
b100001110 C
b1010001010 E
1'
#202130000
0'
#202171000
b100110011001 2
b100110011001 >
b100001101 C
b100001101 7
b1010001011 E
1'
#202212000
0'
#202253000
b100110011010 >
b100110011010 2
b100001100 7
b100001100 C
b1010001100 E
1'
#202294000
0'
#202335000
b100110011011 2
b100110011011 >
b100001011 C
b100001011 7
b1010001101 E
1'
#202376000
0'
#202417000
b100110011100 >
b100110011100 2
b100001010 7
b100001010 C
b1010001110 E
1'
#202458000
0'
#202499000
b100110011101 2
b100110011101 >
b100001001 C
b100001001 7
b1010001111 E
1'
#202540000
0'
#202581000
b100110011110 >
b100110011110 2
b100001000 7
b100001000 C
b1010010000 E
1'
#202622000
0'
#202663000
b100110011111 2
b100110011111 >
b100000111 C
b100000111 7
b1010010001 E
1'
#202704000
0'
#202745000
b100110100000 >
b100110100000 2
b100000110 7
b100000110 C
b1010010010 E
1'
#202786000
0'
#202827000
b100110100001 2
b100110100001 >
b100000101 C
b100000101 7
b1010010011 E
1'
#202868000
0'
#202909000
b100110100010 >
b100110100010 2
b100000100 7
b100000100 C
b1010010100 E
1'
#202950000
0'
#202991000
b100110100011 2
b100110100011 >
b100000011 C
b100000011 7
b1010010101 E
1'
#203032000
0'
#203073000
b100110100100 >
b100110100100 2
b100000010 7
b100000010 C
b1010010110 E
1'
#203114000
0'
#203155000
b100110100101 2
b100110100101 >
b100000001 C
b100000001 7
b1010010111 E
1'
#203196000
0'
#203237000
b100110100110 >
b100110100110 2
b100000000 7
b100000000 C
b1010011000 E
1'
#203278000
0'
#203319000
b100110100111 2
b100110100111 >
b11111111 C
b11111111 7
b1010011001 E
1'
#203360000
0'
#203401000
b100110101000 >
b100110101000 2
b11111110 7
b11111110 C
b1010011010 E
1'
#203442000
0'
#203483000
b100110101001 2
b100110101001 >
b11111101 C
b11111101 7
b1010011011 E
1'
#203524000
0'
#203565000
b100110101010 >
b100110101010 2
b11111100 7
b11111100 C
b1010011100 E
1'
#203606000
0'
#203647000
b100110101011 2
b100110101011 >
b11111011 C
b11111011 7
b1010011101 E
1'
#203688000
0'
#203729000
b100110101100 >
b100110101100 2
b11111010 7
b11111010 C
b1010011110 E
1'
#203770000
0'
#203811000
b100110101101 2
b100110101101 >
b11111001 C
b11111001 7
b1010011111 E
1'
#203852000
0'
#203893000
b100110101110 >
b100110101110 2
b11111000 7
b11111000 C
b1010100000 E
1'
#203934000
0'
#203975000
b100110101111 2
b100110101111 >
b11110111 C
b11110111 7
b1010100001 E
1'
#204016000
0'
#204057000
b100110110000 >
b100110110000 2
b11110110 7
b11110110 C
b1010100010 E
1'
#204098000
0'
#204139000
b100110110001 2
b100110110001 >
b11110101 C
b11110101 7
b1010100011 E
1'
#204180000
0'
#204221000
b100110110010 >
b100110110010 2
b11110100 7
b11110100 C
b1010100100 E
1'
#204262000
0'
#204303000
b100110110011 2
b100110110011 >
b11110011 C
b11110011 7
b1010100101 E
1'
#204344000
0'
#204385000
b100110110100 >
b100110110100 2
b11110010 7
b11110010 C
b1010100110 E
1'
#204426000
0'
#204467000
b100110110101 2
b100110110101 >
b11110001 C
b11110001 7
b1010100111 E
1'
#204508000
0'
#204549000
b100110110110 >
b100110110110 2
b11110000 7
b11110000 C
b1010101000 E
1'
#204590000
0'
#204631000
b100110110111 2
b100110110111 >
b11101111 C
b11101111 7
b1010101001 E
1'
#204672000
0'
#204713000
b100110111000 >
b100110111000 2
b11101110 7
b11101110 C
b1010101010 E
1'
#204754000
0'
#204795000
b100110111001 2
b100110111001 >
b11101101 C
b11101101 7
b1010101011 E
1'
#204836000
0'
#204877000
b100110111010 >
b100110111010 2
b11101100 7
b11101100 C
b1010101100 E
1'
#204918000
0'
#204959000
b100110111011 2
b100110111011 >
b11101011 C
b11101011 7
b1010101101 E
1'
#205000000
0'
#205041000
b100110111100 >
b100110111100 2
b11101010 7
b11101010 C
b1010101110 E
1'
#205082000
0'
#205123000
b100110111101 2
b100110111101 >
b11101001 C
b11101001 7
b1010101111 E
1'
#205164000
0'
#205205000
b100110111110 >
b100110111110 2
b11101000 7
b11101000 C
b1010110000 E
1'
#205246000
0'
#205287000
b100110111111 2
b100110111111 >
b11100111 C
b11100111 7
b1010110001 E
1'
#205328000
0'
#205369000
b100111000000 >
b100111000000 2
b11100110 7
b11100110 C
b1010110010 E
1'
#205410000
0'
#205451000
b100111000001 2
b100111000001 >
b11100101 C
b11100101 7
b1010110011 E
1'
#205492000
0'
#205533000
b100111000010 >
b100111000010 2
b11100100 7
b11100100 C
b1010110100 E
1'
#205574000
0'
#205615000
b100111000011 2
b100111000011 >
b11100011 C
b11100011 7
b1010110101 E
1'
#205656000
0'
#205697000
b100111000100 >
b100111000100 2
b11100010 7
b11100010 C
b1010110110 E
1'
#205738000
0'
#205779000
b100111000101 2
b100111000101 >
b11100001 C
b11100001 7
b1010110111 E
1'
#205820000
0'
#205861000
b100111000110 >
b100111000110 2
b11100000 7
b11100000 C
b1010111000 E
1'
#205902000
0'
#205943000
b100111000111 2
b100111000111 >
b11011111 C
b11011111 7
b1010111001 E
1'
#205984000
0'
#206025000
b100111001000 >
b100111001000 2
b11011110 7
b11011110 C
b1010111010 E
1'
#206066000
0'
#206107000
b100111001001 2
b100111001001 >
b11011101 C
b11011101 7
b1010111011 E
1'
#206148000
0'
#206189000
b100111001010 >
b100111001010 2
b11011100 7
b11011100 C
b1010111100 E
1'
#206230000
0'
#206271000
b100111001011 2
b100111001011 >
b11011011 C
b11011011 7
b1010111101 E
1'
#206312000
0'
#206353000
b100111001100 >
b100111001100 2
b11011010 7
b11011010 C
b1010111110 E
1'
#206394000
0'
#206435000
b100111001101 2
b100111001101 >
b11011001 C
b11011001 7
b1010111111 E
1'
#206476000
0'
#206517000
b100111001110 >
b100111001110 2
b11011000 7
b11011000 C
b1011000000 E
1'
#206558000
0'
#206599000
b100111001111 2
b100111001111 >
b11010111 C
b11010111 7
b1011000001 E
1'
#206640000
0'
#206681000
b100111010000 >
b100111010000 2
b11010110 7
b11010110 C
b1011000010 E
1'
#206722000
0'
#206763000
b100111010001 2
b100111010001 >
b11010101 C
b11010101 7
b1011000011 E
1'
#206804000
0'
#206845000
b100111010010 >
b100111010010 2
b11010100 7
b11010100 C
b1011000100 E
1'
#206886000
0'
#206927000
b100111010011 2
b100111010011 >
b11010011 C
b11010011 7
b1011000101 E
1'
#206968000
0'
#207009000
b100111010100 >
b100111010100 2
b11010010 7
b11010010 C
b1011000110 E
1'
#207050000
0'
#207091000
b100111010101 2
b100111010101 >
b11010001 C
b11010001 7
b1011000111 E
1'
#207132000
0'
#207173000
b100111010110 >
b100111010110 2
b11010000 7
b11010000 C
b1011001000 E
1'
#207214000
0'
#207255000
b100111010111 2
b100111010111 >
b11001111 C
b11001111 7
b1011001001 E
1'
#207296000
0'
#207337000
b100111011000 >
b100111011000 2
b11001110 7
b11001110 C
b1011001010 E
1'
#207378000
0'
#207419000
b100111011001 2
b100111011001 >
b11001101 C
b11001101 7
b1011001011 E
1'
#207460000
0'
#207501000
b100111011010 >
b100111011010 2
b11001100 7
b11001100 C
b1011001100 E
1'
#207542000
0'
#207583000
b100111011011 2
b100111011011 >
b11001011 C
b11001011 7
b1011001101 E
1'
#207624000
0'
#207665000
b100111011100 >
b100111011100 2
b11001010 7
b11001010 C
b1011001110 E
1'
#207706000
0'
#207747000
b100111011101 2
b100111011101 >
b11001001 C
b11001001 7
b1011001111 E
1'
#207788000
0'
#207829000
b100111011110 >
b100111011110 2
b11001000 7
b11001000 C
b1011010000 E
1'
#207870000
0'
#207911000
b100111011111 2
b100111011111 >
b11000111 C
b11000111 7
b1011010001 E
1'
#207952000
0'
#207993000
b100111100000 >
b100111100000 2
b11000110 7
b11000110 C
b1011010010 E
1'
#208034000
0'
#208075000
b100111100001 2
b100111100001 >
b11000101 C
b11000101 7
b1011010011 E
1'
#208116000
0'
#208157000
b100111100010 >
b100111100010 2
b11000100 7
b11000100 C
b1011010100 E
1'
#208198000
0'
#208239000
b100111100011 2
b100111100011 >
b11000011 C
b11000011 7
b1011010101 E
1'
#208280000
0'
#208321000
b100111100100 >
b100111100100 2
b11000010 7
b11000010 C
b1011010110 E
1'
#208362000
0'
#208403000
b100111100101 2
b100111100101 >
b11000001 C
b11000001 7
b1011010111 E
1'
#208444000
0'
#208485000
b100111100110 >
b100111100110 2
b11000000 7
b11000000 C
b1011011000 E
1'
#208526000
0'
#208567000
b100111100111 2
b100111100111 >
b10111111 C
b10111111 7
b1011011001 E
1'
#208608000
0'
#208649000
b100111101000 >
b100111101000 2
b10111110 7
b10111110 C
b1011011010 E
1'
#208690000
0'
#208731000
b100111101001 2
b100111101001 >
b10111101 C
b10111101 7
b1011011011 E
1'
#208772000
0'
#208813000
b100111101010 >
b100111101010 2
b10111100 7
b10111100 C
b1011011100 E
1'
#208854000
0'
#208895000
b100111101011 2
b100111101011 >
b10111011 C
b10111011 7
b1011011101 E
1'
#208936000
0'
#208977000
b100111101100 >
b100111101100 2
b10111010 7
b10111010 C
b1011011110 E
1'
#209018000
0'
#209059000
b100111101101 2
b100111101101 >
b10111001 C
b10111001 7
b1011011111 E
1'
#209100000
0'
#209141000
b100111101110 >
b100111101110 2
b10111000 7
b10111000 C
b1011100000 E
1'
#209182000
0'
#209223000
b100111101111 2
b100111101111 >
b10110111 C
b10110111 7
b1011100001 E
1'
#209264000
0'
#209305000
b100111110000 >
b100111110000 2
b10110110 7
b10110110 C
b1011100010 E
1'
#209346000
0'
#209387000
b100111110001 2
b100111110001 >
b10110101 C
b10110101 7
b1011100011 E
1'
#209428000
0'
#209469000
b100111110010 >
b100111110010 2
b10110100 7
b10110100 C
b1011100100 E
1'
#209510000
0'
#209551000
b100111110011 2
b100111110011 >
b10110011 C
b10110011 7
b1011100101 E
1'
#209592000
0'
#209633000
b100111110100 >
b100111110100 2
b10110010 7
b10110010 C
b1011100110 E
1'
#209674000
0'
#209715000
b100111110101 2
b100111110101 >
b10110001 C
b10110001 7
b1011100111 E
1'
#209756000
0'
#209797000
b100111110110 >
b100111110110 2
b10110000 7
b10110000 C
b1011101000 E
1'
#209838000
0'
#209879000
b100111110111 2
b100111110111 >
b10101111 C
b10101111 7
b1011101001 E
1'
#209920000
0'
#209961000
b100111111000 >
b100111111000 2
b10101110 7
b10101110 C
b1011101010 E
1'
#210002000
0'
#210043000
b100111111001 2
b100111111001 >
b10101101 C
b10101101 7
b1011101011 E
1'
#210084000
0'
#210125000
b100111111010 >
b100111111010 2
b10101100 7
b10101100 C
b1011101100 E
1'
#210166000
0'
#210207000
b100111111011 2
b100111111011 >
b10101011 C
b10101011 7
b1011101101 E
1'
#210248000
0'
#210289000
b100111111100 >
b100111111100 2
b10101010 7
b10101010 C
b1011101110 E
1'
#210330000
0'
#210371000
b100111111101 2
b100111111101 >
b10101001 C
b10101001 7
b1011101111 E
1'
#210412000
0'
#210453000
b100111111110 >
b100111111110 2
b10101000 7
b10101000 C
b1011110000 E
1'
#210494000
0'
#210535000
b100111111111 2
b100111111111 >
b10100111 C
b10100111 7
b1011110001 E
1'
#210576000
0'
#210617000
b101000000000 >
b101000000000 2
b10100110 7
b10100110 C
b1011110010 E
1'
#210658000
0'
#210699000
b101000000001 2
b101000000001 >
b10100101 C
b10100101 7
b1011110011 E
1'
#210740000
0'
#210781000
b101000000010 >
b101000000010 2
b10100100 7
b10100100 C
b1011110100 E
1'
#210822000
0'
#210863000
b101000000011 2
b101000000011 >
b10100011 C
b10100011 7
b1011110101 E
1'
#210904000
0'
#210945000
b101000000100 >
b101000000100 2
b10100010 7
b10100010 C
b1011110110 E
1'
#210986000
0'
#211027000
b101000000101 2
b101000000101 >
b10100001 C
b10100001 7
b1011110111 E
1'
#211068000
0'
#211109000
b101000000110 >
b101000000110 2
b10100000 7
b10100000 C
b1011111000 E
1'
#211150000
0'
#211191000
b101000000111 2
b101000000111 >
b10011111 C
b10011111 7
b1011111001 E
1'
#211232000
0'
#211273000
b101000001000 >
b101000001000 2
b10011110 7
b10011110 C
b1011111010 E
1'
#211314000
0'
#211355000
b101000001001 2
b101000001001 >
b10011101 C
b10011101 7
b1011111011 E
1'
#211396000
0'
#211437000
b101000001010 >
b101000001010 2
b10011100 7
b10011100 C
b1011111100 E
1'
#211478000
0'
#211519000
b101000001011 2
b101000001011 >
b10011011 C
b10011011 7
b1011111101 E
1'
#211560000
0'
#211601000
b101000001100 >
b101000001100 2
b10011010 7
b10011010 C
b1011111110 E
1'
#211642000
0'
#211683000
b101000001101 2
b101000001101 >
b10011001 C
b10011001 7
b1011111111 E
1'
#211724000
0'
#211765000
b101000001110 >
b101000001110 2
b10011000 7
b10011000 C
b1100000000 E
1'
#211806000
0'
#211847000
b101000001111 2
b101000001111 >
b10010111 C
b10010111 7
b1100000001 E
1'
#211888000
0'
#211929000
b101000010000 >
b101000010000 2
b10010110 7
b10010110 C
b1100000010 E
1'
#211970000
0'
#212011000
b101000010001 2
b101000010001 >
b10010101 C
b10010101 7
b1100000011 E
1'
#212052000
0'
#212093000
b101000010010 >
b101000010010 2
b10010100 7
b10010100 C
b1100000100 E
1'
#212134000
0'
#212175000
b101000010011 2
b101000010011 >
b10010011 C
b10010011 7
b1100000101 E
1'
#212216000
0'
#212257000
b101000010100 >
b101000010100 2
b10010010 7
b10010010 C
b1100000110 E
1'
#212298000
0'
#212339000
b101000010101 2
b101000010101 >
b10010001 C
b10010001 7
b1100000111 E
1'
#212380000
0'
#212421000
b101000010110 >
b101000010110 2
b10010000 7
b10010000 C
b1100001000 E
1'
#212462000
0'
#212503000
b101000010111 2
b101000010111 >
b10001111 C
b10001111 7
b1100001001 E
1'
#212544000
0'
#212585000
b101000011000 >
b101000011000 2
b10001110 7
b10001110 C
b1100001010 E
1'
#212626000
0'
#212667000
b101000011001 2
b101000011001 >
b10001101 C
b10001101 7
b1100001011 E
1'
#212708000
0'
#212749000
b101000011010 >
b101000011010 2
b10001100 7
b10001100 C
b1100001100 E
1'
#212790000
0'
#212831000
b101000011011 2
b101000011011 >
b10001011 C
b10001011 7
b1100001101 E
1'
#212872000
0'
#212913000
b101000011100 >
b101000011100 2
b10001010 7
b10001010 C
b1100001110 E
1'
#212954000
0'
#212995000
b101000011101 2
b101000011101 >
b10001001 C
b10001001 7
b1100001111 E
1'
#213036000
0'
#213077000
b101000011110 >
b101000011110 2
b10001000 7
b10001000 C
b1100010000 E
1'
#213118000
0'
#213159000
b101000011111 2
b101000011111 >
b10000111 C
b10000111 7
b1100010001 E
1'
#213200000
0'
#213241000
b101000100000 >
b101000100000 2
b10000110 7
b10000110 C
b1100010010 E
1'
#213282000
0'
#213323000
b101000100001 2
b101000100001 >
b10000101 C
b10000101 7
b1100010011 E
1'
#213364000
0'
#213405000
b101000100010 >
b101000100010 2
b10000100 7
b10000100 C
b1100010100 E
1'
#213446000
0'
#213487000
b101000100011 2
b101000100011 >
b10000011 C
b10000011 7
b1100010101 E
1'
#213528000
0'
#213569000
b101000100100 >
b101000100100 2
b10000010 7
b10000010 C
b1100010110 E
1'
#213610000
0'
#213651000
b101000100101 2
b101000100101 >
b10000001 C
b10000001 7
b1100010111 E
1'
#213692000
0'
#213733000
b101000100110 >
b101000100110 2
b10000000 7
b10000000 C
b1100011000 E
1'
#213774000
0'
#213815000
b101000100111 2
b101000100111 >
b1111111 C
b1111111 7
b1100011001 E
1'
#213856000
0'
#213897000
b101000101000 >
b101000101000 2
b1111110 7
b1111110 C
b1100011010 E
1'
#213938000
0'
#213979000
b101000101001 2
b101000101001 >
b1111101 C
b1111101 7
b1100011011 E
1'
#214020000
0'
#214061000
b101000101010 >
b101000101010 2
b1111100 7
b1111100 C
b1100011100 E
1'
#214102000
0'
#214143000
b101000101011 2
b101000101011 >
b1111011 C
b1111011 7
b1100011101 E
1'
#214184000
0'
#214225000
b101000101100 >
b101000101100 2
b1111010 7
b1111010 C
b1100011110 E
1'
#214266000
0'
#214307000
b101000101101 2
b101000101101 >
b1111001 C
b1111001 7
b1100011111 E
1'
#214348000
0'
#214389000
b101000101110 >
b101000101110 2
b1111000 7
b1111000 C
b1100100000 E
1'
#214430000
0'
#214471000
b101000101111 2
b101000101111 >
b1110111 C
b1110111 7
b1100100001 E
1'
#214512000
0'
#214553000
b101000110000 >
b101000110000 2
b1110110 7
b1110110 C
b1100100010 E
1'
#214594000
0'
#214635000
b101000110001 2
b101000110001 >
b1110101 C
b1110101 7
b1100100011 E
1'
#214676000
0'
#214717000
b101000110010 >
b101000110010 2
b1110100 7
b1110100 C
b1100100100 E
1'
#214758000
0'
#214799000
b101000110011 2
b101000110011 >
b1110011 C
b1110011 7
b1100100101 E
1'
#214840000
0'
#214881000
b101000110100 >
b101000110100 2
b1110010 7
b1110010 C
b1100100110 E
1'
#214922000
0'
#214963000
b101000110101 2
b101000110101 >
b1110001 C
b1110001 7
b1100100111 E
1'
#215004000
0'
#215045000
b101000110110 >
b101000110110 2
b1110000 7
b1110000 C
b1100101000 E
1'
#215086000
0'
#215127000
b101000110111 2
b101000110111 >
b1101111 C
b1101111 7
b1100101001 E
1'
#215168000
0'
#215209000
b101000111000 >
b101000111000 2
b1101110 7
b1101110 C
b1100101010 E
1'
#215250000
0'
#215291000
b101000111001 2
b101000111001 >
b1101101 C
b1101101 7
b1100101011 E
1'
#215332000
0'
#215373000
b101000111010 >
b101000111010 2
b1101100 7
b1101100 C
b1100101100 E
1'
#215414000
0'
#215455000
b101000111011 2
b101000111011 >
b1101011 C
b1101011 7
b1100101101 E
1'
#215496000
0'
#215537000
b101000111100 >
b101000111100 2
b1101010 7
b1101010 C
b1100101110 E
1'
#215578000
0'
#215619000
b101000111101 2
b101000111101 >
b1101001 C
b1101001 7
b1100101111 E
1'
#215660000
0'
#215701000
b101000111110 >
b101000111110 2
b1101000 7
b1101000 C
b1100110000 E
1'
#215742000
0'
#215783000
b101000111111 2
b101000111111 >
b1100111 C
b1100111 7
b1100110001 E
1'
#215824000
0'
#215865000
b101001000000 >
b101001000000 2
b1100110 7
b1100110 C
b1100110010 E
1'
#215906000
0'
#215947000
b101001000001 2
b101001000001 >
b1100101 C
b1100101 7
b1100110011 E
1'
#215988000
0'
#216029000
b101001000010 >
b101001000010 2
b1100100 7
b1100100 C
b1100110100 E
1'
#216070000
0'
#216111000
b101001000011 2
b101001000011 >
b1100011 C
b1100011 7
b1100110101 E
1'
#216152000
0'
#216193000
b101001000100 >
b101001000100 2
b1100010 7
b1100010 C
b1100110110 E
1'
#216234000
0'
#216275000
b101001000101 2
b101001000101 >
b1100001 C
b1100001 7
b1100110111 E
1'
#216316000
0'
#216357000
b101001000110 >
b101001000110 2
b1100000 7
b1100000 C
b1100111000 E
1'
#216398000
0'
#216439000
b101001000111 2
b101001000111 >
b1011111 C
b1011111 7
b1100111001 E
1'
#216480000
0'
#216521000
b101001001000 >
b101001001000 2
b1011110 7
b1011110 C
b1100111010 E
1'
#216562000
0'
#216603000
b101001001001 2
b101001001001 >
b1011101 C
b1011101 7
b1100111011 E
1'
#216644000
0'
#216685000
b101001001010 >
b101001001010 2
b1011100 7
b1011100 C
b1100111100 E
1'
#216726000
0'
#216767000
b101001001011 2
b101001001011 >
b1011011 C
b1011011 7
b1100111101 E
1'
#216808000
0'
#216849000
b101001001100 >
b101001001100 2
b1011010 7
b1011010 C
b1100111110 E
1'
#216890000
0'
#216931000
b101001001101 2
b101001001101 >
b1011001 C
b1011001 7
b1100111111 E
1'
#216972000
0'
#217013000
b101001001110 >
b101001001110 2
b1011000 7
b1011000 C
b1101000000 E
1'
#217054000
0'
#217095000
b101001001111 2
b101001001111 >
b1010111 C
b1010111 7
b1101000001 E
1'
#217136000
0'
#217177000
b101001010000 >
b101001010000 2
b1010110 7
b1010110 C
b1101000010 E
1'
#217218000
0'
#217259000
b101001010001 2
b101001010001 >
b1010101 C
b1010101 7
b1101000011 E
1'
#217300000
0'
#217341000
b101001010010 >
b101001010010 2
b1010100 7
b1010100 C
b1101000100 E
1'
#217382000
0'
#217423000
b101001010011 2
b101001010011 >
b1010011 C
b1010011 7
b1101000101 E
1'
#217464000
0'
#217505000
b101001010100 >
b101001010100 2
b1010010 7
b1010010 C
b1101000110 E
1'
#217546000
0'
#217587000
b101001010101 2
b101001010101 >
b1010001 C
b1010001 7
b1101000111 E
1'
#217628000
0'
#217669000
b101001010110 >
b101001010110 2
b1010000 7
b1010000 C
b1101001000 E
1'
#217710000
0'
#217751000
b101001010111 2
b101001010111 >
b1001111 C
b1001111 7
b1101001001 E
1'
#217792000
0'
#217833000
b101001011000 >
b101001011000 2
b1001110 7
b1001110 C
b1101001010 E
1'
#217874000
0'
#217915000
b101001011001 2
b101001011001 >
b1001101 C
b1001101 7
b1101001011 E
1'
#217956000
0'
#217997000
b101001011010 >
b101001011010 2
b1001100 7
b1001100 C
b1101001100 E
1'
#218038000
0'
#218079000
b101001011011 2
b101001011011 >
b1001011 C
b1001011 7
b1101001101 E
1'
#218120000
0'
#218161000
b101001011100 >
b101001011100 2
b1001010 7
b1001010 C
b1101001110 E
1'
#218202000
0'
#218243000
b101001011101 2
b101001011101 >
b1001001 C
b1001001 7
b1101001111 E
1'
#218284000
0'
#218325000
b101001011110 >
b101001011110 2
b1001000 7
b1001000 C
b1101010000 E
1'
#218366000
0'
#218407000
b101001011111 2
b101001011111 >
b1000111 C
b1000111 7
b1101010001 E
1'
#218448000
0'
#218489000
b101001100000 >
b101001100000 2
b1000110 7
b1000110 C
b1101010010 E
1'
#218530000
0'
#218571000
b101001100001 2
b101001100001 >
b1000101 C
b1000101 7
b1101010011 E
1'
#218612000
0'
#218653000
b101001100010 >
b101001100010 2
b1000100 7
b1000100 C
b1101010100 E
1'
#218694000
0'
#218735000
b101001100011 2
b101001100011 >
b1000011 C
b1000011 7
b1101010101 E
1'
#218776000
0'
#218817000
b101001100100 >
b101001100100 2
b1000010 7
b1000010 C
b1101010110 E
1'
#218858000
0'
#218899000
b101001100101 2
b101001100101 >
b1000001 C
b1000001 7
b1101010111 E
1'
#218940000
0'
#218981000
b101001100110 >
b101001100110 2
b1000000 7
b1000000 C
b1101011000 E
1'
#219022000
0'
#219063000
b101001100111 2
b101001100111 >
b111111 C
b111111 7
b1101011001 E
1'
#219104000
0'
#219145000
b101001101000 >
b101001101000 2
b111110 7
b111110 C
b1101011010 E
1'
#219186000
0'
#219227000
b101001101001 2
b101001101001 >
b111101 C
b111101 7
b1101011011 E
1'
#219268000
0'
#219309000
b101001101010 >
b101001101010 2
b111100 7
b111100 C
b1101011100 E
1'
#219350000
0'
#219391000
b101001101011 2
b101001101011 >
b111011 C
b111011 7
b1101011101 E
1'
#219432000
0'
#219473000
b101001101100 >
b101001101100 2
b111010 7
b111010 C
b1101011110 E
1'
#219514000
0'
#219555000
b101001101101 2
b101001101101 >
b111001 C
b111001 7
b1101011111 E
1'
#219596000
0'
#219637000
b101001101110 >
b101001101110 2
b111000 7
b111000 C
b1101100000 E
1'
#219678000
0'
#219719000
b101001101111 2
b101001101111 >
b110111 C
b110111 7
b1101100001 E
1'
#219760000
0'
#219801000
b101001110000 >
b101001110000 2
b110110 7
b110110 C
b1101100010 E
1'
#219842000
0'
#219883000
b101001110001 2
b101001110001 >
b110101 C
b110101 7
b1101100011 E
1'
#219924000
0'
#219965000
b101001110010 >
b101001110010 2
b110100 7
b110100 C
b1101100100 E
1'
#220006000
0'
#220047000
b101001110011 2
b101001110011 >
b110011 C
b110011 7
b1101100101 E
1'
#220088000
0'
#220129000
b101001110100 >
b101001110100 2
b110010 7
b110010 C
b1101100110 E
1'
#220170000
0'
#220211000
b101001110101 2
b101001110101 >
b110001 C
b110001 7
b1101100111 E
1'
#220252000
0'
#220293000
b101001110110 >
b101001110110 2
b110000 7
b110000 C
b1101101000 E
1'
#220334000
0'
#220375000
b101001110111 2
b101001110111 >
b101111 C
b101111 7
b1101101001 E
1'
#220416000
0'
#220457000
b101001111000 >
b101001111000 2
b101110 7
b101110 C
b1101101010 E
1'
#220498000
0'
#220539000
b101001111001 2
b101001111001 >
b101101 C
b101101 7
b1101101011 E
1'
#220580000
0'
#220621000
b101001111010 >
b101001111010 2
b101100 7
b101100 C
b1101101100 E
1'
#220662000
0'
#220703000
b101001111011 2
b101001111011 >
b101011 C
b101011 7
b1101101101 E
1'
#220744000
0'
#220785000
b101001111100 >
b101001111100 2
b101010 7
b101010 C
b1101101110 E
1'
#220826000
0'
#220867000
b101001111101 2
b101001111101 >
b101001 C
b101001 7
b1101101111 E
1'
#220908000
0'
#220949000
b101001111110 >
b101001111110 2
b101000 7
b101000 C
b1101110000 E
1'
#220990000
0'
#221031000
b101001111111 2
b101001111111 >
b100111 C
b100111 7
b1101110001 E
1'
#221072000
0'
#221113000
b101010000000 >
b101010000000 2
b100110 7
b100110 C
b1101110010 E
1'
#221154000
0'
#221195000
b101010000001 2
b101010000001 >
b100101 C
b100101 7
b1101110011 E
1'
#221236000
0'
#221277000
b101010000010 >
b101010000010 2
b100100 7
b100100 C
b1101110100 E
1'
#221318000
0'
#221359000
b101010000011 2
b101010000011 >
b100011 C
b100011 7
b1101110101 E
1'
#221400000
0'
#221441000
b101010000100 >
b101010000100 2
b100010 7
b100010 C
b1101110110 E
1'
#221482000
0'
#221523000
b101010000101 2
b101010000101 >
b100001 C
b100001 7
b1101110111 E
1'
#221564000
0'
#221605000
b101010000110 >
b101010000110 2
b100000 7
b100000 C
b1101111000 E
1'
#221646000
0'
#221687000
b101010000111 2
b101010000111 >
b11111 C
b11111 7
b1101111001 E
1'
#221728000
0'
#221769000
b101010001000 >
b101010001000 2
b11110 7
b11110 C
b1101111010 E
1'
#221810000
0'
#221851000
b101010001001 2
b101010001001 >
b11101 C
b11101 7
b1101111011 E
1'
#221892000
0'
#221933000
b101010001010 >
b101010001010 2
b11100 7
b11100 C
b1101111100 E
1'
#221974000
0'
#222015000
b101010001011 2
b101010001011 >
b11011 C
b11011 7
b1101111101 E
1'
#222056000
0'
#222097000
b101010001100 >
b101010001100 2
b11010 7
b11010 C
b1101111110 E
1'
#222138000
0'
#222179000
b101010001101 2
b101010001101 >
b11001 C
b11001 7
b1101111111 E
1'
#222220000
0'
#222261000
b101010001110 >
b101010001110 2
b11000 7
b11000 C
b1110000000 E
1'
#222302000
0'
#222343000
b101010001111 2
b101010001111 >
b10111 C
b10111 7
b1110000001 E
1'
#222384000
0'
#222425000
b101010010000 >
b101010010000 2
b10110 7
b10110 C
b1110000010 E
1'
#222466000
0'
#222507000
b101010010001 2
b101010010001 >
b10101 C
b10101 7
b1110000011 E
1'
#222548000
0'
#222589000
b101010010010 >
b101010010010 2
b10100 7
b10100 C
b1110000100 E
1'
#222630000
0'
#222671000
b101010010011 2
b101010010011 >
b10011 C
b10011 7
b1110000101 E
1'
#222712000
0'
#222753000
b101010010100 >
b101010010100 2
b10010 7
b10010 C
b1110000110 E
1'
#222794000
0'
#222835000
b101010010101 2
b101010010101 >
b10001 C
b10001 7
b1110000111 E
1'
#222876000
0'
#222917000
b101010010110 >
b101010010110 2
b10000 7
b10000 C
b1110001000 E
1'
#222958000
0'
#222999000
b101010010111 2
b101010010111 >
b1111 C
b1111 7
b1110001001 E
1'
#223040000
0'
#223081000
b101010011000 >
b101010011000 2
b1110 7
b1110 C
b1110001010 E
1'
#223122000
0'
#223163000
b101010011001 2
b101010011001 >
b1101 C
b1101 7
b1110001011 E
1'
#223204000
0'
#223245000
b101010011010 >
b101010011010 2
b1100 7
b1100 C
b1110001100 E
1'
#223286000
0'
#223327000
b101010011011 2
b101010011011 >
b1011 C
b1011 7
b1110001101 E
1'
#223368000
0'
#223409000
b101010011100 >
b101010011100 2
b1010 7
b1010 C
b1110001110 E
1'
#223450000
0'
#223491000
b101010011101 2
b101010011101 >
b1001 C
b1001 7
b1110001111 E
1'
#223532000
0'
#223573000
b101010011110 >
b101010011110 2
b1000 7
b1000 C
b1110010000 E
1'
#223614000
0'
#223655000
b101010011111 2
b101010011111 >
b111 C
b111 7
b1110010001 E
1'
#223696000
0'
#223737000
b101010100000 >
b101010100000 2
b110 7
b110 C
b1110010010 E
1'
#223778000
0'
#223819000
b101010100001 2
b101010100001 >
b101 C
b101 7
b1110010011 E
1'
#223860000
0'
#223901000
b101010100010 >
b101010100010 2
b100 7
b100 C
b1110010100 E
1'
#223942000
0'
#223983000
b101010100011 2
b101010100011 >
b11 C
b11 7
b1110010101 E
1'
#224024000
0'
#224065000
b101010100100 >
b101010100100 2
b10 7
b10 C
b1110010110 E
1'
#224106000
0'
#224147000
b101010100101 2
b101010100101 >
b1 C
b1 7
b1110010111 E
1'
#224188000
0'
#224229000
b101010100110 >
b101010100110 2
b0 7
b0 C
b1110011000 E
1'
#224270000
0'
#224311000
b101010100111 2
b101010100111 >
0;
b101010111 C
0%
0/
b101010111 7
b1110011001 E
1'
#224352000
0'
#224393000
b101010101000 >
b101010101000 2
b101010110 7
b101010110 C
b1110011010 E
1'
#224434000
0'
#224475000
b101010101001 2
b101010101001 >
b101010101 C
b101010101 7
b1110011011 E
1'
#224516000
0'
#224557000
b101010101010 >
b101010101010 2
b101010100 7
b101010100 C
b1110011100 E
1'
#224598000
0'
#224639000
b101010101011 2
b101010101011 >
b101010011 C
b101010011 7
b1110011101 E
1'
#224680000
0'
#224721000
b101010101100 >
b101010101100 2
b101010010 7
b101010010 C
b1110011110 E
1'
#224762000
0'
#224803000
b101010101101 2
b101010101101 >
b101010001 C
b101010001 7
b1110011111 E
1'
#224844000
0'
#224885000
b101010101110 >
b101010101110 2
b101010000 7
b101010000 C
b1110100000 E
1'
#224926000
0'
#224967000
b101010101111 2
b101010101111 >
b101001111 C
b101001111 7
b1110100001 E
1'
#225008000
0'
#225049000
b101010110000 >
b101010110000 2
b101001110 7
b101001110 C
b1110100010 E
1'
#225090000
0'
#225131000
b101010110001 2
b101010110001 >
b101001101 C
b101001101 7
b1110100011 E
1'
#225172000
0'
#225213000
b101010110010 >
b101010110010 2
b101001100 7
b101001100 C
b1110100100 E
1'
#225254000
0'
#225295000
b101010110011 2
b101010110011 >
b101001011 C
b101001011 7
b1110100101 E
1'
#225336000
0'
#225377000
b101010110100 >
b101010110100 2
b101001010 7
b101001010 C
b1110100110 E
1'
#225418000
0'
#225459000
b101010110101 2
b101010110101 >
b101001001 C
b101001001 7
b1110100111 E
1'
#225500000
0'
#225541000
b101010110110 >
b101010110110 2
b101001000 7
b101001000 C
b1110101000 E
1'
#225582000
0'
#225623000
b101010110111 2
b101010110111 >
b101000111 C
b101000111 7
b1110101001 E
1'
#225664000
0'
#225705000
b101010111000 >
b101010111000 2
b101000110 7
b101000110 C
b1110101010 E
1'
#225746000
0'
#225787000
b101010111001 2
b101010111001 >
b101000101 C
b101000101 7
b1110101011 E
1'
#225828000
0'
#225869000
b101010111010 >
b101010111010 2
b101000100 7
b101000100 C
b1110101100 E
1'
#225910000
0'
#225951000
b101010111011 2
b101010111011 >
b101000011 C
b101000011 7
b1110101101 E
1'
#225992000
0'
#226033000
b101010111100 >
b101010111100 2
b101000010 7
b101000010 C
b1110101110 E
1'
#226074000
0'
#226115000
b101010111101 2
b101010111101 >
b101000001 C
b101000001 7
b1110101111 E
1'
#226156000
0'
#226197000
b101010111110 >
b101010111110 2
b101000000 7
b101000000 C
b1110110000 E
1'
#226238000
0'
#226279000
b101010111111 2
b101010111111 >
b100111111 C
b100111111 7
b1110110001 E
1'
#226320000
0'
#226361000
b101011000000 >
b101011000000 2
b100111110 7
b100111110 C
b1110110010 E
1'
#226402000
0'
#226443000
b101011000001 2
b101011000001 >
b100111101 C
b100111101 7
b1110110011 E
1'
#226484000
0'
#226525000
b101011000010 >
b101011000010 2
b100111100 7
b100111100 C
b1110110100 E
1'
#226566000
0'
#226607000
b101011000011 2
b101011000011 >
b100111011 C
b100111011 7
b1110110101 E
1'
#226648000
0'
#226689000
b101011000100 >
b101011000100 2
b100111010 7
b100111010 C
b1110110110 E
1'
#226730000
0'
#226771000
b101011000101 2
b101011000101 >
b100111001 C
b100111001 7
b1110110111 E
1'
#226812000
0'
#226853000
b101011000110 >
b101011000110 2
b100111000 7
b100111000 C
b1110111000 E
1'
#226894000
0'
#226935000
b101011000111 2
b101011000111 >
b100110111 C
b100110111 7
b1110111001 E
1'
#226976000
0'
#227017000
b101011001000 >
b101011001000 2
b100110110 7
b100110110 C
b1110111010 E
1'
#227058000
0'
#227099000
b101011001001 2
b101011001001 >
b100110101 C
b100110101 7
b1110111011 E
1'
#227140000
0'
#227181000
b101011001010 >
b101011001010 2
b100110100 7
b100110100 C
b1110111100 E
1'
#227222000
0'
#227263000
b101011001011 2
b101011001011 >
b100110011 C
b100110011 7
b1110111101 E
1'
#227304000
0'
#227345000
b101011001100 >
b101011001100 2
b100110010 7
b100110010 C
b1110111110 E
1'
#227386000
0'
#227427000
b101011001101 2
b101011001101 >
b100110001 C
b100110001 7
b1110111111 E
1'
#227468000
0'
#227509000
b101011001110 >
b101011001110 2
b100110000 7
b100110000 C
b1111000000 E
1'
#227550000
0'
#227591000
b101011001111 2
b101011001111 >
b100101111 C
b100101111 7
b1111000001 E
1'
#227632000
0'
#227673000
b101011010000 >
b101011010000 2
b100101110 7
b100101110 C
b1111000010 E
1'
#227714000
0'
#227755000
b101011010001 2
b101011010001 >
b100101101 C
b100101101 7
b1111000011 E
1'
#227796000
0'
#227837000
b101011010010 >
b101011010010 2
b100101100 7
b100101100 C
b1111000100 E
1'
#227878000
0'
#227919000
b101011010011 2
b101011010011 >
b100101011 C
b100101011 7
b1111000101 E
1'
#227960000
0'
#228001000
b101011010100 >
b101011010100 2
b100101010 7
b100101010 C
b1111000110 E
1'
#228042000
0'
#228083000
b101011010101 2
b101011010101 >
b100101001 C
b100101001 7
b1111000111 E
1'
#228124000
0'
#228165000
b101011010110 >
b101011010110 2
b100101000 7
b100101000 C
b1111001000 E
1'
#228206000
0'
#228247000
b101011010111 2
b101011010111 >
b100100111 C
b100100111 7
b1111001001 E
1'
#228288000
0'
#228329000
b101011011000 >
b101011011000 2
b100100110 7
b100100110 C
b1111001010 E
1'
#228370000
0'
#228411000
b101011011001 2
b101011011001 >
b100100101 C
b100100101 7
b1111001011 E
1'
#228452000
0'
#228493000
b101011011010 >
b101011011010 2
b100100100 7
b100100100 C
b1111001100 E
1'
#228534000
0'
#228575000
b101011011011 2
b101011011011 >
b100100011 C
b100100011 7
b1111001101 E
1'
#228616000
0'
#228657000
b101011011100 >
b101011011100 2
b100100010 7
b100100010 C
b1111001110 E
1'
#228698000
0'
#228739000
b101011011101 2
b101011011101 >
b100100001 C
b100100001 7
b1111001111 E
1'
#228780000
0'
#228821000
b101011011110 >
b101011011110 2
b100100000 7
b100100000 C
b1111010000 E
1'
#228862000
0'
#228903000
b101011011111 2
b101011011111 >
b100011111 C
b100011111 7
b1111010001 E
1'
#228944000
0'
#228985000
b101011100000 >
b101011100000 2
b100011110 7
b100011110 C
b1111010010 E
1'
#229026000
0'
#229067000
b101011100001 2
b101011100001 >
b100011101 C
b100011101 7
b1111010011 E
1'
#229108000
0'
#229149000
b101011100010 >
b101011100010 2
b100011100 7
b100011100 C
b1111010100 E
1'
#229190000
0'
#229231000
b101011100011 2
b101011100011 >
b100011011 C
b100011011 7
b1111010101 E
1'
#229272000
0'
#229313000
b101011100100 >
b101011100100 2
b100011010 7
b100011010 C
b1111010110 E
1'
#229354000
0'
#229395000
b101011100101 2
b101011100101 >
b100011001 C
b100011001 7
b1111010111 E
1'
#229436000
0'
#229477000
b101011100110 >
b101011100110 2
b100011000 7
b100011000 C
b1111011000 E
1'
#229518000
0'
#229559000
b101011100111 2
b101011100111 >
b100010111 C
b100010111 7
b1111011001 E
1'
#229600000
0'
#229641000
b101011101000 >
b101011101000 2
b100010110 7
b100010110 C
b1111011010 E
1'
#229682000
0'
#229723000
b101011101001 2
b101011101001 >
b100010101 C
b100010101 7
b1111011011 E
1'
#229764000
0'
#229805000
b101011101010 >
b101011101010 2
b100010100 7
b100010100 C
b1111011100 E
1'
#229846000
0'
#229887000
b101011101011 2
b101011101011 >
b100010011 C
b100010011 7
b1111011101 E
1'
#229928000
0'
#229969000
b101011101100 >
b101011101100 2
b100010010 7
b100010010 C
b1111011110 E
1'
#230010000
0'
#230051000
b101011101101 2
b101011101101 >
b100010001 C
b100010001 7
b1111011111 E
1'
#230092000
0'
#230133000
b101011101110 >
b101011101110 2
b100010000 7
b100010000 C
b1111100000 E
1'
#230174000
0'
#230215000
b101011101111 2
b101011101111 >
b100001111 C
b100001111 7
b1111100001 E
1'
#230256000
0'
#230297000
b101011110000 >
b101011110000 2
b100001110 7
b100001110 C
b1111100010 E
1'
#230338000
0'
#230379000
b101011110001 2
b101011110001 >
b100001101 C
b100001101 7
b1111100011 E
1'
#230420000
0'
#230461000
b101011110010 >
b101011110010 2
b100001100 7
b100001100 C
b1111100100 E
1'
#230502000
0'
#230543000
b101011110011 2
b101011110011 >
b100001011 C
b100001011 7
b1111100101 E
1'
#230584000
0'
#230625000
b101011110100 >
b101011110100 2
b100001010 7
b100001010 C
b1111100110 E
1'
#230666000
0'
#230707000
b101011110101 2
b101011110101 >
b100001001 C
b100001001 7
b1111100111 E
1'
#230748000
0'
#230789000
0=
b101011110110 >
0,
01
b101011110110 2
b100001000 7
b100001000 C
b1010 F
0(
b1111101000 E
1'
#230830000
0'
#230871000
b101011110111 2
b101011110111 >
b0 C
b0 7
1'
#230912000
0'
#230953000
b101011111000 >
b101011111000 2
1'
#230994000
0'
#231035000
b101011111001 2
b101011111001 >
1'
#231076000
0'
#231117000
b101011111010 >
b101011111010 2
1'
#231158000
0'
#231199000
b101011111011 2
b101011111011 >
1'
#231240000
0'
#231281000
b101011111100 >
b101011111100 2
1'
#231322000
0'
#231363000
b101011111101 2
b101011111101 >
1'
#231404000
0'
#231445000
b101011111110 >
b101011111110 2
1'
#231486000
0'
#231527000
b101011111111 2
b101011111111 >
1'
#231568000
0'
#231609000
1=
b101100000000 >
1,
11
b101100000000 2
b1100100000 F
1)
1'
#231650000
0'
#231691000
b101100000001 2
b101100000001 >
1;
b101010111 C
1%
1/
b101010111 7
1'
#231732000
0'
#231773000
b101100000010 >
b101100000010 2
b101010110 7
b101010110 C
1'
#231814000
0'
#231855000
b101100000011 2
b101100000011 >
b101010101 C
b101010101 7
1'
#231896000
0'
#231937000
b101100000100 >
b101100000100 2
b101010100 7
b101010100 C
1'
#231978000
0'
#232019000
b101100000101 2
b101100000101 >
b101010011 C
b101010011 7
1'
#232060000
0'
#232101000
b101100000110 >
b101100000110 2
b101010010 7
b101010010 C
1'
#232142000
0'
#232183000
b101100000111 2
b101100000111 >
b101010001 C
b101010001 7
1'
#232224000
0'
#232265000
b101100001000 >
b101100001000 2
b101010000 7
b101010000 C
1'
#232306000
0'
#232347000
b101100001001 2
b101100001001 >
b101001111 C
b101001111 7
1'
#232388000
0'
#232429000
b101100001010 >
b101100001010 2
b101001110 7
b101001110 C
1'
#232470000
0'
#232511000
b101100001011 2
b101100001011 >
b101001101 C
b101001101 7
1'
#232552000
0'
#232593000
b101100001100 >
b101100001100 2
b101001100 7
b101001100 C
1'
#232634000
0'
#232675000
b101100001101 2
b101100001101 >
b101001011 C
b101001011 7
1'
#232716000
0'
#232757000
b101100001110 >
b101100001110 2
b101001010 7
b101001010 C
1'
#232798000
0'
#232839000
b101100001111 2
b101100001111 >
b101001001 C
b101001001 7
1'
#232880000
0'
#232921000
b101100010000 >
b101100010000 2
b101001000 7
b101001000 C
1'
#232962000
0'
#233003000
b101100010001 2
b101100010001 >
b101000111 C
b101000111 7
1'
#233044000
0'
#233085000
b101100010010 >
b101100010010 2
b101000110 7
b101000110 C
1'
#233126000
0'
#233167000
b101100010011 2
b101100010011 >
b101000101 C
b101000101 7
1'
#233208000
0'
#233249000
b101100010100 >
b101100010100 2
b101000100 7
b101000100 C
1'
#233290000
0'
#233331000
b101100010101 2
b101100010101 >
b101000011 C
b101000011 7
1'
#233372000
0'
#233413000
b101100010110 >
b101100010110 2
b101000010 7
b101000010 C
1'
#233454000
0'
#233495000
b101100010111 2
b101100010111 >
b101000001 C
b101000001 7
1'
#233536000
0'
#233577000
b101100011000 >
b101100011000 2
b101000000 7
b101000000 C
1'
#233618000
0'
#233659000
b101100011001 2
b101100011001 >
b100111111 C
b100111111 7
1'
#233700000
0'
#233741000
b101100011010 >
b101100011010 2
b100111110 7
b100111110 C
1'
#233782000
0'
#233823000
b101100011011 2
b101100011011 >
b100111101 C
b100111101 7
1'
#233864000
0'
#233905000
b101100011100 >
b101100011100 2
b100111100 7
b100111100 C
1'
#233946000
0'
#233987000
b101100011101 2
b101100011101 >
b100111011 C
b100111011 7
1'
#234028000
0'
#234069000
b101100011110 >
b101100011110 2
b100111010 7
b100111010 C
1'
#234110000
0'
#234151000
b101100011111 2
b101100011111 >
b100111001 C
b100111001 7
1'
#234192000
0'
#234233000
b101100100000 >
b101100100000 2
b100111000 7
b100111000 C
1'
#234274000
0'
#234315000
b101100100001 2
b101100100001 >
b100110111 C
b100110111 7
1'
#234356000
0'
#234397000
b101100100010 >
b101100100010 2
b100110110 7
b100110110 C
1'
#234438000
0'
#234479000
b101100100011 2
b101100100011 >
b100110101 C
b100110101 7
1'
#234520000
0'
#234561000
b101100100100 >
b101100100100 2
b100110100 7
b100110100 C
1'
#234602000
0'
#234643000
b101100100101 2
b101100100101 >
b100110011 C
b100110011 7
1'
#234684000
0'
#234725000
b101100100110 >
b101100100110 2
b100110010 7
b100110010 C
1'
#234766000
0'
#234807000
b101100100111 2
b101100100111 >
b100110001 C
b100110001 7
1'
#234848000
0'
#234889000
b101100101000 >
b101100101000 2
b100110000 7
b100110000 C
1'
#234930000
0'
#234971000
b101100101001 2
b101100101001 >
b100101111 C
b100101111 7
1'
#235012000
0'
#235053000
b101100101010 >
b101100101010 2
b100101110 7
b100101110 C
1'
#235094000
0'
#235135000
b101100101011 2
b101100101011 >
b100101101 C
b100101101 7
1'
#235176000
0'
#235217000
b101100101100 >
b101100101100 2
b100101100 7
b100101100 C
1'
#235258000
0'
#235299000
b101100101101 2
b101100101101 >
b100101011 C
b100101011 7
1'
#235340000
0'
#235381000
b101100101110 >
b101100101110 2
b100101010 7
b100101010 C
1'
#235422000
0'
#235463000
b101100101111 2
b101100101111 >
b100101001 C
b100101001 7
1'
#235504000
0'
#235545000
b101100110000 >
b101100110000 2
b100101000 7
b100101000 C
1'
#235586000
0'
#235627000
b101100110001 2
b101100110001 >
b100100111 C
b100100111 7
1'
#235668000
0'
#235709000
b101100110010 >
b101100110010 2
b100100110 7
b100100110 C
1'
#235750000
0'
#235791000
b101100110011 2
b101100110011 >
b100100101 C
b100100101 7
1'
#235832000
0'
#235873000
b101100110100 >
b101100110100 2
b100100100 7
b100100100 C
1'
#235914000
0'
#235955000
b101100110101 2
b101100110101 >
b100100011 C
b100100011 7
1'
#235996000
0'
#236037000
b101100110110 >
b101100110110 2
b100100010 7
b100100010 C
1'
#236078000
0'
#236119000
b101100110111 2
b101100110111 >
b100100001 C
b100100001 7
1'
#236160000
0'
#236201000
b101100111000 >
b101100111000 2
b100100000 7
b100100000 C
1'
#236242000
0'
#236283000
b101100111001 2
b101100111001 >
b100011111 C
b100011111 7
1'
#236324000
0'
#236365000
b101100111010 >
b101100111010 2
b100011110 7
b100011110 C
1'
#236406000
0'
#236447000
b101100111011 2
b101100111011 >
b100011101 C
b100011101 7
1'
#236488000
0'
#236529000
b101100111100 >
b101100111100 2
b100011100 7
b100011100 C
1'
#236570000
0'
#236611000
b101100111101 2
b101100111101 >
b100011011 C
b100011011 7
1'
#236652000
0'
#236693000
b101100111110 >
b101100111110 2
b100011010 7
b100011010 C
1'
#236734000
0'
#236775000
b101100111111 2
b101100111111 >
b100011001 C
b100011001 7
1'
#236816000
0'
#236857000
b101101000000 >
b101101000000 2
b100011000 7
b100011000 C
1'
#236898000
0'
#236939000
b101101000001 2
b101101000001 >
b100010111 C
b100010111 7
1'
#236980000
0'
#237021000
b101101000010 >
b101101000010 2
b100010110 7
b100010110 C
1'
#237062000
0'
#237103000
b101101000011 2
b101101000011 >
b100010101 C
b100010101 7
1'
#237144000
0'
#237185000
b101101000100 >
b101101000100 2
b100010100 7
b100010100 C
1'
#237226000
0'
#237267000
b101101000101 2
b101101000101 >
b100010011 C
b100010011 7
1'
#237308000
0'
#237349000
b101101000110 >
b101101000110 2
b100010010 7
b100010010 C
1'
#237390000
0'
#237431000
b101101000111 2
b101101000111 >
b100010001 C
b100010001 7
1'
#237472000
0'
#237513000
b101101001000 >
b101101001000 2
b100010000 7
b100010000 C
1'
#237554000
0'
#237595000
b101101001001 2
b101101001001 >
b100001111 C
b100001111 7
1'
#237636000
0'
#237677000
b101101001010 >
b101101001010 2
b100001110 7
b100001110 C
1'
#237718000
0'
#237759000
b101101001011 2
b101101001011 >
b100001101 C
b100001101 7
1'
#237800000
0'
#237841000
b101101001100 >
b101101001100 2
b100001100 7
b100001100 C
1'
#237882000
0'
#237923000
b101101001101 2
b101101001101 >
b100001011 C
b100001011 7
1'
#237964000
0'
#238005000
b101101001110 >
b101101001110 2
b100001010 7
b100001010 C
1'
#238046000
0'
#238087000
b101101001111 2
b101101001111 >
b100001001 C
b100001001 7
1'
#238128000
0'
#238169000
b101101010000 >
b101101010000 2
b100001000 7
b100001000 C
1'
#238210000
0'
#238251000
b101101010001 2
b101101010001 >
b100000111 C
b100000111 7
1'
#238292000
0'
#238333000
b101101010010 >
b101101010010 2
b100000110 7
b100000110 C
1'
#238374000
0'
#238415000
b101101010011 2
b101101010011 >
b100000101 C
b100000101 7
1'
#238456000
0'
#238497000
b101101010100 >
b101101010100 2
b100000100 7
b100000100 C
1'
#238538000
0'
#238579000
b101101010101 2
b101101010101 >
b100000011 C
b100000011 7
1'
#238620000
0'
#238661000
b101101010110 >
b101101010110 2
b100000010 7
b100000010 C
1'
#238702000
0'
#238743000
b101101010111 2
b101101010111 >
b100000001 C
b100000001 7
1'
#238784000
0'
#238825000
b101101011000 >
b101101011000 2
b100000000 7
b100000000 C
1'
#238866000
0'
#238907000
b101101011001 2
b101101011001 >
b11111111 C
b11111111 7
1'
#238948000
0'
#238989000
b101101011010 >
b101101011010 2
b11111110 7
b11111110 C
1'
#239030000
0'
#239071000
b101101011011 2
b101101011011 >
b11111101 C
b11111101 7
1'
#239112000
0'
#239153000
b101101011100 >
b101101011100 2
b11111100 7
b11111100 C
1'
#239194000
0'
#239235000
b101101011101 2
b101101011101 >
b11111011 C
b11111011 7
1'
#239276000
0'
#239317000
b101101011110 >
b101101011110 2
b11111010 7
b11111010 C
1'
#239358000
0'
#239399000
b101101011111 2
b101101011111 >
b11111001 C
b11111001 7
1'
#239440000
0'
#239481000
b101101100000 >
b101101100000 2
b11111000 7
b11111000 C
1'
#239522000
0'
#239563000
b101101100001 2
b101101100001 >
b11110111 C
b11110111 7
1'
#239604000
0'
#239645000
b101101100010 >
b101101100010 2
b11110110 7
b11110110 C
1'
#239686000
0'
#239727000
b101101100011 2
b101101100011 >
b11110101 C
b11110101 7
1'
#239768000
0'
#239809000
b101101100100 >
b101101100100 2
b11110100 7
b11110100 C
1'
#239850000
0'
#239891000
b101101100101 2
b101101100101 >
b11110011 C
b11110011 7
1'
#239932000
0'
#239973000
b101101100110 >
b101101100110 2
b11110010 7
b11110010 C
1'
#240014000
0'
#240055000
b101101100111 2
b101101100111 >
b11110001 C
b11110001 7
1'
#240096000
0'
#240137000
b101101101000 >
b101101101000 2
b11110000 7
b11110000 C
1'
#240178000
0'
#240219000
b101101101001 2
b101101101001 >
b11101111 C
b11101111 7
1'
#240260000
0'
#240301000
b101101101010 >
b101101101010 2
b11101110 7
b11101110 C
1'
#240342000
0'
#240383000
b101101101011 2
b101101101011 >
b11101101 C
b11101101 7
1'
#240424000
0'
#240465000
b101101101100 >
b101101101100 2
b11101100 7
b11101100 C
1'
#240506000
0'
#240547000
b101101101101 2
b101101101101 >
b11101011 C
b11101011 7
1'
#240588000
0'
#240629000
b101101101110 >
b101101101110 2
b11101010 7
b11101010 C
1'
#240670000
0'
#240711000
b101101101111 2
b101101101111 >
b11101001 C
b11101001 7
1'
#240752000
0'
#240793000
b101101110000 >
b101101110000 2
b11101000 7
b11101000 C
1'
#240834000
0'
#240875000
b101101110001 2
b101101110001 >
b11100111 C
b11100111 7
1'
#240916000
0'
#240957000
b101101110010 >
b101101110010 2
b11100110 7
b11100110 C
1'
#240998000
0'
#241039000
b101101110011 2
b101101110011 >
b11100101 C
b11100101 7
1'
#241080000
0'
#241121000
b101101110100 >
b101101110100 2
b11100100 7
b11100100 C
1'
#241162000
0'
#241203000
b101101110101 2
b101101110101 >
b11100011 C
b11100011 7
1'
#241244000
0'
#241285000
b101101110110 >
b101101110110 2
b11100010 7
b11100010 C
1'
#241326000
0'
#241367000
b101101110111 2
b101101110111 >
b11100001 C
b11100001 7
1'
#241408000
0'
#241449000
b101101111000 >
b101101111000 2
b11100000 7
b11100000 C
1'
#241490000
0'
#241531000
b101101111001 2
b101101111001 >
b11011111 C
b11011111 7
1'
#241572000
0'
#241613000
b101101111010 >
b101101111010 2
b11011110 7
b11011110 C
1'
#241654000
0'
#241695000
b101101111011 2
b101101111011 >
b11011101 C
b11011101 7
1'
#241736000
0'
#241777000
b101101111100 >
b101101111100 2
b11011100 7
b11011100 C
1'
#241818000
0'
#241859000
b101101111101 2
b101101111101 >
b11011011 C
b11011011 7
1'
#241900000
0'
#241941000
b101101111110 >
b101101111110 2
b11011010 7
b11011010 C
1'
#241982000
0'
#242023000
b101101111111 2
b101101111111 >
b11011001 C
b11011001 7
1'
#242064000
0'
#242105000
b101110000000 >
b101110000000 2
b11011000 7
b11011000 C
1'
#242146000
0'
#242187000
b101110000001 2
b101110000001 >
b11010111 C
b11010111 7
1'
#242228000
0'
#242269000
b101110000010 >
b101110000010 2
b11010110 7
b11010110 C
1'
#242310000
0'
#242351000
b101110000011 2
b101110000011 >
b11010101 C
b11010101 7
1'
#242392000
0'
#242433000
b101110000100 >
b101110000100 2
b11010100 7
b11010100 C
1'
#242474000
0'
#242515000
b101110000101 2
b101110000101 >
b11010011 C
b11010011 7
1'
#242556000
0'
#242597000
b101110000110 >
b101110000110 2
b11010010 7
b11010010 C
1'
#242638000
0'
#242679000
b101110000111 2
b101110000111 >
b11010001 C
b11010001 7
1'
#242720000
0'
#242761000
b101110001000 >
b101110001000 2
b11010000 7
b11010000 C
1'
#242802000
0'
#242843000
b101110001001 2
b101110001001 >
b11001111 C
b11001111 7
1'
#242884000
0'
#242925000
b101110001010 >
b101110001010 2
b11001110 7
b11001110 C
1'
#242966000
0'
#243007000
b101110001011 2
b101110001011 >
b11001101 C
b11001101 7
1'
#243048000
0'
#243089000
b101110001100 >
b101110001100 2
b11001100 7
b11001100 C
1'
#243130000
0'
#243171000
b101110001101 2
b101110001101 >
b11001011 C
b11001011 7
1'
#243212000
0'
#243253000
b101110001110 >
b101110001110 2
b11001010 7
b11001010 C
1'
#243294000
0'
#243335000
b101110001111 2
b101110001111 >
b11001001 C
b11001001 7
1'
#243376000
0'
#243417000
b101110010000 >
b101110010000 2
b11001000 7
b11001000 C
1'
#243458000
0'
#243499000
b101110010001 2
b101110010001 >
b11000111 C
b11000111 7
1'
#243540000
0'
#243581000
b101110010010 >
b101110010010 2
b11000110 7
b11000110 C
1'
#243622000
0'
#243663000
b101110010011 2
b101110010011 >
b11000101 C
b11000101 7
1'
#243704000
0'
#243745000
b101110010100 >
b101110010100 2
b11000100 7
b11000100 C
1'
#243786000
0'
#243827000
b101110010101 2
b101110010101 >
b11000011 C
b11000011 7
1'
#243868000
0'
#243909000
b101110010110 >
b101110010110 2
b11000010 7
b11000010 C
1'
#243950000
0'
#243991000
b101110010111 2
b101110010111 >
b11000001 C
b11000001 7
1'
#244032000
0'
#244073000
b101110011000 >
b101110011000 2
b11000000 7
b11000000 C
1'
#244114000
0'
#244155000
b101110011001 2
b101110011001 >
b10111111 C
b10111111 7
1'
#244196000
0'
#244237000
b101110011010 >
b101110011010 2
b10111110 7
b10111110 C
1'
#244278000
0'
#244319000
b101110011011 2
b101110011011 >
b10111101 C
b10111101 7
1'
#244360000
0'
#244401000
b101110011100 >
b101110011100 2
b10111100 7
b10111100 C
1'
#244442000
0'
#244483000
b101110011101 2
b101110011101 >
b10111011 C
b10111011 7
1'
#244524000
0'
#244565000
b101110011110 >
b101110011110 2
b10111010 7
b10111010 C
1'
#244606000
0'
#244647000
b101110011111 2
b101110011111 >
b10111001 C
b10111001 7
1'
#244688000
0'
#244729000
b101110100000 >
b101110100000 2
b10111000 7
b10111000 C
1'
#244770000
0'
#244811000
b101110100001 2
b101110100001 >
b10110111 C
b10110111 7
1'
#244852000
0'
#244893000
b101110100010 >
b101110100010 2
b10110110 7
b10110110 C
1'
#244934000
0'
#244975000
b101110100011 2
b101110100011 >
b10110101 C
b10110101 7
1'
#245016000
0'
#245057000
b101110100100 >
b101110100100 2
b10110100 7
b10110100 C
1'
#245098000
0'
#245139000
b101110100101 2
b101110100101 >
b10110011 C
b10110011 7
1'
#245180000
0'
#245221000
b101110100110 >
b101110100110 2
b10110010 7
b10110010 C
1'
#245262000
0'
#245303000
b101110100111 2
b101110100111 >
b10110001 C
b10110001 7
1'
#245344000
0'
#245385000
b101110101000 >
b101110101000 2
b10110000 7
b10110000 C
1'
#245426000
0'
#245467000
b101110101001 2
b101110101001 >
b10101111 C
b10101111 7
1'
#245508000
0'
#245549000
b101110101010 >
b101110101010 2
b10101110 7
b10101110 C
1'
#245590000
0'
#245631000
b101110101011 2
b101110101011 >
b10101101 C
b10101101 7
1'
#245672000
0'
#245713000
b101110101100 >
b101110101100 2
b10101100 7
b10101100 C
1'
#245754000
0'
#245795000
b101110101101 2
b101110101101 >
b10101011 C
b10101011 7
1'
#245836000
0'
#245877000
b101110101110 >
b101110101110 2
b10101010 7
b10101010 C
1'
#245918000
0'
#245959000
b101110101111 2
b101110101111 >
b10101001 C
b10101001 7
1'
#246000000
0'
#246041000
b101110110000 >
b101110110000 2
b10101000 7
b10101000 C
1'
#246082000
0'
#246123000
b101110110001 2
b101110110001 >
b10100111 C
b10100111 7
1'
#246164000
0'
#246205000
b101110110010 >
b101110110010 2
b10100110 7
b10100110 C
1'
#246246000
0'
#246287000
b101110110011 2
b101110110011 >
b10100101 C
b10100101 7
1'
#246328000
0'
#246369000
b101110110100 >
b101110110100 2
b10100100 7
b10100100 C
1'
#246410000
0'
#246451000
b101110110101 2
b101110110101 >
b10100011 C
b10100011 7
1'
#246492000
0'
#246533000
b101110110110 >
b101110110110 2
b10100010 7
b10100010 C
1'
#246574000
0'
#246615000
b101110110111 2
b101110110111 >
b10100001 C
b10100001 7
1'
#246656000
0'
#246697000
b101110111000 >
b101110111000 2
b10100000 7
b10100000 C
1'
#246738000
0'
#246779000
b101110111001 2
b101110111001 >
b10011111 C
b10011111 7
1'
#246820000
0'
#246861000
b101110111010 >
b101110111010 2
b10011110 7
b10011110 C
1'
#246902000
0'
#246943000
b101110111011 2
b101110111011 >
b10011101 C
b10011101 7
1'
#246984000
0'
#247025000
b101110111100 >
b101110111100 2
b10011100 7
b10011100 C
1'
#247066000
0'
#247107000
b101110111101 2
b101110111101 >
b10011011 C
b10011011 7
1'
#247148000
0'
#247189000
b101110111110 >
b101110111110 2
b10011010 7
b10011010 C
1'
#247230000
0'
#247271000
b101110111111 2
b101110111111 >
b10011001 C
b10011001 7
1'
#247312000
0'
#247353000
b101111000000 >
b101111000000 2
b10011000 7
b10011000 C
1'
#247394000
0'
#247435000
b101111000001 2
b101111000001 >
b10010111 C
b10010111 7
1'
#247476000
0'
#247517000
b101111000010 >
b101111000010 2
b10010110 7
b10010110 C
1'
#247558000
0'
#247599000
b101111000011 2
b101111000011 >
b10010101 C
b10010101 7
1'
#247640000
0'
#247681000
b101111000100 >
b101111000100 2
b10010100 7
b10010100 C
1'
#247722000
0'
#247763000
b101111000101 2
b101111000101 >
b10010011 C
b10010011 7
1'
#247804000
0'
#247845000
b101111000110 >
b101111000110 2
b10010010 7
b10010010 C
1'
#247886000
0'
#247927000
b101111000111 2
b101111000111 >
b10010001 C
b10010001 7
1'
#247968000
0'
#248009000
b101111001000 >
b101111001000 2
b10010000 7
b10010000 C
1'
#248050000
0'
#248091000
b101111001001 2
b101111001001 >
b10001111 C
b10001111 7
1'
#248132000
0'
#248173000
b101111001010 >
b101111001010 2
b10001110 7
b10001110 C
1'
#248214000
0'
#248255000
b101111001011 2
b101111001011 >
b10001101 C
b10001101 7
1'
#248296000
0'
#248337000
b101111001100 >
b101111001100 2
b10001100 7
b10001100 C
1'
#248378000
0'
#248419000
b101111001101 2
b101111001101 >
b10001011 C
b10001011 7
1'
#248460000
0'
#248501000
b101111001110 >
b101111001110 2
b10001010 7
b10001010 C
1'
#248542000
0'
#248583000
b101111001111 2
b101111001111 >
b10001001 C
b10001001 7
1'
#248624000
0'
#248665000
b101111010000 >
b101111010000 2
b10001000 7
b10001000 C
1'
#248706000
0'
#248747000
b101111010001 2
b101111010001 >
b10000111 C
b10000111 7
1'
#248788000
0'
#248829000
b101111010010 >
b101111010010 2
b10000110 7
b10000110 C
1'
#248870000
0'
#248911000
b101111010011 2
b101111010011 >
b10000101 C
b10000101 7
1'
#248952000
0'
#248993000
b101111010100 >
b101111010100 2
b10000100 7
b10000100 C
1'
#249034000
0'
#249075000
b101111010101 2
b101111010101 >
b10000011 C
b10000011 7
1'
#249116000
0'
#249157000
b101111010110 >
b101111010110 2
b10000010 7
b10000010 C
1'
#249198000
0'
#249239000
b101111010111 2
b101111010111 >
b10000001 C
b10000001 7
1'
#249280000
0'
#249321000
b101111011000 >
b101111011000 2
b10000000 7
b10000000 C
1'
#249362000
0'
#249403000
b101111011001 2
b101111011001 >
b1111111 C
b1111111 7
1'
#249444000
0'
#249485000
b101111011010 >
b101111011010 2
b1111110 7
b1111110 C
1'
#249526000
0'
#249567000
b101111011011 2
b101111011011 >
b1111101 C
b1111101 7
1'
#249608000
0'
#249649000
b101111011100 >
b101111011100 2
b1111100 7
b1111100 C
1'
#249690000
0'
#249731000
b101111011101 2
b101111011101 >
b1111011 C
b1111011 7
1'
#249772000
0'
#249813000
b101111011110 >
b101111011110 2
b1111010 7
b1111010 C
1'
#249854000
0'
#249895000
b101111011111 2
b101111011111 >
b1111001 C
b1111001 7
1'
#249936000
0'
#249977000
b101111100000 >
b101111100000 2
b1111000 7
b1111000 C
1'
#250018000
0'
#250059000
b101111100001 2
b101111100001 >
b1110111 C
b1110111 7
1'
#250100000
0'
#250141000
b101111100010 >
b101111100010 2
b1110110 7
b1110110 C
1'
#250182000
0'
#250223000
b101111100011 2
b101111100011 >
b1110101 C
b1110101 7
1'
#250264000
0'
#250305000
b101111100100 >
b101111100100 2
b1110100 7
b1110100 C
1'
#250346000
0'
#250387000
b101111100101 2
b101111100101 >
b1110011 C
b1110011 7
1'
#250428000
0'
#250469000
b101111100110 >
b101111100110 2
b1110010 7
b1110010 C
1'
#250510000
0'
#250551000
b101111100111 2
b101111100111 >
b1110001 C
b1110001 7
1'
#250592000
0'
#250633000
b101111101000 >
b101111101000 2
b1110000 7
b1110000 C
1'
#250674000
0'
#250715000
b101111101001 2
b101111101001 >
b1101111 C
b1101111 7
1'
#250756000
0'
#250797000
b101111101010 >
b101111101010 2
b1101110 7
b1101110 C
1'
#250838000
0'
#250879000
b101111101011 2
b101111101011 >
b1101101 C
b1101101 7
1'
#250920000
0'
#250961000
b101111101100 >
b101111101100 2
b1101100 7
b1101100 C
1'
#251002000
0'
#251043000
b101111101101 2
b101111101101 >
b1101011 C
b1101011 7
1'
#251084000
0'
#251125000
b101111101110 >
b101111101110 2
b1101010 7
b1101010 C
1'
#251166000
0'
#251207000
b101111101111 2
b101111101111 >
b1101001 C
b1101001 7
1'
#251248000
0'
#251289000
b101111110000 >
b101111110000 2
b1101000 7
b1101000 C
1'
#251330000
0'
#251371000
b101111110001 2
b101111110001 >
b1100111 C
b1100111 7
1'
#251412000
0'
#251453000
b101111110010 >
b101111110010 2
b1100110 7
b1100110 C
1'
#251494000
0'
#251535000
b101111110011 2
b101111110011 >
b1100101 C
b1100101 7
1'
#251576000
0'
#251617000
b101111110100 >
b101111110100 2
b1100100 7
b1100100 C
1'
#251658000
0'
#251699000
b101111110101 2
b101111110101 >
b1100011 C
b1100011 7
1'
#251740000
0'
#251781000
b101111110110 >
b101111110110 2
b1100010 7
b1100010 C
1'
#251822000
0'
#251863000
b101111110111 2
b101111110111 >
b1100001 C
b1100001 7
1'
#251904000
0'
#251945000
b101111111000 >
b101111111000 2
b1100000 7
b1100000 C
1'
#251986000
0'
#252027000
b101111111001 2
b101111111001 >
b1011111 C
b1011111 7
1'
#252068000
0'
#252109000
b101111111010 >
b101111111010 2
b1011110 7
b1011110 C
1'
#252150000
0'
#252191000
b101111111011 2
b101111111011 >
b1011101 C
b1011101 7
1'
#252232000
0'
#252273000
b101111111100 >
b101111111100 2
b1011100 7
b1011100 C
1'
#252314000
0'
#252355000
b101111111101 2
b101111111101 >
b1011011 C
b1011011 7
1'
#252396000
0'
#252437000
b101111111110 >
b101111111110 2
b1011010 7
b1011010 C
1'
#252478000
0'
#252519000
b101111111111 2
b101111111111 >
b1011001 C
b1011001 7
1'
#252560000
0'
#252601000
b110000000000 >
b110000000000 2
b1011000 7
b1011000 C
1'
#252642000
0'
#252683000
b110000000001 2
b110000000001 >
b1010111 C
b1010111 7
1'
#252724000
0'
#252765000
b110000000010 >
b110000000010 2
b1010110 7
b1010110 C
1'
#252806000
0'
#252847000
b110000000011 2
b110000000011 >
b1010101 C
b1010101 7
1'
#252888000
0'
#252929000
b110000000100 >
b110000000100 2
b1010100 7
b1010100 C
1'
#252970000
0'
#253011000
b110000000101 2
b110000000101 >
b1010011 C
b1010011 7
1'
#253052000
0'
#253093000
b110000000110 >
b110000000110 2
b1010010 7
b1010010 C
1'
#253134000
0'
#253175000
b110000000111 2
b110000000111 >
b1010001 C
b1010001 7
1'
#253216000
0'
#253257000
b110000001000 >
b110000001000 2
b1010000 7
b1010000 C
1'
#253298000
0'
#253339000
b110000001001 2
b110000001001 >
b1001111 C
b1001111 7
1'
#253380000
0'
#253421000
b110000001010 >
b110000001010 2
b1001110 7
b1001110 C
1'
#253462000
0'
#253503000
b110000001011 2
b110000001011 >
b1001101 C
b1001101 7
1'
#253544000
0'
#253585000
b110000001100 >
b110000001100 2
b1001100 7
b1001100 C
1'
#253626000
0'
#253667000
b110000001101 2
b110000001101 >
b1001011 C
b1001011 7
1'
#253708000
0'
#253749000
b110000001110 >
b110000001110 2
b1001010 7
b1001010 C
1'
#253790000
0'
#253831000
b110000001111 2
b110000001111 >
b1001001 C
b1001001 7
1'
#253872000
0'
#253913000
b110000010000 >
b110000010000 2
b1001000 7
b1001000 C
1'
#253954000
0'
#253995000
b110000010001 2
b110000010001 >
b1000111 C
b1000111 7
1'
#254036000
0'
#254077000
b110000010010 >
b110000010010 2
b1000110 7
b1000110 C
1'
#254118000
0'
#254159000
b110000010011 2
b110000010011 >
b1000101 C
b1000101 7
1'
#254200000
0'
#254241000
b110000010100 >
b110000010100 2
b1000100 7
b1000100 C
1'
#254282000
0'
#254323000
b110000010101 2
b110000010101 >
b1000011 C
b1000011 7
1'
#254364000
0'
#254405000
b110000010110 >
b110000010110 2
b1000010 7
b1000010 C
1'
#254446000
0'
#254487000
b110000010111 2
b110000010111 >
b1000001 C
b1000001 7
1'
#254528000
0'
#254569000
b110000011000 >
b110000011000 2
b1000000 7
b1000000 C
1'
#254610000
0'
#254651000
b110000011001 2
b110000011001 >
b111111 C
b111111 7
1'
#254692000
0'
#254733000
b110000011010 >
b110000011010 2
b111110 7
b111110 C
1'
#254774000
0'
#254815000
b110000011011 2
b110000011011 >
b111101 C
b111101 7
1'
#254856000
0'
#254897000
b110000011100 >
b110000011100 2
b111100 7
b111100 C
1'
#254938000
0'
#254979000
b110000011101 2
b110000011101 >
b111011 C
b111011 7
1'
#255020000
0'
#255061000
b110000011110 >
b110000011110 2
b111010 7
b111010 C
1'
#255102000
0'
#255143000
b110000011111 2
b110000011111 >
b111001 C
b111001 7
1'
#255184000
0'
#255225000
b110000100000 >
b110000100000 2
b111000 7
b111000 C
1'
#255266000
0'
#255307000
b110000100001 2
b110000100001 >
b110111 C
b110111 7
1'
#255348000
0'
#255389000
b110000100010 >
b110000100010 2
b110110 7
b110110 C
1'
#255430000
0'
#255471000
b110000100011 2
b110000100011 >
b110101 C
b110101 7
1'
#255512000
0'
#255553000
b110000100100 >
b110000100100 2
b110100 7
b110100 C
1'
#255594000
0'
#255635000
b110000100101 2
b110000100101 >
b110011 C
b110011 7
1'
#255676000
0'
#255717000
b110000100110 >
b110000100110 2
b110010 7
b110010 C
1'
#255758000
0'
#255799000
b110000100111 2
b110000100111 >
b110001 C
b110001 7
1'
#255840000
0'
#255881000
b110000101000 >
b110000101000 2
b110000 7
b110000 C
1'
#255922000
0'
#255963000
b110000101001 2
b110000101001 >
b101111 C
b101111 7
1'
#256004000
0'
#256045000
b110000101010 >
b110000101010 2
b101110 7
b101110 C
1'
#256086000
0'
#256127000
b110000101011 2
b110000101011 >
b101101 C
b101101 7
1'
#256168000
0'
#256209000
b110000101100 >
b110000101100 2
b101100 7
b101100 C
1'
#256250000
0'
#256291000
b110000101101 2
b110000101101 >
b101011 C
b101011 7
1'
#256332000
0'
#256373000
b110000101110 >
b110000101110 2
b101010 7
b101010 C
1'
#256414000
0'
#256455000
b110000101111 2
b110000101111 >
b101001 C
b101001 7
1'
#256496000
0'
#256537000
b110000110000 >
b110000110000 2
b101000 7
b101000 C
1'
#256578000
0'
#256619000
b110000110001 2
b110000110001 >
b100111 C
b100111 7
1'
#256660000
0'
#256701000
b110000110010 >
b110000110010 2
b100110 7
b100110 C
1'
#256742000
0'
#256783000
b110000110011 2
b110000110011 >
b100101 C
b100101 7
1'
#256824000
0'
#256865000
b110000110100 >
b110000110100 2
b100100 7
b100100 C
1'
#256906000
0'
#256947000
b110000110101 2
b110000110101 >
b100011 C
b100011 7
1'
#256988000
0'
#257029000
b110000110110 >
b110000110110 2
b100010 7
b100010 C
1'
#257070000
0'
#257111000
b110000110111 2
b110000110111 >
b100001 C
b100001 7
1'
#257152000
0'
#257193000
b110000111000 >
b110000111000 2
b100000 7
b100000 C
1'
#257234000
0'
#257275000
b110000111001 2
b110000111001 >
b11111 C
b11111 7
1'
#257316000
0'
#257357000
b110000111010 >
b110000111010 2
b11110 7
b11110 C
1'
#257398000
0'
#257439000
b110000111011 2
b110000111011 >
b11101 C
b11101 7
1'
#257480000
0'
#257521000
b110000111100 >
b110000111100 2
b11100 7
b11100 C
1'
#257562000
0'
#257603000
b110000111101 2
b110000111101 >
b11011 C
b11011 7
1'
#257644000
0'
#257685000
b110000111110 >
b110000111110 2
b11010 7
b11010 C
1'
#257726000
0'
#257767000
b110000111111 2
b110000111111 >
b11001 C
b11001 7
1'
#257808000
0'
#257849000
b110001000000 >
b110001000000 2
b11000 7
b11000 C
1'
#257890000
0'
#257931000
b110001000001 2
b110001000001 >
b10111 C
b10111 7
1'
#257972000
0'
#258013000
b110001000010 >
b110001000010 2
b10110 7
b10110 C
1'
#258054000
0'
#258095000
b110001000011 2
b110001000011 >
b10101 C
b10101 7
1'
#258136000
0'
#258177000
b110001000100 >
b110001000100 2
b10100 7
b10100 C
1'
#258218000
0'
#258259000
b110001000101 2
b110001000101 >
b10011 C
b10011 7
1'
#258300000
0'
#258341000
b110001000110 >
b110001000110 2
b10010 7
b10010 C
1'
#258382000
0'
#258423000
b110001000111 2
b110001000111 >
b10001 C
b10001 7
1'
#258464000
0'
#258505000
b110001001000 >
b110001001000 2
b10000 7
b10000 C
1'
#258546000
0'
#258587000
b110001001001 2
b110001001001 >
b1111 C
b1111 7
1'
#258628000
0'
#258669000
b110001001010 >
b110001001010 2
b1110 7
b1110 C
1'
#258710000
0'
#258751000
b110001001011 2
b110001001011 >
b1101 C
b1101 7
1'
#258792000
0'
#258833000
b110001001100 >
b110001001100 2
b1100 7
b1100 C
1'
#258874000
0'
#258915000
b110001001101 2
b110001001101 >
b1011 C
b1011 7
1'
#258956000
0'
#258997000
b110001001110 >
b110001001110 2
b1010 7
b1010 C
1'
#259038000
0'
#259079000
b110001001111 2
b110001001111 >
b1001 C
b1001 7
1'
#259120000
0'
#259161000
b110001010000 >
b110001010000 2
b1000 7
b1000 C
1'
#259202000
0'
#259243000
b110001010001 2
b110001010001 >
b111 C
b111 7
1'
#259284000
0'
#259325000
b110001010010 >
b110001010010 2
b110 7
b110 C
1'
#259366000
0'
#259407000
b110001010011 2
b110001010011 >
b101 C
b101 7
1'
#259448000
0'
#259489000
b110001010100 >
b110001010100 2
b100 7
b100 C
1'
#259530000
0'
#259571000
b110001010101 2
b110001010101 >
b11 C
b11 7
1'
#259612000
0'
#259653000
b110001010110 >
b110001010110 2
b10 7
b10 C
1'
#259694000
0'
#259735000
b110001010111 2
b110001010111 >
b1 C
b1 7
1'
#259776000
0'
#259817000
b110001011000 >
b110001011000 2
b0 7
b0 C
1'
#259858000
0'
#259899000
b110001011001 2
b110001011001 >
0;
b101010111 C
0%
0/
b101010111 7
1'
#259940000
0'
#259981000
b110001011010 >
b110001011010 2
b101010110 7
b101010110 C
1'
#260022000
0'
#260063000
b110001011011 2
b110001011011 >
b101010101 C
b101010101 7
1'
#260104000
0'
#260145000
b110001011100 >
b110001011100 2
b101010100 7
b101010100 C
1'
#260186000
0'
#260227000
b110001011101 2
b110001011101 >
b101010011 C
b101010011 7
1'
#260268000
0'
#260309000
b110001011110 >
b110001011110 2
b101010010 7
b101010010 C
1'
#260350000
0'
#260391000
b110001011111 2
b110001011111 >
b101010001 C
b101010001 7
1'
#260432000
0'
#260473000
b110001100000 >
b110001100000 2
b101010000 7
b101010000 C
1'
#260514000
0'
#260555000
b110001100001 2
b110001100001 >
b101001111 C
b101001111 7
1'
#260596000
0'
#260637000
b110001100010 >
b110001100010 2
b101001110 7
b101001110 C
1'
#260678000
0'
#260719000
b110001100011 2
b110001100011 >
b101001101 C
b101001101 7
1'
#260760000
0'
#260801000
b110001100100 >
b110001100100 2
b101001100 7
b101001100 C
1'
#260842000
0'
#260883000
b110001100101 2
b110001100101 >
b101001011 C
b101001011 7
1'
#260924000
0'
#260965000
b110001100110 >
b110001100110 2
b101001010 7
b101001010 C
1'
#261006000
0'
#261047000
b110001100111 2
b110001100111 >
b101001001 C
b101001001 7
1'
#261088000
0'
#261129000
b110001101000 >
b110001101000 2
b101001000 7
b101001000 C
1'
#261170000
0'
#261211000
b110001101001 2
b110001101001 >
b101000111 C
b101000111 7
1'
#261252000
0'
#261293000
b110001101010 >
b110001101010 2
b101000110 7
b101000110 C
1'
#261334000
0'
#261375000
b110001101011 2
b110001101011 >
b101000101 C
b101000101 7
1'
#261416000
0'
#261457000
b110001101100 >
b110001101100 2
b101000100 7
b101000100 C
1'
#261498000
0'
#261539000
b110001101101 2
b110001101101 >
b101000011 C
b101000011 7
1'
#261580000
0'
#261621000
b110001101110 >
b110001101110 2
b101000010 7
b101000010 C
1'
#261662000
0'
#261703000
b110001101111 2
b110001101111 >
b101000001 C
b101000001 7
1'
#261744000
0'
#261785000
b110001110000 >
b110001110000 2
b101000000 7
b101000000 C
1'
#261826000
0'
#261867000
b110001110001 2
b110001110001 >
b100111111 C
b100111111 7
1'
#261908000
0'
#261949000
b110001110010 >
b110001110010 2
b100111110 7
b100111110 C
1'
#261990000
0'
#262031000
b110001110011 2
b110001110011 >
b100111101 C
b100111101 7
1'
#262072000
0'
#262113000
b110001110100 >
b110001110100 2
b100111100 7
b100111100 C
1'
#262154000
0'
#262195000
b110001110101 2
b110001110101 >
b100111011 C
b100111011 7
1'
#262236000
0'
#262277000
b110001110110 >
b110001110110 2
b100111010 7
b100111010 C
1'
#262318000
0'
#262359000
b110001110111 2
b110001110111 >
b100111001 C
b100111001 7
1'
#262400000
0'
#262441000
b110001111000 >
b110001111000 2
b100111000 7
b100111000 C
1'
#262482000
0'
#262523000
b110001111001 2
b110001111001 >
b100110111 C
b100110111 7
1'
#262564000
0'
#262605000
b110001111010 >
b110001111010 2
b100110110 7
b100110110 C
1'
#262646000
0'
#262687000
b110001111011 2
b110001111011 >
b100110101 C
b100110101 7
1'
#262728000
0'
#262769000
b110001111100 >
b110001111100 2
b100110100 7
b100110100 C
1'
#262810000
0'
#262851000
b110001111101 2
b110001111101 >
b100110011 C
b100110011 7
1'
#262892000
0'
#262933000
b110001111110 >
b110001111110 2
b100110010 7
b100110010 C
1'
#262974000
0'
#263015000
b110001111111 2
b110001111111 >
b100110001 C
b100110001 7
1'
#263056000
0'
#263097000
b110010000000 >
b110010000000 2
b100110000 7
b100110000 C
1'
#263138000
0'
#263179000
b110010000001 2
b110010000001 >
b100101111 C
b100101111 7
1'
#263220000
0'
#263261000
b110010000010 >
b110010000010 2
b100101110 7
b100101110 C
1'
#263302000
0'
#263343000
b110010000011 2
b110010000011 >
b100101101 C
b100101101 7
1'
#263384000
0'
#263425000
b110010000100 >
b110010000100 2
b100101100 7
b100101100 C
1'
#263466000
0'
#263507000
b110010000101 2
b110010000101 >
b100101011 C
b100101011 7
1'
#263548000
0'
#263589000
b110010000110 >
b110010000110 2
b100101010 7
b100101010 C
1'
#263630000
0'
#263671000
b110010000111 2
b110010000111 >
b100101001 C
b100101001 7
1'
#263712000
0'
#263753000
b110010001000 >
b110010001000 2
b100101000 7
b100101000 C
1'
#263794000
0'
#263835000
b110010001001 2
b110010001001 >
b100100111 C
b100100111 7
1'
#263876000
0'
#263917000
b110010001010 >
b110010001010 2
b100100110 7
b100100110 C
1'
#263958000
0'
#263999000
b110010001011 2
b110010001011 >
b100100101 C
b100100101 7
1'
#264040000
0'
#264081000
b110010001100 >
b110010001100 2
b100100100 7
b100100100 C
1'
#264122000
0'
#264163000
b110010001101 2
b110010001101 >
b100100011 C
b100100011 7
1'
#264204000
0'
#264245000
b110010001110 >
b110010001110 2
b100100010 7
b100100010 C
1'
#264286000
0'
#264327000
b110010001111 2
b110010001111 >
b100100001 C
b100100001 7
1'
#264368000
0'
#264409000
b110010010000 >
b110010010000 2
b100100000 7
b100100000 C
1'
#264450000
0'
#264491000
b110010010001 2
b110010010001 >
b100011111 C
b100011111 7
1'
#264532000
0'
#264573000
b110010010010 >
b110010010010 2
b100011110 7
b100011110 C
1'
#264614000
0'
#264655000
b110010010011 2
b110010010011 >
b100011101 C
b100011101 7
1'
#264696000
0'
#264737000
b110010010100 >
b110010010100 2
b100011100 7
b100011100 C
1'
#264778000
0'
#264819000
b110010010101 2
b110010010101 >
b100011011 C
b100011011 7
1'
#264860000
0'
#264901000
b110010010110 >
b110010010110 2
b100011010 7
b100011010 C
1'
#264942000
0'
#264983000
b110010010111 2
b110010010111 >
b100011001 C
b100011001 7
1'
#265024000
0'
#265065000
b110010011000 >
b110010011000 2
b100011000 7
b100011000 C
1'
#265106000
0'
#265147000
b110010011001 2
b110010011001 >
b100010111 C
b100010111 7
1'
#265188000
0'
#265229000
b110010011010 >
b110010011010 2
b100010110 7
b100010110 C
1'
#265270000
0'
#265311000
b110010011011 2
b110010011011 >
b100010101 C
b100010101 7
1'
#265352000
0'
#265393000
b110010011100 >
b110010011100 2
b100010100 7
b100010100 C
1'
#265434000
0'
#265475000
b110010011101 2
b110010011101 >
b100010011 C
b100010011 7
1'
#265516000
0'
#265557000
b110010011110 >
b110010011110 2
b100010010 7
b100010010 C
1'
#265598000
0'
#265639000
b110010011111 2
b110010011111 >
b100010001 C
b100010001 7
1'
#265680000
0'
#265721000
b110010100000 >
b110010100000 2
b100010000 7
b100010000 C
1'
#265762000
0'
#265803000
b110010100001 2
b110010100001 >
b100001111 C
b100001111 7
1'
#265844000
0'
#265885000
b110010100010 >
b110010100010 2
b100001110 7
b100001110 C
1'
#265926000
0'
#265967000
b110010100011 2
b110010100011 >
b100001101 C
b100001101 7
1'
#266008000
0'
#266049000
b110010100100 >
b110010100100 2
b100001100 7
b100001100 C
1'
#266090000
0'
#266131000
b110010100101 2
b110010100101 >
b100001011 C
b100001011 7
1'
#266172000
0'
#266213000
b110010100110 >
b110010100110 2
b100001010 7
b100001010 C
1'
#266254000
0'
#266295000
b110010100111 2
b110010100111 >
b100001001 C
b100001001 7
1'
#266336000
0'
#266377000
b110010101000 >
b110010101000 2
b100001000 7
b100001000 C
1'
#266418000
0'
#266459000
b110010101001 2
b110010101001 >
b100000111 C
b100000111 7
1'
#266500000
0'
#266541000
b110010101010 >
b110010101010 2
b100000110 7
b100000110 C
1'
#266582000
0'
#266623000
b110010101011 2
b110010101011 >
b100000101 C
b100000101 7
1'
#266664000
0'
#266705000
b110010101100 >
b110010101100 2
b100000100 7
b100000100 C
1'
#266746000
0'
#266787000
b110010101101 2
b110010101101 >
b100000011 C
b100000011 7
1'
#266828000
0'
#266869000
b110010101110 >
b110010101110 2
b100000010 7
b100000010 C
1'
#266910000
0'
#266951000
b110010101111 2
b110010101111 >
b100000001 C
b100000001 7
1'
#266992000
0'
#267033000
b110010110000 >
b110010110000 2
b100000000 7
b100000000 C
1'
#267074000
0'
#267115000
b110010110001 2
b110010110001 >
b11111111 C
b11111111 7
1'
#267156000
0'
#267197000
b110010110010 >
b110010110010 2
b11111110 7
b11111110 C
1'
#267238000
0'
#267279000
b110010110011 2
b110010110011 >
b11111101 C
b11111101 7
1'
#267320000
0'
#267361000
b110010110100 >
b110010110100 2
b11111100 7
b11111100 C
1'
#267402000
0'
#267443000
b110010110101 2
b110010110101 >
b11111011 C
b11111011 7
1'
#267484000
0'
#267525000
b110010110110 >
b110010110110 2
b11111010 7
b11111010 C
1'
#267566000
0'
#267607000
b110010110111 2
b110010110111 >
b11111001 C
b11111001 7
1'
#267648000
0'
#267689000
b110010111000 >
b110010111000 2
b11111000 7
b11111000 C
1'
#267730000
0'
#267771000
b110010111001 2
b110010111001 >
b11110111 C
b11110111 7
1'
#267812000
0'
#267853000
b110010111010 >
b110010111010 2
b11110110 7
b11110110 C
1'
#267894000
0'
#267935000
b110010111011 2
b110010111011 >
b11110101 C
b11110101 7
1'
#267976000
0'
#268017000
b110010111100 >
b110010111100 2
b11110100 7
b11110100 C
1'
#268058000
0'
#268099000
b110010111101 2
b110010111101 >
b11110011 C
b11110011 7
1'
#268140000
0'
#268181000
b110010111110 >
b110010111110 2
b11110010 7
b11110010 C
1'
#268222000
0'
#268263000
b110010111111 2
b110010111111 >
b11110001 C
b11110001 7
1'
#268304000
0'
#268345000
b110011000000 >
b110011000000 2
b11110000 7
b11110000 C
1'
#268386000
0'
#268427000
b110011000001 2
b110011000001 >
b11101111 C
b11101111 7
1'
#268468000
0'
#268509000
b110011000010 >
b110011000010 2
b11101110 7
b11101110 C
1'
#268550000
0'
#268591000
b110011000011 2
b110011000011 >
b11101101 C
b11101101 7
1'
#268632000
0'
#268673000
b110011000100 >
b110011000100 2
b11101100 7
b11101100 C
1'
#268714000
0'
#268755000
b110011000101 2
b110011000101 >
b11101011 C
b11101011 7
1'
#268796000
0'
#268837000
b110011000110 >
b110011000110 2
b11101010 7
b11101010 C
1'
#268878000
0'
#268919000
b110011000111 2
b110011000111 >
b11101001 C
b11101001 7
1'
#268960000
0'
#269001000
b110011001000 >
b110011001000 2
b11101000 7
b11101000 C
1'
#269042000
0'
#269083000
b110011001001 2
b110011001001 >
b11100111 C
b11100111 7
1'
#269124000
0'
#269165000
b110011001010 >
b110011001010 2
b11100110 7
b11100110 C
1'
#269206000
0'
#269247000
b110011001011 2
b110011001011 >
b11100101 C
b11100101 7
1'
#269288000
0'
#269329000
b110011001100 >
b110011001100 2
b11100100 7
b11100100 C
1'
#269370000
0'
#269411000
b110011001101 2
b110011001101 >
b11100011 C
b11100011 7
1'
#269452000
0'
#269493000
b110011001110 >
b110011001110 2
b11100010 7
b11100010 C
1'
#269534000
0'
#269575000
b110011001111 2
b110011001111 >
b11100001 C
b11100001 7
1'
#269616000
0'
#269657000
b110011010000 >
b110011010000 2
b11100000 7
b11100000 C
1'
#269698000
0'
#269739000
b110011010001 2
b110011010001 >
b11011111 C
b11011111 7
1'
#269780000
0'
#269821000
b110011010010 >
b110011010010 2
b11011110 7
b11011110 C
1'
#269862000
0'
#269903000
b110011010011 2
b110011010011 >
b11011101 C
b11011101 7
1'
#269944000
0'
#269985000
b110011010100 >
b110011010100 2
b11011100 7
b11011100 C
1'
#270026000
0'
#270067000
b110011010101 2
b110011010101 >
b11011011 C
b11011011 7
1'
#270108000
0'
#270149000
b110011010110 >
b110011010110 2
b11011010 7
b11011010 C
1'
#270190000
0'
#270231000
b110011010111 2
b110011010111 >
b11011001 C
b11011001 7
1'
#270272000
0'
#270313000
b110011011000 >
b110011011000 2
b11011000 7
b11011000 C
1'
#270354000
0'
#270395000
b110011011001 2
b110011011001 >
b11010111 C
b11010111 7
1'
#270436000
0'
#270477000
b110011011010 >
b110011011010 2
b11010110 7
b11010110 C
1'
#270518000
0'
#270559000
b110011011011 2
b110011011011 >
b11010101 C
b11010101 7
1'
#270600000
0'
#270641000
b110011011100 >
b110011011100 2
b11010100 7
b11010100 C
1'
#270682000
0'
#270723000
b110011011101 2
b110011011101 >
b11010011 C
b11010011 7
1'
#270764000
0'
#270805000
b110011011110 >
b110011011110 2
b11010010 7
b11010010 C
1'
#270846000
0'
#270887000
b110011011111 2
b110011011111 >
b11010001 C
b11010001 7
1'
#270928000
0'
#270969000
b110011100000 >
b110011100000 2
b11010000 7
b11010000 C
1'
#271010000
0'
#271051000
b110011100001 2
b110011100001 >
b11001111 C
b11001111 7
1'
#271092000
0'
#271133000
b110011100010 >
b110011100010 2
b11001110 7
b11001110 C
1'
#271174000
0'
#271215000
b110011100011 2
b110011100011 >
b11001101 C
b11001101 7
1'
#271256000
0'
#271297000
b110011100100 >
b110011100100 2
b11001100 7
b11001100 C
1'
#271338000
0'
#271379000
b110011100101 2
b110011100101 >
b11001011 C
b11001011 7
1'
#271420000
0'
#271461000
b110011100110 >
b110011100110 2
b11001010 7
b11001010 C
1'
#271502000
0'
#271543000
b110011100111 2
b110011100111 >
b11001001 C
b11001001 7
1'
#271584000
0'
#271625000
b110011101000 >
b110011101000 2
b11001000 7
b11001000 C
1'
#271666000
0'
#271707000
b110011101001 2
b110011101001 >
b11000111 C
b11000111 7
1'
#271748000
0'
#271789000
b110011101010 >
b110011101010 2
b11000110 7
b11000110 C
1'
#271830000
0'
#271871000
b110011101011 2
b110011101011 >
b11000101 C
b11000101 7
1'
#271912000
0'
#271953000
b110011101100 >
b110011101100 2
b11000100 7
b11000100 C
1'
#271994000
0'
#272035000
b110011101101 2
b110011101101 >
b11000011 C
b11000011 7
1'
#272076000
0'
#272117000
b110011101110 >
b110011101110 2
b11000010 7
b11000010 C
1'
#272158000
0'
#272199000
b110011101111 2
b110011101111 >
b11000001 C
b11000001 7
1'
#272240000
0'
#272281000
b110011110000 >
b110011110000 2
b11000000 7
b11000000 C
1'
#272322000
0'
#272363000
b110011110001 2
b110011110001 >
b10111111 C
b10111111 7
1'
#272404000
0'
#272445000
b110011110010 >
b110011110010 2
b10111110 7
b10111110 C
1'
#272486000
0'
#272527000
b110011110011 2
b110011110011 >
b10111101 C
b10111101 7
1'
#272568000
0'
#272609000
b110011110100 >
b110011110100 2
b10111100 7
b10111100 C
1'
#272650000
0'
#272691000
b110011110101 2
b110011110101 >
b10111011 C
b10111011 7
1'
#272732000
0'
#272773000
b110011110110 >
b110011110110 2
b10111010 7
b10111010 C
1'
#272814000
0'
#272855000
b110011110111 2
b110011110111 >
b10111001 C
b10111001 7
1'
#272896000
0'
#272937000
b110011111000 >
b110011111000 2
b10111000 7
b10111000 C
1'
#272978000
0'
#273019000
b110011111001 2
b110011111001 >
b10110111 C
b10110111 7
1'
#273060000
0'
#273101000
b110011111010 >
b110011111010 2
b10110110 7
b10110110 C
1'
#273142000
0'
#273183000
b110011111011 2
b110011111011 >
b10110101 C
b10110101 7
1'
#273224000
0'
#273265000
b110011111100 >
b110011111100 2
b10110100 7
b10110100 C
1'
#273306000
0'
#273347000
b110011111101 2
b110011111101 >
b10110011 C
b10110011 7
1'
#273388000
0'
#273429000
b110011111110 >
b110011111110 2
b10110010 7
b10110010 C
1'
#273470000
0'
#273511000
b110011111111 2
b110011111111 >
b10110001 C
b10110001 7
1'
#273552000
0'
#273593000
b110100000000 >
b110100000000 2
b10110000 7
b10110000 C
1'
#273634000
0'
#273675000
b110100000001 2
b110100000001 >
b10101111 C
b10101111 7
1'
#273716000
0'
#273757000
b110100000010 >
b110100000010 2
b10101110 7
b10101110 C
1'
#273798000
0'
#273839000
b110100000011 2
b110100000011 >
b10101101 C
b10101101 7
1'
#273880000
0'
#273921000
b110100000100 >
b110100000100 2
b10101100 7
b10101100 C
1'
#273962000
0'
#274003000
b110100000101 2
b110100000101 >
b10101011 C
b10101011 7
1'
#274044000
0'
#274085000
b110100000110 >
b110100000110 2
b10101010 7
b10101010 C
1'
#274126000
0'
#274167000
b110100000111 2
b110100000111 >
b10101001 C
b10101001 7
1'
#274208000
0'
#274249000
b110100001000 >
b110100001000 2
b10101000 7
b10101000 C
1'
#274290000
0'
#274331000
b110100001001 2
b110100001001 >
b10100111 C
b10100111 7
1'
#274372000
0'
#274413000
b110100001010 >
b110100001010 2
b10100110 7
b10100110 C
1'
#274454000
0'
#274495000
b110100001011 2
b110100001011 >
b10100101 C
b10100101 7
1'
#274536000
0'
#274577000
b110100001100 >
b110100001100 2
b10100100 7
b10100100 C
1'
#274618000
0'
#274659000
b110100001101 2
b110100001101 >
b10100011 C
b10100011 7
1'
#274700000
0'
#274741000
b110100001110 >
b110100001110 2
b10100010 7
b10100010 C
1'
#274782000
0'
#274823000
b110100001111 2
b110100001111 >
b10100001 C
b10100001 7
1'
#274864000
0'
#274905000
b110100010000 >
b110100010000 2
b10100000 7
b10100000 C
1'
#274946000
0'
#274987000
b110100010001 2
b110100010001 >
b10011111 C
b10011111 7
1'
#275028000
0'
#275069000
b110100010010 >
b110100010010 2
b10011110 7
b10011110 C
1'
#275110000
0'
#275151000
b110100010011 2
b110100010011 >
b10011101 C
b10011101 7
1'
#275192000
0'
#275233000
b110100010100 >
b110100010100 2
b10011100 7
b10011100 C
1'
#275274000
0'
#275315000
b110100010101 2
b110100010101 >
b10011011 C
b10011011 7
1'
#275356000
0'
#275397000
b110100010110 >
b110100010110 2
b10011010 7
b10011010 C
1'
#275438000
0'
#275479000
b110100010111 2
b110100010111 >
b10011001 C
b10011001 7
1'
#275520000
0'
#275561000
b110100011000 >
b110100011000 2
b10011000 7
b10011000 C
1'
#275602000
0'
#275643000
b110100011001 2
b110100011001 >
b10010111 C
b10010111 7
1'
#275684000
0'
#275725000
b110100011010 >
b110100011010 2
b10010110 7
b10010110 C
1'
#275766000
0'
#275807000
b110100011011 2
b110100011011 >
b10010101 C
b10010101 7
1'
#275848000
0'
#275889000
b110100011100 >
b110100011100 2
b10010100 7
b10010100 C
1'
#275930000
0'
#275971000
b110100011101 2
b110100011101 >
b10010011 C
b10010011 7
1'
#276012000
0'
#276053000
b110100011110 >
b110100011110 2
b10010010 7
b10010010 C
1'
#276094000
0'
#276135000
b110100011111 2
b110100011111 >
b10010001 C
b10010001 7
1'
#276176000
0'
#276217000
b110100100000 >
b110100100000 2
b10010000 7
b10010000 C
1'
#276258000
0'
#276299000
b110100100001 2
b110100100001 >
b10001111 C
b10001111 7
1'
#276340000
0'
#276381000
b110100100010 >
b110100100010 2
b10001110 7
b10001110 C
1'
#276422000
0'
#276463000
b110100100011 2
b110100100011 >
b10001101 C
b10001101 7
1'
#276504000
0'
#276545000
b110100100100 >
b110100100100 2
b10001100 7
b10001100 C
1'
#276586000
0'
#276627000
b110100100101 2
b110100100101 >
b10001011 C
b10001011 7
1'
#276668000
0'
#276709000
b110100100110 >
b110100100110 2
b10001010 7
b10001010 C
1'
#276750000
0'
#276791000
b110100100111 2
b110100100111 >
b10001001 C
b10001001 7
1'
#276832000
0'
#276873000
b110100101000 >
b110100101000 2
b10001000 7
b10001000 C
1'
#276914000
0'
#276955000
b110100101001 2
b110100101001 >
b10000111 C
b10000111 7
1'
#276996000
0'
#277037000
b110100101010 >
b110100101010 2
b10000110 7
b10000110 C
1'
#277078000
0'
#277119000
b110100101011 2
b110100101011 >
b10000101 C
b10000101 7
1'
#277160000
0'
#277201000
b110100101100 >
b110100101100 2
b10000100 7
b10000100 C
1'
#277242000
0'
#277283000
b110100101101 2
b110100101101 >
b10000011 C
b10000011 7
1'
#277324000
0'
#277365000
b110100101110 >
b110100101110 2
b10000010 7
b10000010 C
1'
#277406000
0'
#277447000
b110100101111 2
b110100101111 >
b10000001 C
b10000001 7
1'
#277488000
0'
#277529000
b110100110000 >
b110100110000 2
b10000000 7
b10000000 C
1'
#277570000
0'
#277611000
b110100110001 2
b110100110001 >
b1111111 C
b1111111 7
1'
#277652000
0'
#277693000
b110100110010 >
b110100110010 2
b1111110 7
b1111110 C
1'
#277734000
0'
#277775000
b110100110011 2
b110100110011 >
b1111101 C
b1111101 7
1'
#277816000
0'
#277857000
b110100110100 >
b110100110100 2
b1111100 7
b1111100 C
1'
#277898000
0'
#277939000
b110100110101 2
b110100110101 >
b1111011 C
b1111011 7
1'
#277980000
0'
#278021000
b110100110110 >
b110100110110 2
b1111010 7
b1111010 C
1'
#278062000
0'
#278103000
b110100110111 2
b110100110111 >
b1111001 C
b1111001 7
1'
#278144000
0'
#278185000
b110100111000 >
b110100111000 2
b1111000 7
b1111000 C
1'
#278226000
0'
#278267000
b110100111001 2
b110100111001 >
b1110111 C
b1110111 7
1'
#278308000
0'
#278349000
b110100111010 >
b110100111010 2
b1110110 7
b1110110 C
1'
#278390000
0'
#278431000
b110100111011 2
b110100111011 >
b1110101 C
b1110101 7
1'
#278472000
0'
#278513000
b110100111100 >
b110100111100 2
b1110100 7
b1110100 C
1'
#278554000
0'
#278595000
b110100111101 2
b110100111101 >
b1110011 C
b1110011 7
1'
#278636000
0'
#278677000
b110100111110 >
b110100111110 2
b1110010 7
b1110010 C
1'
#278718000
0'
#278759000
b110100111111 2
b110100111111 >
b1110001 C
b1110001 7
1'
#278800000
0'
#278841000
b110101000000 >
b110101000000 2
b1110000 7
b1110000 C
1'
#278882000
0'
#278923000
b110101000001 2
b110101000001 >
b1101111 C
b1101111 7
1'
#278964000
0'
#279005000
b110101000010 >
b110101000010 2
b1101110 7
b1101110 C
1'
#279046000
0'
#279087000
b110101000011 2
b110101000011 >
b1101101 C
b1101101 7
1'
#279128000
0'
#279169000
b110101000100 >
b110101000100 2
b1101100 7
b1101100 C
1'
#279210000
0'
#279251000
b110101000101 2
b110101000101 >
b1101011 C
b1101011 7
1'
#279292000
0'
#279333000
b110101000110 >
b110101000110 2
b1101010 7
b1101010 C
1'
#279374000
0'
#279415000
b110101000111 2
b110101000111 >
b1101001 C
b1101001 7
1'
#279456000
0'
#279497000
b110101001000 >
b110101001000 2
b1101000 7
b1101000 C
1'
#279538000
0'
#279579000
b110101001001 2
b110101001001 >
b1100111 C
b1100111 7
1'
#279620000
0'
#279661000
b110101001010 >
b110101001010 2
b1100110 7
b1100110 C
1'
#279702000
0'
#279743000
b110101001011 2
b110101001011 >
b1100101 C
b1100101 7
1'
#279784000
0'
#279825000
b110101001100 >
b110101001100 2
b1100100 7
b1100100 C
1'
#279866000
0'
#279907000
b110101001101 2
b110101001101 >
b1100011 C
b1100011 7
1'
#279948000
0'
#279989000
b110101001110 >
b110101001110 2
b1100010 7
b1100010 C
1'
#280030000
0'
#280071000
b110101001111 2
b110101001111 >
b1100001 C
b1100001 7
1'
#280112000
0'
#280153000
b110101010000 >
b110101010000 2
b1100000 7
b1100000 C
1'
#280194000
0'
#280235000
b110101010001 2
b110101010001 >
b1011111 C
b1011111 7
1'
#280276000
0'
#280317000
b110101010010 >
b110101010010 2
b1011110 7
b1011110 C
1'
#280358000
0'
#280399000
b110101010011 2
b110101010011 >
b1011101 C
b1011101 7
1'
#280440000
0'
#280481000
b110101010100 >
b110101010100 2
b1011100 7
b1011100 C
1'
#280522000
0'
#280563000
b110101010101 2
b110101010101 >
b1011011 C
b1011011 7
1'
#280604000
0'
#280645000
b110101010110 >
b110101010110 2
b1011010 7
b1011010 C
1'
#280686000
0'
#280727000
b110101010111 2
b110101010111 >
b1011001 C
b1011001 7
1'
#280768000
0'
#280809000
b110101011000 >
b110101011000 2
b1011000 7
b1011000 C
1'
#280850000
0'
#280891000
b110101011001 2
b110101011001 >
b1010111 C
b1010111 7
1'
#280932000
0'
#280973000
b110101011010 >
b110101011010 2
b1010110 7
b1010110 C
1'
#281014000
0'
#281055000
b110101011011 2
b110101011011 >
b1010101 C
b1010101 7
1'
#281096000
0'
#281137000
b110101011100 >
b110101011100 2
b1010100 7
b1010100 C
1'
#281178000
0'
#281219000
b110101011101 2
b110101011101 >
b1010011 C
b1010011 7
1'
#281260000
0'
#281301000
b110101011110 >
b110101011110 2
b1010010 7
b1010010 C
1'
#281342000
0'
#281383000
b110101011111 2
b110101011111 >
b1010001 C
b1010001 7
1'
#281424000
0'
#281465000
b110101100000 >
b110101100000 2
b1010000 7
b1010000 C
1'
#281506000
0'
#281547000
b110101100001 2
b110101100001 >
b1001111 C
b1001111 7
1'
#281588000
0'
#281629000
b110101100010 >
b110101100010 2
b1001110 7
b1001110 C
1'
#281670000
0'
#281711000
b110101100011 2
b110101100011 >
b1001101 C
b1001101 7
1'
#281752000
0'
#281793000
b110101100100 >
b110101100100 2
b1001100 7
b1001100 C
1'
#281834000
0'
#281875000
b110101100101 2
b110101100101 >
b1001011 C
b1001011 7
1'
#281916000
0'
#281957000
b110101100110 >
b110101100110 2
b1001010 7
b1001010 C
1'
#281998000
0'
#282039000
b110101100111 2
b110101100111 >
b1001001 C
b1001001 7
1'
#282080000
0'
#282121000
b110101101000 >
b110101101000 2
b1001000 7
b1001000 C
1'
#282162000
0'
#282203000
b110101101001 2
b110101101001 >
b1000111 C
b1000111 7
1'
#282244000
0'
#282285000
b110101101010 >
b110101101010 2
b1000110 7
b1000110 C
1'
#282326000
0'
#282367000
b110101101011 2
b110101101011 >
b1000101 C
b1000101 7
1'
#282408000
0'
#282449000
b110101101100 >
b110101101100 2
b1000100 7
b1000100 C
1'
#282490000
0'
#282531000
b110101101101 2
b110101101101 >
b1000011 C
b1000011 7
1'
#282572000
0'
#282613000
b110101101110 >
b110101101110 2
b1000010 7
b1000010 C
1'
#282654000
0'
#282695000
b110101101111 2
b110101101111 >
b1000001 C
b1000001 7
1'
#282736000
0'
#282777000
b110101110000 >
b110101110000 2
b1000000 7
b1000000 C
1'
#282818000
0'
#282859000
b110101110001 2
b110101110001 >
b111111 C
b111111 7
1'
#282900000
0'
#282941000
b110101110010 >
b110101110010 2
b111110 7
b111110 C
1'
#282982000
0'
#283023000
b110101110011 2
b110101110011 >
b111101 C
b111101 7
1'
#283064000
0'
#283105000
b110101110100 >
b110101110100 2
b111100 7
b111100 C
1'
#283146000
0'
#283187000
b110101110101 2
b110101110101 >
b111011 C
b111011 7
1'
#283228000
0'
#283269000
b110101110110 >
b110101110110 2
b111010 7
b111010 C
1'
#283310000
0'
#283351000
b110101110111 2
b110101110111 >
b111001 C
b111001 7
1'
#283392000
0'
#283433000
b110101111000 >
b110101111000 2
b111000 7
b111000 C
1'
#283474000
0'
#283515000
b110101111001 2
b110101111001 >
b110111 C
b110111 7
1'
#283556000
0'
#283597000
b110101111010 >
b110101111010 2
b110110 7
b110110 C
1'
#283638000
0'
#283679000
b110101111011 2
b110101111011 >
b110101 C
b110101 7
1'
#283720000
0'
#283761000
b110101111100 >
b110101111100 2
b110100 7
b110100 C
1'
#283802000
0'
#283843000
b110101111101 2
b110101111101 >
b110011 C
b110011 7
1'
#283884000
0'
#283925000
b110101111110 >
b110101111110 2
b110010 7
b110010 C
1'
#283966000
0'
#284007000
b110101111111 2
b110101111111 >
b110001 C
b110001 7
1'
#284048000
0'
#284089000
b110110000000 >
b110110000000 2
b110000 7
b110000 C
1'
#284130000
0'
#284171000
b110110000001 2
b110110000001 >
b101111 C
b101111 7
1'
#284212000
0'
#284253000
b110110000010 >
b110110000010 2
b101110 7
b101110 C
1'
#284294000
0'
#284335000
b110110000011 2
b110110000011 >
b101101 C
b101101 7
1'
#284376000
0'
#284417000
b110110000100 >
b110110000100 2
b101100 7
b101100 C
1'
#284458000
0'
#284499000
b110110000101 2
b110110000101 >
b101011 C
b101011 7
1'
#284540000
0'
#284581000
b110110000110 >
b110110000110 2
b101010 7
b101010 C
1'
#284622000
0'
#284663000
b110110000111 2
b110110000111 >
b101001 C
b101001 7
1'
#284704000
0'
#284745000
b110110001000 >
b110110001000 2
b101000 7
b101000 C
1'
#284786000
0'
#284827000
b110110001001 2
b110110001001 >
b100111 C
b100111 7
1'
#284868000
0'
#284909000
b110110001010 >
b110110001010 2
b100110 7
b100110 C
1'
#284950000
0'
#284991000
b110110001011 2
b110110001011 >
b100101 C
b100101 7
1'
#285032000
0'
#285073000
b110110001100 >
b110110001100 2
b100100 7
b100100 C
1'
#285114000
0'
#285155000
b110110001101 2
b110110001101 >
b100011 C
b100011 7
1'
#285196000
0'
#285237000
b110110001110 >
b110110001110 2
b100010 7
b100010 C
1'
#285278000
0'
#285319000
b110110001111 2
b110110001111 >
b100001 C
b100001 7
1'
#285360000
0'
#285401000
b110110010000 >
b110110010000 2
b100000 7
b100000 C
1'
#285442000
0'
#285483000
b110110010001 2
b110110010001 >
b11111 C
b11111 7
1'
#285524000
0'
#285565000
b110110010010 >
b110110010010 2
b11110 7
b11110 C
1'
#285606000
0'
#285647000
b110110010011 2
b110110010011 >
b11101 C
b11101 7
1'
#285688000
0'
#285729000
b110110010100 >
b110110010100 2
b11100 7
b11100 C
1'
#285770000
0'
#285811000
b110110010101 2
b110110010101 >
b11011 C
b11011 7
1'
#285852000
0'
#285893000
b110110010110 >
b110110010110 2
b11010 7
b11010 C
1'
#285934000
0'
#285975000
b110110010111 2
b110110010111 >
b11001 C
b11001 7
1'
#286016000
0'
#286057000
b110110011000 >
b110110011000 2
b11000 7
b11000 C
1'
#286098000
0'
#286139000
b110110011001 2
b110110011001 >
b10111 C
b10111 7
1'
#286180000
0'
#286221000
b110110011010 >
b110110011010 2
b10110 7
b10110 C
1'
#286262000
0'
#286303000
b110110011011 2
b110110011011 >
b10101 C
b10101 7
1'
#286344000
0'
#286385000
b110110011100 >
b110110011100 2
b10100 7
b10100 C
1'
#286426000
0'
#286467000
b110110011101 2
b110110011101 >
b10011 C
b10011 7
1'
#286508000
0'
#286549000
b110110011110 >
b110110011110 2
b10010 7
b10010 C
1'
#286590000
0'
#286631000
b110110011111 2
b110110011111 >
b10001 C
b10001 7
1'
#286672000
0'
#286713000
b110110100000 >
b110110100000 2
b10000 7
b10000 C
1'
#286754000
0'
#286795000
b110110100001 2
b110110100001 >
b1111 C
b1111 7
1'
#286836000
0'
#286877000
b110110100010 >
b110110100010 2
b1110 7
b1110 C
1'
#286918000
0'
#286959000
b110110100011 2
b110110100011 >
b1101 C
b1101 7
1'
#287000000
0'
#287041000
b110110100100 >
b110110100100 2
b1100 7
b1100 C
1'
#287082000
0'
#287123000
b110110100101 2
b110110100101 >
b1011 C
b1011 7
1'
#287164000
0'
#287205000
b110110100110 >
b110110100110 2
b1010 7
b1010 C
1'
#287246000
0'
#287287000
b110110100111 2
b110110100111 >
b1001 C
b1001 7
1'
#287328000
0'
#287369000
b110110101000 >
b110110101000 2
b1000 7
b1000 C
1'
#287410000
0'
#287451000
b110110101001 2
b110110101001 >
b111 C
b111 7
1'
#287492000
0'
#287533000
b110110101010 >
b110110101010 2
b110 7
b110 C
1'
#287574000
0'
#287615000
b110110101011 2
b110110101011 >
b101 C
b101 7
1'
#287656000
0'
#287697000
b110110101100 >
b110110101100 2
b100 7
b100 C
1'
#287738000
0'
#287779000
b110110101101 2
b110110101101 >
b11 C
b11 7
1'
#287820000
0'
#287861000
b110110101110 >
b110110101110 2
b10 7
b10 C
1'
#287902000
0'
#287943000
b110110101111 2
b110110101111 >
b1 C
b1 7
1'
#287984000
0'
#288025000
b110110110000 >
b110110110000 2
b0 7
b0 C
1'
#288066000
0'
#288107000
b110110110001 2
b110110110001 >
1;
b101010111 C
1%
1/
b101010111 7
1'
#288148000
0'
#288189000
b110110110010 >
b110110110010 2
b101010110 7
b101010110 C
1'
#288230000
0'
#288271000
b110110110011 2
b110110110011 >
b101010101 C
b101010101 7
1'
#288312000
0'
#288353000
b110110110100 >
b110110110100 2
b101010100 7
b101010100 C
1'
#288394000
0'
#288435000
b110110110101 2
b110110110101 >
b101010011 C
b101010011 7
1'
#288476000
0'
#288517000
b110110110110 >
b110110110110 2
b101010010 7
b101010010 C
1'
#288558000
0'
#288599000
b110110110111 2
b110110110111 >
b101010001 C
b101010001 7
1'
#288640000
0'
#288681000
b110110111000 >
b110110111000 2
b101010000 7
b101010000 C
1'
#288722000
0'
#288763000
b110110111001 2
b110110111001 >
b101001111 C
b101001111 7
1'
#288804000
0'
#288845000
b110110111010 >
b110110111010 2
b101001110 7
b101001110 C
1'
#288886000
0'
#288927000
b110110111011 2
b110110111011 >
b101001101 C
b101001101 7
1'
#288968000
0'
#289009000
b110110111100 >
b110110111100 2
b101001100 7
b101001100 C
1'
#289050000
0'
#289091000
b110110111101 2
b110110111101 >
b101001011 C
b101001011 7
1'
#289132000
0'
#289173000
b110110111110 >
b110110111110 2
b101001010 7
b101001010 C
1'
#289214000
0'
#289255000
b110110111111 2
b110110111111 >
b101001001 C
b101001001 7
1'
#289296000
0'
#289337000
b110111000000 >
b110111000000 2
b101001000 7
b101001000 C
1'
#289378000
0'
#289419000
b110111000001 2
b110111000001 >
b101000111 C
b101000111 7
1'
#289460000
0'
#289501000
b110111000010 >
b110111000010 2
b101000110 7
b101000110 C
1'
#289542000
0'
#289583000
b110111000011 2
b110111000011 >
b101000101 C
b101000101 7
1'
#289624000
0'
#289665000
b110111000100 >
b110111000100 2
b101000100 7
b101000100 C
1'
#289706000
0'
#289747000
b110111000101 2
b110111000101 >
b101000011 C
b101000011 7
1'
#289788000
0'
#289829000
b110111000110 >
b110111000110 2
b101000010 7
b101000010 C
1'
#289870000
0'
#289911000
b110111000111 2
b110111000111 >
b101000001 C
b101000001 7
1'
#289952000
0'
#289993000
b110111001000 >
b110111001000 2
b101000000 7
b101000000 C
1'
#290034000
0'
#290075000
b110111001001 2
b110111001001 >
b100111111 C
b100111111 7
1'
#290116000
0'
#290157000
b110111001010 >
b110111001010 2
b100111110 7
b100111110 C
1'
#290198000
0'
#290239000
b110111001011 2
b110111001011 >
b100111101 C
b100111101 7
1'
#290280000
0'
#290321000
b110111001100 >
b110111001100 2
b100111100 7
b100111100 C
1'
#290362000
0'
#290403000
b110111001101 2
b110111001101 >
b100111011 C
b100111011 7
1'
#290444000
0'
#290485000
b110111001110 >
b110111001110 2
b100111010 7
b100111010 C
1'
#290526000
0'
#290567000
b110111001111 2
b110111001111 >
b100111001 C
b100111001 7
1'
#290608000
0'
#290649000
b110111010000 >
b110111010000 2
b100111000 7
b100111000 C
1'
#290690000
0'
#290731000
b110111010001 2
b110111010001 >
b100110111 C
b100110111 7
1'
#290772000
0'
#290813000
b110111010010 >
b110111010010 2
b100110110 7
b100110110 C
1'
#290854000
0'
#290895000
b110111010011 2
b110111010011 >
b100110101 C
b100110101 7
1'
#290936000
0'
#290977000
b110111010100 >
b110111010100 2
b100110100 7
b100110100 C
1'
#291018000
0'
#291059000
b110111010101 2
b110111010101 >
b100110011 C
b100110011 7
1'
#291100000
0'
#291141000
b110111010110 >
b110111010110 2
b100110010 7
b100110010 C
1'
#291182000
0'
#291223000
b110111010111 2
b110111010111 >
b100110001 C
b100110001 7
1'
#291264000
0'
#291305000
b110111011000 >
b110111011000 2
b100110000 7
b100110000 C
1'
#291346000
0'
#291387000
b110111011001 2
b110111011001 >
b100101111 C
b100101111 7
1'
#291428000
0'
#291469000
b110111011010 >
b110111011010 2
b100101110 7
b100101110 C
1'
#291510000
0'
#291551000
b110111011011 2
b110111011011 >
b100101101 C
b100101101 7
1'
#291592000
0'
#291633000
b110111011100 >
b110111011100 2
b100101100 7
b100101100 C
1'
#291674000
0'
#291715000
b110111011101 2
b110111011101 >
b100101011 C
b100101011 7
1'
#291756000
0'
#291797000
b110111011110 >
b110111011110 2
b100101010 7
b100101010 C
1'
#291838000
0'
#291879000
b110111011111 2
b110111011111 >
b100101001 C
b100101001 7
1'
#291920000
0'
#291961000
b110111100000 >
b110111100000 2
b100101000 7
b100101000 C
1'
#292002000
0'
#292043000
b110111100001 2
b110111100001 >
b100100111 C
b100100111 7
1'
#292084000
0'
#292125000
b110111100010 >
b110111100010 2
b100100110 7
b100100110 C
1'
#292166000
0'
#292207000
b110111100011 2
b110111100011 >
b100100101 C
b100100101 7
1'
#292248000
0'
#292289000
b110111100100 >
b110111100100 2
b100100100 7
b100100100 C
1'
#292330000
0'
#292371000
b110111100101 2
b110111100101 >
b100100011 C
b100100011 7
1'
#292412000
0'
#292453000
b110111100110 >
b110111100110 2
b100100010 7
b100100010 C
1'
#292494000
0'
#292535000
b110111100111 2
b110111100111 >
b100100001 C
b100100001 7
1'
#292576000
0'
#292617000
b110111101000 >
b110111101000 2
b100100000 7
b100100000 C
1'
#292658000
0'
#292699000
b110111101001 2
b110111101001 >
b100011111 C
b100011111 7
1'
#292740000
0'
#292781000
b110111101010 >
b110111101010 2
b100011110 7
b100011110 C
1'
#292822000
0'
#292863000
b110111101011 2
b110111101011 >
b100011101 C
b100011101 7
1'
#292904000
0'
#292945000
b110111101100 >
b110111101100 2
b100011100 7
b100011100 C
1'
#292986000
0'
#293027000
b110111101101 2
b110111101101 >
b100011011 C
b100011011 7
1'
#293068000
0'
#293109000
b110111101110 >
b110111101110 2
b100011010 7
b100011010 C
1'
#293150000
0'
#293191000
b110111101111 2
b110111101111 >
b100011001 C
b100011001 7
1'
#293232000
0'
#293273000
b110111110000 >
b110111110000 2
b100011000 7
b100011000 C
1'
#293314000
0'
#293355000
b110111110001 2
b110111110001 >
b100010111 C
b100010111 7
1'
#293396000
0'
#293437000
b110111110010 >
b110111110010 2
b100010110 7
b100010110 C
1'
#293478000
0'
#293519000
b110111110011 2
b110111110011 >
b100010101 C
b100010101 7
1'
#293560000
0'
#293601000
b110111110100 >
b110111110100 2
b100010100 7
b100010100 C
1'
#293642000
0'
#293683000
b110111110101 2
b110111110101 >
b100010011 C
b100010011 7
1'
#293724000
0'
#293765000
b110111110110 >
b110111110110 2
b100010010 7
b100010010 C
1'
#293806000
0'
#293847000
b110111110111 2
b110111110111 >
b100010001 C
b100010001 7
1'
#293888000
0'
#293929000
b110111111000 >
b110111111000 2
b100010000 7
b100010000 C
1'
#293970000
0'
#294011000
b110111111001 2
b110111111001 >
b100001111 C
b100001111 7
1'
#294052000
0'
#294093000
b110111111010 >
b110111111010 2
b100001110 7
b100001110 C
1'
#294134000
0'
#294175000
b110111111011 2
b110111111011 >
b100001101 C
b100001101 7
1'
#294216000
0'
#294257000
b110111111100 >
b110111111100 2
b100001100 7
b100001100 C
1'
#294298000
0'
#294339000
b110111111101 2
b110111111101 >
b100001011 C
b100001011 7
1'
#294380000
0'
#294421000
b110111111110 >
b110111111110 2
b100001010 7
b100001010 C
1'
#294462000
0'
#294503000
b110111111111 2
b110111111111 >
b100001001 C
b100001001 7
1'
#294544000
0'
#294585000
b111000000000 >
b111000000000 2
b100001000 7
b100001000 C
1'
#294626000
0'
#294667000
b111000000001 2
b111000000001 >
b100000111 C
b100000111 7
1'
#294708000
0'
#294749000
b111000000010 >
b111000000010 2
b100000110 7
b100000110 C
1'
#294790000
0'
#294831000
b111000000011 2
b111000000011 >
b100000101 C
b100000101 7
1'
#294872000
0'
#294913000
b111000000100 >
b111000000100 2
b100000100 7
b100000100 C
1'
#294954000
0'
#294995000
b111000000101 2
b111000000101 >
b100000011 C
b100000011 7
1'
#295036000
0'
#295077000
b111000000110 >
b111000000110 2
b100000010 7
b100000010 C
1'
#295118000
0'
#295159000
b111000000111 2
b111000000111 >
b100000001 C
b100000001 7
1'
#295200000
0'
#295241000
b111000001000 >
b111000001000 2
b100000000 7
b100000000 C
1'
#295282000
0'
#295323000
b111000001001 2
b111000001001 >
b11111111 C
b11111111 7
1'
#295364000
0'
#295405000
b111000001010 >
b111000001010 2
b11111110 7
b11111110 C
1'
#295446000
0'
#295487000
b111000001011 2
b111000001011 >
b11111101 C
b11111101 7
1'
#295528000
0'
#295569000
b111000001100 >
b111000001100 2
b11111100 7
b11111100 C
1'
#295610000
0'
#295651000
b111000001101 2
b111000001101 >
b11111011 C
b11111011 7
1'
#295692000
0'
#295733000
b111000001110 >
b111000001110 2
b11111010 7
b11111010 C
1'
#295774000
0'
#295815000
b111000001111 2
b111000001111 >
b11111001 C
b11111001 7
1'
#295856000
0'
#295897000
b111000010000 >
b111000010000 2
b11111000 7
b11111000 C
1'
#295938000
0'
#295979000
b111000010001 2
b111000010001 >
b11110111 C
b11110111 7
1'
#296020000
0'
#296061000
b111000010010 >
b111000010010 2
b11110110 7
b11110110 C
1'
#296102000
0'
#296143000
b111000010011 2
b111000010011 >
b11110101 C
b11110101 7
1'
#296184000
0'
#296225000
b111000010100 >
b111000010100 2
b11110100 7
b11110100 C
1'
#296266000
0'
#296307000
b111000010101 2
b111000010101 >
b11110011 C
b11110011 7
1'
#296348000
0'
#296389000
b111000010110 >
b111000010110 2
b11110010 7
b11110010 C
1'
#296430000
0'
#296471000
b111000010111 2
b111000010111 >
b11110001 C
b11110001 7
1'
#296512000
0'
#296553000
b111000011000 >
b111000011000 2
b11110000 7
b11110000 C
1'
#296594000
0'
#296635000
b111000011001 2
b111000011001 >
b11101111 C
b11101111 7
1'
#296676000
0'
#296717000
b111000011010 >
b111000011010 2
b11101110 7
b11101110 C
1'
#296758000
0'
#296799000
b111000011011 2
b111000011011 >
b11101101 C
b11101101 7
1'
#296840000
0'
#296881000
b111000011100 >
b111000011100 2
b11101100 7
b11101100 C
1'
#296922000
0'
#296963000
b111000011101 2
b111000011101 >
b11101011 C
b11101011 7
1'
#297004000
0'
#297045000
b111000011110 >
b111000011110 2
b11101010 7
b11101010 C
1'
#297086000
0'
#297127000
b111000011111 2
b111000011111 >
b11101001 C
b11101001 7
1'
#297168000
0'
#297209000
b111000100000 >
b111000100000 2
b11101000 7
b11101000 C
b0 D
b0 +
1'
#297250000
0'
#297291000
b111000100001 2
b111000100001 >
b11100111 C
b11100111 7
b1 D
b1 +
1'
#297332000
0'
#297373000
b111000100010 >
b111000100010 2
b11100110 7
b11100110 C
b10 D
1'
#297414000
0'
#297455000
b111000100011 2
b111000100011 >
b11100101 C
b11100101 7
b11 D
1'
#297496000
0'
#297537000
b111000100100 >
b111000100100 2
b11100100 7
b11100100 C
b100 D
1'
#297578000
0'
#297619000
b111000100101 2
b111000100101 >
b11100011 C
b11100011 7
b101 D
1'
#297660000
0'
#297701000
b111000100110 >
b111000100110 2
b11100010 7
b11100010 C
b110 D
1'
#297742000
0'
#297783000
b111000100111 2
b111000100111 >
b11100001 C
b11100001 7
b111 D
1'
#297824000
0'
#297865000
b111000101000 >
b111000101000 2
b11100000 7
b11100000 C
b1000 D
1'
#297906000
0'
#297947000
b111000101001 2
b111000101001 >
b11011111 C
b11011111 7
b1001 D
1'
#297988000
0'
#298029000
b111000101010 >
b111000101010 2
b11011110 7
b11011110 C
b1010 D
1'
#298070000
0'
#298111000
b111000101011 2
b111000101011 >
b11011101 C
b11011101 7
b1011 D
1'
#298152000
0'
#298193000
b111000101100 >
b111000101100 2
b11011100 7
b11011100 C
b1100 D
1'
#298234000
0'
#298275000
b111000101101 2
b111000101101 >
b11011011 C
b11011011 7
b1101 D
1'
#298316000
0'
#298357000
b111000101110 >
b111000101110 2
b11011010 7
b11011010 C
b1110 D
1'
#298398000
0'
#298439000
b111000101111 2
b111000101111 >
b11011001 C
b11011001 7
b1111 D
1'
#298480000
0'
#298521000
b111000110000 >
b111000110000 2
b11011000 7
b11011000 C
b10000 D
1'
#298562000
0'
#298603000
b111000110001 2
b111000110001 >
b11010111 C
b11010111 7
b10001 D
1'
#298644000
0'
#298685000
b111000110010 >
b111000110010 2
b11010110 7
b11010110 C
b10010 D
1'
#298726000
0'
#298767000
b111000110011 2
b111000110011 >
b11010101 C
b11010101 7
b10011 D
1'
#298808000
0'
#298849000
b111000110100 >
b111000110100 2
b11010100 7
b11010100 C
b10100 D
1'
#298890000
0'
#298931000
b111000110101 2
b111000110101 >
b11010011 C
b11010011 7
b10101 D
1'
#298972000
0'
#299013000
b111000110110 >
b111000110110 2
b11010010 7
b11010010 C
b10110 D
1'
#299054000
0'
#299095000
b111000110111 2
b111000110111 >
b11010001 C
b11010001 7
b10111 D
1'
#299136000
0'
#299177000
b111000111000 >
b111000111000 2
b11010000 7
b11010000 C
b11000 D
1'
#299218000
0'
#299259000
b111000111001 2
b111000111001 >
b11001111 C
b11001111 7
b11001 D
1'
#299300000
0'
#299341000
b111000111010 >
b111000111010 2
b11001110 7
b11001110 C
b11010 D
1'
#299382000
0'
#299423000
b111000111011 2
b111000111011 >
b11001101 C
b11001101 7
b11011 D
1'
#299464000
0'
#299505000
b111000111100 >
b111000111100 2
b11001100 7
b11001100 C
b11100 D
1'
#299546000
0'
#299587000
b111000111101 2
b111000111101 >
b11001011 C
b11001011 7
b11101 D
1'
#299628000
0'
#299669000
b111000111110 >
b111000111110 2
b11001010 7
b11001010 C
b11110 D
1'
#299710000
0'
#299751000
b111000111111 2
b111000111111 >
b11001001 C
b11001001 7
b11111 D
1'
#299792000
0'
#299833000
b111001000000 >
b111001000000 2
b11001000 7
b11001000 C
b100000 D
1'
#299874000
0'
#299915000
b111001000001 2
b111001000001 >
b11000111 C
b11000111 7
b100001 D
1'
#299956000
0'
#299997000
b111001000010 >
b111001000010 2
b11000110 7
b11000110 C
b100010 D
1'
#300038000
0'
#300079000
b111001000011 2
b111001000011 >
b11000101 C
b11000101 7
b100011 D
1'
#300120000
0'
#300161000
b111001000100 >
b111001000100 2
b11000100 7
b11000100 C
b100100 D
1'
#300202000
0'
#300243000
b111001000101 2
b111001000101 >
b11000011 C
b11000011 7
b100101 D
1'
#300284000
0'
#300325000
b111001000110 >
b111001000110 2
b11000010 7
b11000010 C
b100110 D
1'
#300366000
0'
#300407000
b111001000111 2
b111001000111 >
b11000001 C
b11000001 7
b100111 D
1'
#300448000
0'
#300489000
b111001001000 >
b111001001000 2
b11000000 7
b11000000 C
b101000 D
1'
#300530000
0'
#300571000
b111001001001 2
b111001001001 >
b10111111 C
b10111111 7
b101001 D
1'
#300612000
0'
#300653000
b111001001010 >
b111001001010 2
b10111110 7
b10111110 C
b101010 D
1'
#300694000
0'
#300735000
b111001001011 2
b111001001011 >
b10111101 C
b10111101 7
b101011 D
1'
#300776000
0'
#300817000
b111001001100 >
b111001001100 2
b10111100 7
b10111100 C
b101100 D
1'
#300858000
0'
#300899000
b111001001101 2
b111001001101 >
b10111011 C
b10111011 7
b101101 D
1'
#300940000
0'
#300981000
b111001001110 >
b111001001110 2
b10111010 7
b10111010 C
b101110 D
1'
#301022000
0'
#301063000
b111001001111 2
b111001001111 >
b10111001 C
b10111001 7
b101111 D
1'
#301104000
0'
#301145000
b111001010000 >
b111001010000 2
b10111000 7
b10111000 C
b110000 D
1'
#301186000
0'
#301227000
b111001010001 2
b111001010001 >
b10110111 C
b10110111 7
b110001 D
1'
#301268000
0'
#301309000
b111001010010 >
b111001010010 2
b10110110 7
b10110110 C
b110010 D
1'
#301350000
0'
#301391000
b111001010011 2
b111001010011 >
b10110101 C
b10110101 7
b110011 D
1'
#301432000
0'
#301473000
b111001010100 >
b111001010100 2
b10110100 7
b10110100 C
b110100 D
1'
#301514000
0'
#301555000
b111001010101 2
b111001010101 >
b10110011 C
b10110011 7
b110101 D
1'
#301596000
0'
#301637000
b111001010110 >
b111001010110 2
b10110010 7
b10110010 C
b110110 D
1'
#301678000
0'
#301719000
b111001010111 2
b111001010111 >
b10110001 C
b10110001 7
b110111 D
1'
#301760000
0'
#301801000
b111001011000 >
b111001011000 2
b10110000 7
b10110000 C
b111000 D
1'
#301842000
0'
#301883000
b111001011001 2
b111001011001 >
b10101111 C
b10101111 7
b111001 D
1'
#301924000
0'
#301965000
b111001011010 >
b111001011010 2
b10101110 7
b10101110 C
b111010 D
1'
#302006000
0'
#302047000
b111001011011 2
b111001011011 >
b10101101 C
b10101101 7
b111011 D
1'
#302088000
0'
#302129000
b111001011100 >
b111001011100 2
b10101100 7
b10101100 C
b111100 D
1'
#302170000
0'
#302211000
b111001011101 2
b111001011101 >
b10101011 C
b10101011 7
b111101 D
1'
#302252000
0'
#302293000
b111001011110 >
b111001011110 2
b10101010 7
b10101010 C
b111110 D
1'
#302334000
0'
#302375000
b111001011111 2
b111001011111 >
b10101001 C
b10101001 7
b111111 D
1'
#302416000
0'
#302457000
b111001100000 >
b111001100000 2
b10101000 7
b10101000 C
b1000000 D
1'
#302498000
0'
#302539000
b111001100001 2
b111001100001 >
b10100111 C
b10100111 7
b1000001 D
1'
#302580000
0'
#302621000
b111001100010 >
b111001100010 2
b10100110 7
b10100110 C
b1000010 D
1'
#302662000
0'
#302703000
b111001100011 2
b111001100011 >
b10100101 C
b10100101 7
b1000011 D
1'
#302744000
0'
#302785000
b111001100100 >
b111001100100 2
b10100100 7
b10100100 C
b1000100 D
1'
#302826000
0'
#302867000
b111001100101 2
b111001100101 >
b10100011 C
b10100011 7
b1000101 D
1'
#302908000
0'
#302949000
b111001100110 >
b111001100110 2
b10100010 7
b10100010 C
b1000110 D
1'
#302990000
0'
#303031000
b111001100111 2
b111001100111 >
b10100001 C
b10100001 7
b1000111 D
1'
#303072000
0'
#303113000
b111001101000 >
b111001101000 2
b10100000 7
b10100000 C
b1001000 D
1'
#303154000
0'
#303195000
b111001101001 2
b111001101001 >
b10011111 C
b10011111 7
b1001001 D
1'
#303236000
0'
#303277000
b111001101010 >
b111001101010 2
b10011110 7
b10011110 C
b1001010 D
1'
#303318000
0'
#303359000
b111001101011 2
b111001101011 >
b10011101 C
b10011101 7
b1001011 D
1'
#303400000
0'
#303441000
b111001101100 >
b111001101100 2
b10011100 7
b10011100 C
b1001100 D
1'
#303482000
0'
#303523000
b111001101101 2
b111001101101 >
b10011011 C
b10011011 7
b1001101 D
1'
#303564000
0'
#303605000
b111001101110 >
b111001101110 2
b10011010 7
b10011010 C
b1001110 D
1'
#303646000
0'
#303687000
b111001101111 2
b111001101111 >
b10011001 C
b10011001 7
b1001111 D
1'
#303728000
0'
#303769000
b111001110000 >
b111001110000 2
b10011000 7
b10011000 C
b1010000 D
1'
#303810000
0'
#303851000
b111001110001 2
b111001110001 >
b10010111 C
b10010111 7
b1010001 D
1'
#303892000
0'
#303933000
b111001110010 >
b111001110010 2
b10010110 7
b10010110 C
b1010010 D
1'
#303974000
0'
#304015000
b111001110011 2
b111001110011 >
b10010101 C
b10010101 7
b1010011 D
1'
#304056000
0'
#304097000
b111001110100 >
b111001110100 2
b10010100 7
b10010100 C
b1010100 D
1'
#304138000
0'
#304179000
b111001110101 2
b111001110101 >
b10010011 C
b10010011 7
b1010101 D
1'
#304220000
0'
#304261000
b111001110110 >
b111001110110 2
b10010010 7
b10010010 C
b1010110 D
1'
#304302000
0'
#304343000
b111001110111 2
b111001110111 >
b10010001 C
b10010001 7
b1010111 D
1'
#304384000
0'
#304425000
b111001111000 >
b111001111000 2
b10010000 7
b10010000 C
b1011000 D
1'
#304466000
0'
#304507000
b111001111001 2
b111001111001 >
b10001111 C
b10001111 7
b1011001 D
1'
#304548000
0'
#304589000
b111001111010 >
b111001111010 2
b10001110 7
b10001110 C
b1011010 D
1'
#304630000
0'
#304671000
b111001111011 2
b111001111011 >
b10001101 C
b10001101 7
b1011011 D
1'
#304712000
0'
#304753000
b111001111100 >
b111001111100 2
b10001100 7
b10001100 C
b1011100 D
1'
#304794000
0'
#304835000
b111001111101 2
b111001111101 >
b10001011 C
b10001011 7
b1011101 D
1'
#304876000
0'
#304917000
b111001111110 >
b111001111110 2
b10001010 7
b10001010 C
b1011110 D
1'
#304958000
0'
#304999000
b111001111111 2
b111001111111 >
b10001001 C
b10001001 7
b1011111 D
1'
#305040000
0'
#305081000
b111010000000 >
b111010000000 2
b10001000 7
b10001000 C
b1100000 D
1'
#305122000
0'
#305163000
b111010000001 2
b111010000001 >
b10000111 C
b10000111 7
b1100001 D
1'
#305204000
0'
#305245000
b111010000010 >
b111010000010 2
b10000110 7
b10000110 C
b1100010 D
1'
#305286000
0'
#305327000
b111010000011 2
b111010000011 >
b10000101 C
b10000101 7
b1100011 D
1'
#305368000
0'
#305409000
b111010000100 >
b111010000100 2
b10000100 7
b10000100 C
b1100100 D
1'
#305450000
0'
#305491000
b111010000101 2
b111010000101 >
b10000011 C
b10000011 7
b1100101 D
1'
#305532000
0'
#305573000
b111010000110 >
b111010000110 2
b10000010 7
b10000010 C
b1100110 D
1'
#305614000
0'
#305655000
b111010000111 2
b111010000111 >
b10000001 C
b10000001 7
b1100111 D
1'
#305696000
0'
#305737000
b111010001000 >
b111010001000 2
b10000000 7
b10000000 C
b1101000 D
1'
#305778000
0'
#305819000
b111010001001 2
b111010001001 >
b1111111 C
b1111111 7
b1101001 D
1'
#305860000
0'
#305901000
b111010001010 >
b111010001010 2
b1111110 7
b1111110 C
b1101010 D
1'
#305942000
0'
#305983000
b111010001011 2
b111010001011 >
b1111101 C
b1111101 7
b1101011 D
1'
#306024000
0'
#306065000
b111010001100 >
b111010001100 2
b1111100 7
b1111100 C
b1101100 D
1'
#306106000
0'
#306147000
b111010001101 2
b111010001101 >
b1111011 C
b1111011 7
b1101101 D
1'
#306188000
0'
#306229000
b111010001110 >
b111010001110 2
b1111010 7
b1111010 C
b1101110 D
1'
#306270000
0'
#306311000
b111010001111 2
b111010001111 >
b1111001 C
b1111001 7
b1101111 D
1'
#306352000
0'
#306393000
b111010010000 >
b111010010000 2
b1111000 7
b1111000 C
b1110000 D
1'
#306434000
0'
#306475000
b111010010001 2
b111010010001 >
b1110111 C
b1110111 7
b1110001 D
1'
#306516000
0'
#306557000
b111010010010 >
b111010010010 2
b1110110 7
b1110110 C
b1110010 D
1'
#306598000
0'
#306639000
b111010010011 2
b111010010011 >
b1110101 C
b1110101 7
b1110011 D
1'
#306680000
0'
#306721000
b111010010100 >
b111010010100 2
b1110100 7
b1110100 C
b1110100 D
1'
#306762000
0'
#306803000
b111010010101 2
b111010010101 >
b1110011 C
b1110011 7
b1110101 D
1'
#306844000
0'
#306885000
b111010010110 >
b111010010110 2
b1110010 7
b1110010 C
b1110110 D
1'
#306926000
0'
#306967000
b111010010111 2
b111010010111 >
b1110001 C
b1110001 7
b1110111 D
1'
#307008000
0'
#307049000
b111010011000 >
b111010011000 2
b1110000 7
b1110000 C
b1111000 D
1'
#307090000
0'
#307131000
b111010011001 2
b111010011001 >
b1101111 C
b1101111 7
b1111001 D
1'
#307172000
0'
#307213000
b111010011010 >
b111010011010 2
b1101110 7
b1101110 C
b1111010 D
1'
#307254000
0'
#307295000
b111010011011 2
b111010011011 >
b1101101 C
b1101101 7
b1111011 D
1'
#307336000
0'
#307377000
b111010011100 >
b111010011100 2
b1101100 7
b1101100 C
b1111100 D
1'
#307418000
0'
#307459000
b111010011101 2
b111010011101 >
b1101011 C
b1101011 7
b1111101 D
1'
#307500000
0'
#307541000
b111010011110 >
b111010011110 2
b1101010 7
b1101010 C
b1111110 D
1'
#307582000
0'
#307623000
b111010011111 2
b111010011111 >
b1101001 C
b1101001 7
b1111111 D
1'
#307664000
0'
#307705000
b111010100000 >
b111010100000 2
b1101000 7
b1101000 C
b10000000 D
1'
#307746000
0'
#307787000
b111010100001 2
b111010100001 >
b1100111 C
b1100111 7
b10000001 D
1'
#307828000
0'
#307869000
b111010100010 >
b111010100010 2
b1100110 7
b1100110 C
b10000010 D
1'
#307910000
0'
#307951000
b111010100011 2
b111010100011 >
b1100101 C
b1100101 7
b10000011 D
1'
#307992000
0'
#308033000
b111010100100 >
b111010100100 2
b1100100 7
b1100100 C
b10000100 D
1'
#308074000
0'
#308115000
b111010100101 2
b111010100101 >
b1100011 C
b1100011 7
b10000101 D
1'
#308156000
0'
#308197000
b111010100110 >
b111010100110 2
b1100010 7
b1100010 C
b10000110 D
1'
#308238000
0'
#308279000
b111010100111 2
b111010100111 >
b1100001 C
b1100001 7
b10000111 D
1'
#308320000
0'
#308361000
b111010101000 >
b111010101000 2
b1100000 7
b1100000 C
b10001000 D
1'
#308402000
0'
#308443000
b111010101001 2
b111010101001 >
b1011111 C
b1011111 7
b10001001 D
1'
#308484000
0'
#308525000
b111010101010 >
b111010101010 2
b1011110 7
b1011110 C
b10001010 D
1'
#308566000
0'
#308607000
b111010101011 2
b111010101011 >
b1011101 C
b1011101 7
b10001011 D
1'
#308648000
0'
#308689000
b111010101100 >
b111010101100 2
b1011100 7
b1011100 C
b10001100 D
1'
#308730000
0'
#308771000
b111010101101 2
b111010101101 >
b1011011 C
b1011011 7
b10001101 D
1'
#308812000
0'
#308853000
b111010101110 >
b111010101110 2
b1011010 7
b1011010 C
b10001110 D
1'
#308894000
0'
#308935000
b111010101111 2
b111010101111 >
b1011001 C
b1011001 7
b10001111 D
1'
#308976000
0'
#309017000
b111010110000 >
b111010110000 2
b1011000 7
b1011000 C
b10010000 D
1'
#309058000
0'
#309099000
b111010110001 2
b111010110001 >
b1010111 C
b1010111 7
b10010001 D
1'
#309140000
0'
#309181000
b111010110010 >
b111010110010 2
b1010110 7
b1010110 C
b10010010 D
1'
#309222000
0'
#309263000
b111010110011 2
b111010110011 >
b1010101 C
b1010101 7
b10010011 D
1'
#309304000
0'
#309345000
b111010110100 >
b111010110100 2
b1010100 7
b1010100 C
b10010100 D
1'
#309386000
0'
#309427000
b111010110101 2
b111010110101 >
b1010011 C
b1010011 7
b10010101 D
1'
#309468000
0'
#309509000
b111010110110 >
b111010110110 2
b1010010 7
b1010010 C
b10010110 D
1'
#309550000
0'
#309591000
b111010110111 2
b111010110111 >
b1010001 C
b1010001 7
b10010111 D
1'
#309632000
0'
#309673000
b111010111000 >
b111010111000 2
b1010000 7
b1010000 C
b10011000 D
1'
#309714000
0'
#309755000
b111010111001 2
b111010111001 >
b1001111 C
b1001111 7
b10011001 D
1'
#309796000
0'
#309837000
b111010111010 >
b111010111010 2
b1001110 7
b1001110 C
b10011010 D
1'
#309878000
0'
#309919000
b111010111011 2
b111010111011 >
b1001101 C
b1001101 7
b10011011 D
1'
#309960000
0'
#310001000
b111010111100 >
b111010111100 2
b1001100 7
b1001100 C
b10011100 D
1'
#310042000
0'
#310083000
b111010111101 2
b111010111101 >
b1001011 C
b1001011 7
b10011101 D
1'
#310124000
0'
#310165000
b111010111110 >
b111010111110 2
b1001010 7
b1001010 C
b10011110 D
1'
#310206000
0'
#310247000
b111010111111 2
b111010111111 >
b1001001 C
b1001001 7
b10011111 D
1'
#310288000
0'
#310329000
b111011000000 >
b111011000000 2
b1001000 7
b1001000 C
b10100000 D
1'
#310370000
0'
#310411000
b111011000001 2
b111011000001 >
b1000111 C
b1000111 7
b10100001 D
1'
#310452000
0'
#310493000
b111011000010 >
b111011000010 2
b1000110 7
b1000110 C
b10100010 D
1'
#310534000
0'
#310575000
b111011000011 2
b111011000011 >
b1000101 C
b1000101 7
b10100011 D
1'
#310616000
0'
#310657000
b111011000100 >
b111011000100 2
b1000100 7
b1000100 C
b10100100 D
1'
#310698000
0'
#310739000
b111011000101 2
b111011000101 >
b1000011 C
b1000011 7
b10100101 D
1'
#310780000
0'
#310821000
b111011000110 >
b111011000110 2
b1000010 7
b1000010 C
b10100110 D
1'
#310862000
0'
#310903000
b111011000111 2
b111011000111 >
b1000001 C
b1000001 7
b10100111 D
1'
#310944000
0'
#310985000
b111011001000 >
b111011001000 2
b1000000 7
b1000000 C
b10101000 D
1'
#311026000
0'
#311067000
b111011001001 2
b111011001001 >
b111111 C
b111111 7
b10101001 D
1'
#311108000
0'
#311149000
b111011001010 >
b111011001010 2
b111110 7
b111110 C
b10101010 D
1'
#311190000
0'
#311231000
b111011001011 2
b111011001011 >
b111101 C
b111101 7
b10101011 D
1'
#311272000
0'
#311313000
b111011001100 >
b111011001100 2
b111100 7
b111100 C
b10101100 D
1'
#311354000
0'
#311395000
b111011001101 2
b111011001101 >
b111011 C
b111011 7
b10101101 D
1'
#311436000
0'
#311477000
b111011001110 >
b111011001110 2
b111010 7
b111010 C
b10101110 D
1'
#311518000
0'
#311559000
b111011001111 2
b111011001111 >
b111001 C
b111001 7
b10101111 D
1'
#311600000
0'
#311641000
b111011010000 >
b111011010000 2
b111000 7
b111000 C
b10110000 D
1'
#311682000
0'
#311723000
b111011010001 2
b111011010001 >
b110111 C
b110111 7
b10110001 D
1'
#311764000
0'
#311805000
b111011010010 >
b111011010010 2
b110110 7
b110110 C
b10110010 D
1'
#311846000
0'
#311887000
b111011010011 2
b111011010011 >
b110101 C
b110101 7
b10110011 D
1'
#311928000
0'
#311969000
b111011010100 >
b111011010100 2
b110100 7
b110100 C
b10110100 D
1'
#312010000
0'
#312051000
b111011010101 2
b111011010101 >
b110011 C
b110011 7
b10110101 D
1'
#312092000
0'
#312133000
b111011010110 >
b111011010110 2
b110010 7
b110010 C
b10110110 D
1'
#312174000
0'
#312215000
b111011010111 2
b111011010111 >
b110001 C
b110001 7
b10110111 D
1'
#312256000
0'
#312297000
b111011011000 >
b111011011000 2
b110000 7
b110000 C
b10111000 D
1'
#312338000
0'
#312379000
b111011011001 2
b111011011001 >
b101111 C
b101111 7
b10111001 D
1'
#312420000
0'
#312461000
b111011011010 >
b111011011010 2
b101110 7
b101110 C
b10111010 D
1'
#312502000
0'
#312543000
b111011011011 2
b111011011011 >
b101101 C
b101101 7
b10111011 D
1'
#312584000
0'
#312625000
b111011011100 >
b111011011100 2
b101100 7
b101100 C
b10111100 D
1'
#312666000
0'
#312707000
b111011011101 2
b111011011101 >
b101011 C
b101011 7
b10111101 D
1'
#312748000
0'
#312789000
b111011011110 >
b111011011110 2
b101010 7
b101010 C
b10111110 D
1'
#312830000
0'
#312871000
b111011011111 2
b111011011111 >
b101001 C
b101001 7
b10111111 D
1'
#312912000
0'
#312953000
b111011100000 >
b111011100000 2
b101000 7
b101000 C
b11000000 D
1'
#312994000
0'
#313035000
b111011100001 2
b111011100001 >
b100111 C
b100111 7
b11000001 D
1'
#313076000
0'
#313117000
b111011100010 >
b111011100010 2
b100110 7
b100110 C
b11000010 D
1'
#313158000
0'
#313199000
b111011100011 2
b111011100011 >
b100101 C
b100101 7
b11000011 D
1'
#313240000
0'
#313281000
b111011100100 >
b111011100100 2
b100100 7
b100100 C
b11000100 D
1'
#313322000
0'
#313363000
b111011100101 2
b111011100101 >
b100011 C
b100011 7
b11000101 D
1'
#313404000
0'
#313445000
b111011100110 >
b111011100110 2
b100010 7
b100010 C
b11000110 D
1'
#313486000
0'
#313527000
b111011100111 2
b111011100111 >
b100001 C
b100001 7
b11000111 D
1'
#313568000
0'
#313609000
b111011101000 >
b111011101000 2
b100000 7
b100000 C
b11001000 D
1'
#313650000
0'
#313691000
b111011101001 2
b111011101001 >
b11111 C
b11111 7
b11001001 D
1'
#313732000
0'
#313773000
b111011101010 >
b111011101010 2
b11110 7
b11110 C
b11001010 D
1'
#313814000
0'
#313855000
b111011101011 2
b111011101011 >
b11101 C
b11101 7
b11001011 D
1'
#313896000
0'
#313937000
b111011101100 >
b111011101100 2
b11100 7
b11100 C
b11001100 D
1'
#313978000
0'
#314019000
b111011101101 2
b111011101101 >
b11011 C
b11011 7
b11001101 D
1'
#314060000
0'
#314101000
b111011101110 >
b111011101110 2
b11010 7
b11010 C
b11001110 D
1'
#314142000
0'
#314183000
b111011101111 2
b111011101111 >
b11001 C
b11001 7
b11001111 D
1'
#314224000
0'
#314265000
b111011110000 >
b111011110000 2
b11000 7
b11000 C
b11010000 D
1'
#314306000
0'
#314347000
b111011110001 2
b111011110001 >
b10111 C
b10111 7
b11010001 D
1'
#314388000
0'
#314429000
b111011110010 >
b111011110010 2
b10110 7
b10110 C
b11010010 D
1'
#314470000
0'
#314511000
b111011110011 2
b111011110011 >
b10101 C
b10101 7
b11010011 D
1'
#314552000
0'
#314593000
b111011110100 >
b111011110100 2
b10100 7
b10100 C
b11010100 D
1'
#314634000
0'
#314675000
b111011110101 2
b111011110101 >
b10011 C
b10011 7
b11010101 D
1'
#314716000
0'
#314757000
b111011110110 >
b111011110110 2
b10010 7
b10010 C
b11010110 D
1'
#314798000
0'
#314839000
b111011110111 2
b111011110111 >
b10001 C
b10001 7
b11010111 D
1'
#314880000
0'
#314921000
b111011111000 >
b111011111000 2
b10000 7
b10000 C
b11011000 D
1'
#314962000
0'
#315003000
b111011111001 2
b111011111001 >
b1111 C
b1111 7
b11011001 D
1'
#315044000
0'
#315085000
b111011111010 >
b111011111010 2
b1110 7
b1110 C
b11011010 D
1'
#315126000
0'
#315167000
b111011111011 2
b111011111011 >
b1101 C
b1101 7
b11011011 D
1'
#315208000
0'
#315249000
b111011111100 >
b111011111100 2
b1100 7
b1100 C
b11011100 D
1'
#315290000
0'
#315331000
b111011111101 2
b111011111101 >
b1011 C
b1011 7
b11011101 D
1'
#315372000
0'
#315413000
b111011111110 >
b111011111110 2
b1010 7
b1010 C
b11011110 D
1'
#315454000
0'
#315495000
b111011111111 2
b111011111111 >
b1001 C
b1001 7
b11011111 D
1'
#315536000
0'
#315577000
b111100000000 >
b111100000000 2
b1000 7
b1000 C
b11100000 D
1'
#315618000
0'
#315659000
b111100000001 2
b111100000001 >
b111 C
b111 7
b11100001 D
1'
#315700000
0'
#315741000
b111100000010 >
b111100000010 2
b110 7
b110 C
b11100010 D
1'
#315782000
0'
#315823000
b111100000011 2
b111100000011 >
b101 C
b101 7
b11100011 D
1'
#315864000
0'
#315905000
b111100000100 >
b111100000100 2
b100 7
b100 C
b11100100 D
1'
#315946000
0'
#315987000
b111100000101 2
b111100000101 >
b11 C
b11 7
b11100101 D
1'
#316028000
0'
#316069000
b111100000110 >
b111100000110 2
b10 7
b10 C
b11100110 D
1'
#316110000
0'
#316151000
b111100000111 2
b111100000111 >
b1 C
b1 7
b11100111 D
1'
#316192000
0'
#316233000
b111100001000 >
b111100001000 2
b0 7
b0 C
b11101000 D
1'
#316274000
0'
#316315000
b111100001001 2
b111100001001 >
0;
b101010111 C
0%
0/
b101010111 7
b11101001 D
1'
#316356000
0'
#316397000
b111100001010 >
b111100001010 2
b101010110 7
b101010110 C
b11101010 D
1'
#316438000
0'
#316479000
b111100001011 2
b111100001011 >
b101010101 C
b101010101 7
b11101011 D
1'
#316520000
0'
#316561000
b111100001100 >
b111100001100 2
b101010100 7
b101010100 C
b11101100 D
1'
#316602000
0'
#316643000
b111100001101 2
b111100001101 >
b101010011 C
b101010011 7
b11101101 D
1'
#316684000
0'
#316725000
b111100001110 >
b111100001110 2
b101010010 7
b101010010 C
b11101110 D
1'
#316766000
0'
#316807000
b111100001111 2
b111100001111 >
b101010001 C
b101010001 7
b11101111 D
1'
#316848000
0'
#316889000
b111100010000 >
b111100010000 2
b101010000 7
b101010000 C
b11110000 D
1'
#316930000
0'
#316971000
b111100010001 2
b111100010001 >
b101001111 C
b101001111 7
b11110001 D
1'
#317012000
0'
#317053000
b111100010010 >
b111100010010 2
b101001110 7
b101001110 C
b11110010 D
1'
#317094000
0'
#317135000
b111100010011 2
b111100010011 >
b101001101 C
b101001101 7
b11110011 D
1'
#317176000
0'
#317217000
b111100010100 >
b111100010100 2
b101001100 7
b101001100 C
b11110100 D
1'
#317258000
0'
#317299000
b111100010101 2
b111100010101 >
b101001011 C
b101001011 7
b11110101 D
1'
#317340000
0'
#317381000
b111100010110 >
b111100010110 2
b101001010 7
b101001010 C
b11110110 D
1'
#317422000
0'
#317463000
b111100010111 2
b111100010111 >
b101001001 C
b101001001 7
b11110111 D
1'
#317504000
0'
#317545000
b111100011000 >
b111100011000 2
b101001000 7
b101001000 C
b11111000 D
1'
#317586000
0'
#317627000
b111100011001 2
b111100011001 >
b101000111 C
b101000111 7
b11111001 D
1'
#317668000
0'
#317709000
b111100011010 >
b111100011010 2
b101000110 7
b101000110 C
b11111010 D
1'
#317750000
0'
#317791000
b111100011011 2
b111100011011 >
b101000101 C
b101000101 7
b11111011 D
1'
#317832000
0'
#317873000
b111100011100 >
b111100011100 2
b101000100 7
b101000100 C
b11111100 D
1'
#317914000
0'
#317955000
b111100011101 2
b111100011101 >
b101000011 C
b101000011 7
b11111101 D
1'
#317996000
0'
#318037000
b111100011110 >
b111100011110 2
b101000010 7
b101000010 C
b11111110 D
1'
#318078000
0'
#318119000
b111100011111 2
b111100011111 >
b101000001 C
b101000001 7
b11111111 D
1'
#318160000
0'
#318201000
b111100100000 >
b111100100000 2
b101000000 7
b101000000 C
b100000000 D
1'
#318242000
0'
#318283000
b111100100001 2
b111100100001 >
b100111111 C
b100111111 7
b100000001 D
1'
#318324000
0'
#318365000
b111100100010 >
b111100100010 2
b100111110 7
b100111110 C
b100000010 D
1'
#318406000
0'
#318447000
b111100100011 2
b111100100011 >
b100111101 C
b100111101 7
b100000011 D
1'
#318488000
0'
#318529000
b111100100100 >
b111100100100 2
b100111100 7
b100111100 C
b100000100 D
1'
#318570000
0'
#318611000
b111100100101 2
b111100100101 >
b100111011 C
b100111011 7
b100000101 D
1'
#318652000
0'
#318693000
b111100100110 >
b111100100110 2
b100111010 7
b100111010 C
b100000110 D
1'
#318734000
0'
#318775000
b111100100111 2
b111100100111 >
b100111001 C
b100111001 7
b100000111 D
1'
#318816000
0'
#318857000
b111100101000 >
b111100101000 2
b100111000 7
b100111000 C
b100001000 D
1'
#318898000
0'
#318939000
b111100101001 2
b111100101001 >
b100110111 C
b100110111 7
b100001001 D
1'
#318980000
0'
#319021000
b111100101010 >
b111100101010 2
b100110110 7
b100110110 C
b100001010 D
1'
#319062000
0'
#319103000
b111100101011 2
b111100101011 >
b100110101 C
b100110101 7
b100001011 D
1'
#319144000
0'
#319185000
b111100101100 >
b111100101100 2
b100110100 7
b100110100 C
b100001100 D
1'
#319226000
0'
#319267000
b111100101101 2
b111100101101 >
b100110011 C
b100110011 7
b100001101 D
1'
#319308000
0'
#319349000
b111100101110 >
b111100101110 2
b100110010 7
b100110010 C
b100001110 D
1'
#319390000
0'
#319431000
b111100101111 2
b111100101111 >
b100110001 C
b100110001 7
b100001111 D
1'
#319472000
0'
#319513000
b111100110000 >
b111100110000 2
b100110000 7
b100110000 C
b100010000 D
1'
#319554000
0'
#319595000
b111100110001 2
b111100110001 >
b100101111 C
b100101111 7
b100010001 D
1'
#319636000
0'
#319677000
b111100110010 >
b111100110010 2
b100101110 7
b100101110 C
b100010010 D
1'
#319718000
0'
#319759000
b111100110011 2
b111100110011 >
b100101101 C
b100101101 7
b100010011 D
1'
#319800000
0'
#319841000
b111100110100 >
b111100110100 2
b100101100 7
b100101100 C
b100010100 D
1'
#319882000
0'
#319923000
b111100110101 2
b111100110101 >
b100101011 C
b100101011 7
b100010101 D
1'
#319964000
0'
#320005000
b111100110110 >
b111100110110 2
b100101010 7
b100101010 C
b100010110 D
1'
#320046000
0'
#320087000
b111100110111 2
b111100110111 >
b100101001 C
b100101001 7
b100010111 D
1'
#320128000
0'
#320169000
b111100111000 >
b111100111000 2
b100101000 7
b100101000 C
b100011000 D
1'
#320210000
0'
#320251000
b111100111001 2
b111100111001 >
b100100111 C
b100100111 7
b100011001 D
1'
#320292000
0'
#320333000
b111100111010 >
b111100111010 2
b100100110 7
b100100110 C
b100011010 D
1'
#320374000
0'
#320415000
b111100111011 2
b111100111011 >
b100100101 C
b100100101 7
b100011011 D
1'
#320456000
0'
#320497000
b111100111100 >
b111100111100 2
b100100100 7
b100100100 C
b100011100 D
1'
#320538000
0'
#320579000
b111100111101 2
b111100111101 >
b100100011 C
b100100011 7
b100011101 D
1'
#320620000
0'
#320661000
b111100111110 >
b111100111110 2
b100100010 7
b100100010 C
b100011110 D
1'
#320702000
0'
#320743000
b111100111111 2
b111100111111 >
b100100001 C
b100100001 7
b100011111 D
1'
#320784000
0'
#320825000
b111101000000 >
b111101000000 2
b100100000 7
b100100000 C
b100100000 D
1'
#320866000
0'
#320907000
b111101000001 2
b111101000001 >
b100011111 C
b100011111 7
b100100001 D
1'
#320948000
0'
#320989000
b111101000010 >
b111101000010 2
b100011110 7
b100011110 C
b100100010 D
1'
#321030000
0'
#321071000
b111101000011 2
b111101000011 >
b100011101 C
b100011101 7
b100100011 D
1'
#321112000
0'
#321153000
b111101000100 >
b111101000100 2
b100011100 7
b100011100 C
b100100100 D
1'
#321194000
0'
#321235000
b111101000101 2
b111101000101 >
b100011011 C
b100011011 7
b100100101 D
1'
#321276000
0'
#321317000
b111101000110 >
b111101000110 2
b100011010 7
b100011010 C
b100100110 D
1'
#321358000
0'
#321399000
b111101000111 2
b111101000111 >
b100011001 C
b100011001 7
b100100111 D
1'
#321440000
0'
#321481000
b111101001000 >
b111101001000 2
b100011000 7
b100011000 C
b100101000 D
1'
#321522000
0'
#321563000
b111101001001 2
b111101001001 >
b100010111 C
b100010111 7
b100101001 D
1'
#321604000
0'
#321645000
b111101001010 >
b111101001010 2
b100010110 7
b100010110 C
b100101010 D
1'
#321686000
0'
#321727000
b111101001011 2
b111101001011 >
b100010101 C
b100010101 7
b100101011 D
1'
#321768000
0'
#321809000
b111101001100 >
b111101001100 2
b100010100 7
b100010100 C
b100101100 D
1'
#321850000
0'
#321891000
b111101001101 2
b111101001101 >
b100010011 C
b100010011 7
b100101101 D
1'
#321932000
0'
#321973000
b111101001110 >
b111101001110 2
b100010010 7
b100010010 C
b100101110 D
1'
#322014000
0'
#322055000
b111101001111 2
b111101001111 >
b100010001 C
b100010001 7
b100101111 D
1'
#322096000
0'
#322137000
b111101010000 >
b111101010000 2
b100010000 7
b100010000 C
b100110000 D
1'
#322178000
0'
#322219000
b111101010001 2
b111101010001 >
b100001111 C
b100001111 7
b100110001 D
1'
#322260000
0'
#322301000
b111101010010 >
b111101010010 2
b100001110 7
b100001110 C
b100110010 D
1'
#322342000
0'
#322383000
b111101010011 2
b111101010011 >
b100001101 C
b100001101 7
b100110011 D
1'
#322424000
0'
#322465000
b111101010100 >
b111101010100 2
b100001100 7
b100001100 C
b100110100 D
1'
#322506000
0'
#322547000
b111101010101 2
b111101010101 >
b100001011 C
b100001011 7
b100110101 D
1'
#322588000
0'
#322629000
b111101010110 >
b111101010110 2
b100001010 7
b100001010 C
b100110110 D
1'
#322670000
0'
#322711000
b111101010111 2
b111101010111 >
b100001001 C
b100001001 7
b100110111 D
1'
#322752000
0'
#322793000
b111101011000 >
b111101011000 2
b100001000 7
b100001000 C
b100111000 D
1'
#322834000
0'
#322875000
b111101011001 2
b111101011001 >
b100000111 C
b100000111 7
b100111001 D
1'
#322916000
0'
#322957000
b111101011010 >
b111101011010 2
b100000110 7
b100000110 C
b100111010 D
1'
#322998000
0'
#323039000
b111101011011 2
b111101011011 >
b100000101 C
b100000101 7
b100111011 D
1'
#323080000
0'
#323121000
b111101011100 >
b111101011100 2
b100000100 7
b100000100 C
b100111100 D
1'
#323162000
0'
#323203000
b111101011101 2
b111101011101 >
b100000011 C
b100000011 7
b100111101 D
1'
#323244000
0'
#323285000
b111101011110 >
b111101011110 2
b100000010 7
b100000010 C
b100111110 D
1'
#323326000
0'
#323367000
b111101011111 2
b111101011111 >
b100000001 C
b100000001 7
b100111111 D
1'
#323408000
0'
#323449000
b111101100000 >
b111101100000 2
b100000000 7
b100000000 C
b101000000 D
1'
#323490000
0'
#323531000
b111101100001 2
b111101100001 >
b11111111 C
b11111111 7
b101000001 D
1'
#323572000
0'
#323613000
b111101100010 >
b111101100010 2
b11111110 7
b11111110 C
b101000010 D
1'
#323654000
0'
#323695000
b111101100011 2
b111101100011 >
b11111101 C
b11111101 7
b101000011 D
1'
#323736000
0'
#323777000
b111101100100 >
b111101100100 2
b11111100 7
b11111100 C
b101000100 D
1'
#323818000
0'
#323859000
b111101100101 2
b111101100101 >
b11111011 C
b11111011 7
b101000101 D
1'
#323900000
0'
#323941000
b111101100110 >
b111101100110 2
b11111010 7
b11111010 C
b101000110 D
1'
#323982000
0'
#324023000
b111101100111 2
b111101100111 >
b11111001 C
b11111001 7
b101000111 D
1'
#324064000
0'
#324105000
b111101101000 >
b111101101000 2
b11111000 7
b11111000 C
b101001000 D
1'
#324146000
0'
#324187000
b111101101001 2
b111101101001 >
b11110111 C
b11110111 7
b101001001 D
1'
#324228000
0'
#324269000
b111101101010 >
b111101101010 2
b11110110 7
b11110110 C
b101001010 D
1'
#324310000
0'
#324351000
b111101101011 2
b111101101011 >
b11110101 C
b11110101 7
b101001011 D
1'
#324392000
0'
#324433000
b111101101100 >
b111101101100 2
b11110100 7
b11110100 C
b101001100 D
1'
#324474000
0'
#324515000
b111101101101 2
b111101101101 >
b11110011 C
b11110011 7
b101001101 D
1'
#324556000
0'
#324597000
b111101101110 >
b111101101110 2
b11110010 7
b11110010 C
b101001110 D
1'
#324638000
0'
#324679000
b111101101111 2
b111101101111 >
b11110001 C
b11110001 7
b101001111 D
1'
#324720000
0'
#324761000
b111101110000 >
b111101110000 2
b11110000 7
b11110000 C
b101010000 D
1'
#324802000
0'
#324843000
b111101110001 2
b111101110001 >
b11101111 C
b11101111 7
b101010001 D
1'
#324884000
0'
#324925000
b111101110010 >
b111101110010 2
b11101110 7
b11101110 C
b101010010 D
1'
#324966000
0'
#325007000
b111101110011 2
b111101110011 >
b11101101 C
b11101101 7
b101010011 D
1'
#325048000
0'
#325089000
b111101110100 >
b111101110100 2
b11101100 7
b11101100 C
b101010100 D
1'
#325130000
0'
#325171000
b111101110101 2
b111101110101 >
b11101011 C
b11101011 7
b101010101 D
1'
#325212000
0'
#325253000
b111101110110 >
b111101110110 2
b11101010 7
b11101010 C
b101010110 D
1'
#325294000
0'
#325335000
b111101110111 2
b111101110111 >
b11101001 C
b11101001 7
b101010111 D
1'
#325376000
0'
#325417000
b111101111000 >
b111101111000 2
b11101000 7
b11101000 C
b101011000 D
1'
#325458000
0'
#325499000
b111101111001 2
b111101111001 >
b11100111 C
b11100111 7
b101011001 D
1'
#325540000
0'
#325581000
b111101111010 >
b111101111010 2
b11100110 7
b11100110 C
b101011010 D
1'
#325622000
0'
#325663000
b111101111011 2
b111101111011 >
b11100101 C
b11100101 7
b101011011 D
1'
#325704000
0'
#325745000
b111101111100 >
b111101111100 2
b11100100 7
b11100100 C
b101011100 D
1'
#325786000
0'
#325827000
b111101111101 2
b111101111101 >
b11100011 C
b11100011 7
b101011101 D
1'
#325868000
0'
#325909000
b111101111110 >
b111101111110 2
b11100010 7
b11100010 C
b101011110 D
1'
#325950000
0'
#325991000
b111101111111 2
b111101111111 >
b11100001 C
b11100001 7
b101011111 D
1'
#326032000
0'
#326073000
b111110000000 >
b111110000000 2
b11100000 7
b11100000 C
b101100000 D
1'
#326114000
0'
#326155000
b111110000001 2
b111110000001 >
b11011111 C
b11011111 7
b101100001 D
1'
#326196000
0'
#326237000
b111110000010 >
b111110000010 2
b11011110 7
b11011110 C
b101100010 D
1'
#326278000
0'
#326319000
b111110000011 2
b111110000011 >
b11011101 C
b11011101 7
b101100011 D
1'
#326360000
0'
#326401000
b111110000100 >
b111110000100 2
b11011100 7
b11011100 C
b101100100 D
1'
#326442000
0'
#326483000
b111110000101 2
b111110000101 >
b11011011 C
b11011011 7
b101100101 D
1'
#326524000
0'
#326565000
b111110000110 >
b111110000110 2
b11011010 7
b11011010 C
b101100110 D
1'
#326606000
0'
#326647000
b111110000111 2
b111110000111 >
b11011001 C
b11011001 7
b101100111 D
1'
#326688000
0'
#326729000
b111110001000 >
b111110001000 2
b11011000 7
b11011000 C
b101101000 D
1'
#326770000
0'
#326811000
b111110001001 2
b111110001001 >
b11010111 C
b11010111 7
b101101001 D
1'
#326852000
0'
#326893000
b111110001010 >
b111110001010 2
b11010110 7
b11010110 C
b101101010 D
1'
#326934000
0'
#326975000
b111110001011 2
b111110001011 >
b11010101 C
b11010101 7
b101101011 D
1'
#327016000
0'
#327057000
b111110001100 >
b111110001100 2
b11010100 7
b11010100 C
b101101100 D
1'
#327098000
0'
#327139000
b111110001101 2
b111110001101 >
b11010011 C
b11010011 7
b101101101 D
1'
#327180000
0'
#327221000
b111110001110 >
b111110001110 2
b11010010 7
b11010010 C
b101101110 D
1'
#327262000
0'
#327303000
b111110001111 2
b111110001111 >
b11010001 C
b11010001 7
b101101111 D
1'
#327344000
0'
#327385000
b111110010000 >
b111110010000 2
b11010000 7
b11010000 C
b101110000 D
1'
#327426000
0'
#327467000
b111110010001 2
b111110010001 >
b11001111 C
b11001111 7
b101110001 D
1'
#327508000
0'
#327549000
b111110010010 >
b111110010010 2
b11001110 7
b11001110 C
b101110010 D
1'
#327590000
0'
#327631000
b111110010011 2
b111110010011 >
b11001101 C
b11001101 7
b101110011 D
1'
#327672000
0'
#327713000
b111110010100 >
b111110010100 2
b11001100 7
b11001100 C
b101110100 D
1'
#327754000
0'
#327795000
b111110010101 2
b111110010101 >
b11001011 C
b11001011 7
b101110101 D
1'
#327836000
0'
#327877000
b111110010110 >
b111110010110 2
b11001010 7
b11001010 C
b101110110 D
1'
#327918000
0'
#327959000
b111110010111 2
b111110010111 >
b11001001 C
b11001001 7
b101110111 D
1'
#328000000
0'
#328041000
b111110011000 >
b111110011000 2
b11001000 7
b11001000 C
b101111000 D
1'
#328082000
0'
#328123000
b111110011001 2
b111110011001 >
b11000111 C
b11000111 7
b101111001 D
1'
#328164000
0'
#328205000
b111110011010 >
b111110011010 2
b11000110 7
b11000110 C
b101111010 D
1'
#328246000
0'
#328287000
b111110011011 2
b111110011011 >
b11000101 C
b11000101 7
b101111011 D
1'
#328328000
0'
#328369000
b111110011100 >
b111110011100 2
b11000100 7
b11000100 C
b101111100 D
1'
#328410000
0'
#328451000
b111110011101 2
b111110011101 >
b11000011 C
b11000011 7
b101111101 D
1'
#328492000
0'
#328533000
b111110011110 >
b111110011110 2
b11000010 7
b11000010 C
b101111110 D
1'
#328574000
0'
#328615000
b111110011111 2
b111110011111 >
b11000001 C
b11000001 7
b101111111 D
1'
#328656000
0'
#328697000
b111110100000 >
b111110100000 2
b11000000 7
b11000000 C
b110000000 D
1'
#328738000
0'
#328779000
b111110100001 2
b111110100001 >
b10111111 C
b10111111 7
b110000001 D
1'
#328820000
0'
#328861000
b111110100010 >
b111110100010 2
b10111110 7
b10111110 C
b110000010 D
1'
#328902000
0'
#328943000
b111110100011 2
b111110100011 >
b10111101 C
b10111101 7
b110000011 D
1'
#328984000
0'
#329025000
b111110100100 >
b111110100100 2
b10111100 7
b10111100 C
b110000100 D
1'
#329066000
0'
#329107000
b111110100101 2
b111110100101 >
b10111011 C
b10111011 7
b110000101 D
1'
#329148000
0'
#329189000
b111110100110 >
b111110100110 2
b10111010 7
b10111010 C
b110000110 D
1'
#329230000
0'
#329271000
b111110100111 2
b111110100111 >
b10111001 C
b10111001 7
b110000111 D
1'
#329312000
0'
#329353000
b111110101000 >
b111110101000 2
b10111000 7
b10111000 C
b110001000 D
1'
#329394000
0'
#329435000
b111110101001 2
b111110101001 >
b10110111 C
b10110111 7
b110001001 D
1'
#329476000
0'
#329517000
b111110101010 >
b111110101010 2
b10110110 7
b10110110 C
b110001010 D
1'
#329558000
0'
#329599000
b111110101011 2
b111110101011 >
b10110101 C
b10110101 7
b110001011 D
1'
#329640000
0'
#329681000
b111110101100 >
b111110101100 2
b10110100 7
b10110100 C
b110001100 D
1'
#329722000
0'
#329763000
b111110101101 2
b111110101101 >
b10110011 C
b10110011 7
b110001101 D
1'
#329804000
0'
#329845000
b111110101110 >
b111110101110 2
b10110010 7
b10110010 C
b110001110 D
1'
#329886000
0'
#329927000
b111110101111 2
b111110101111 >
b10110001 C
b10110001 7
b110001111 D
1'
#329968000
0'
#330009000
b111110110000 >
b111110110000 2
b10110000 7
b10110000 C
b110010000 D
1'
#330050000
0'
#330091000
b111110110001 2
b111110110001 >
b10101111 C
b10101111 7
b110010001 D
1'
#330132000
0'
#330173000
b111110110010 >
b111110110010 2
b10101110 7
b10101110 C
b110010010 D
1'
#330214000
0'
#330255000
b111110110011 2
b111110110011 >
b10101101 C
b10101101 7
b110010011 D
1'
#330296000
0'
#330337000
b111110110100 >
b111110110100 2
b10101100 7
b10101100 C
b110010100 D
1'
#330378000
0'
#330419000
b111110110101 2
b111110110101 >
b10101011 C
b10101011 7
b110010101 D
1'
#330460000
0'
#330501000
b111110110110 >
b111110110110 2
b10101010 7
b10101010 C
b110010110 D
1'
#330542000
0'
#330583000
b111110110111 2
b111110110111 >
b10101001 C
b10101001 7
b110010111 D
1'
#330624000
0'
#330665000
b111110111000 >
b111110111000 2
b10101000 7
b10101000 C
b110011000 D
1'
#330706000
0'
#330747000
b111110111001 2
b111110111001 >
b10100111 C
b10100111 7
b110011001 D
1'
#330788000
0'
#330829000
b111110111010 >
b111110111010 2
b10100110 7
b10100110 C
b110011010 D
1'
#330870000
0'
#330911000
b111110111011 2
b111110111011 >
b10100101 C
b10100101 7
b110011011 D
1'
#330952000
0'
#330993000
b111110111100 >
b111110111100 2
b10100100 7
b10100100 C
b110011100 D
1'
#331034000
0'
#331075000
b111110111101 2
b111110111101 >
b10100011 C
b10100011 7
b110011101 D
1'
#331116000
0'
#331157000
b111110111110 >
b111110111110 2
b10100010 7
b10100010 C
b110011110 D
1'
#331198000
0'
#331239000
b111110111111 2
b111110111111 >
b10100001 C
b10100001 7
b110011111 D
1'
#331280000
0'
#331321000
b111111000000 >
b111111000000 2
b10100000 7
b10100000 C
b110100000 D
1'
#331362000
0'
#331403000
b111111000001 2
b111111000001 >
b10011111 C
b10011111 7
b110100001 D
1'
#331444000
0'
#331485000
b111111000010 >
b111111000010 2
b10011110 7
b10011110 C
b110100010 D
1'
#331526000
0'
#331567000
b111111000011 2
b111111000011 >
b10011101 C
b10011101 7
b110100011 D
1'
#331608000
0'
#331649000
b111111000100 >
b111111000100 2
b10011100 7
b10011100 C
b110100100 D
1'
#331690000
0'
#331731000
b111111000101 2
b111111000101 >
b10011011 C
b10011011 7
b110100101 D
1'
#331772000
0'
#331813000
b111111000110 >
b111111000110 2
b10011010 7
b10011010 C
b110100110 D
1'
#331854000
0'
#331895000
b111111000111 2
b111111000111 >
b10011001 C
b10011001 7
b110100111 D
1'
#331936000
0'
#331977000
b111111001000 >
b111111001000 2
b10011000 7
b10011000 C
b110101000 D
1'
#332018000
0'
#332059000
b111111001001 2
b111111001001 >
b10010111 C
b10010111 7
b110101001 D
1'
#332100000
0'
#332141000
b111111001010 >
b111111001010 2
b10010110 7
b10010110 C
b110101010 D
1'
#332182000
0'
#332223000
b111111001011 2
b111111001011 >
b10010101 C
b10010101 7
b110101011 D
1'
#332264000
0'
#332305000
b111111001100 >
b111111001100 2
b10010100 7
b10010100 C
b110101100 D
1'
#332346000
0'
#332387000
b111111001101 2
b111111001101 >
b10010011 C
b10010011 7
b110101101 D
1'
#332428000
0'
#332469000
b111111001110 >
b111111001110 2
b10010010 7
b10010010 C
b110101110 D
1'
#332510000
0'
#332551000
b111111001111 2
b111111001111 >
b10010001 C
b10010001 7
b110101111 D
1'
#332592000
0'
#332633000
b111111010000 >
b111111010000 2
b10010000 7
b10010000 C
b110110000 D
1'
#332674000
0'
#332715000
b111111010001 2
b111111010001 >
b10001111 C
b10001111 7
b110110001 D
1'
#332756000
0'
#332797000
b111111010010 >
b111111010010 2
b10001110 7
b10001110 C
b110110010 D
1'
#332838000
0'
#332879000
b111111010011 2
b111111010011 >
b10001101 C
b10001101 7
b110110011 D
1'
#332920000
0'
#332961000
b111111010100 >
b111111010100 2
b10001100 7
b10001100 C
b110110100 D
1'
#333002000
0'
#333043000
b111111010101 2
b111111010101 >
b10001011 C
b10001011 7
b110110101 D
1'
#333084000
0'
#333125000
b111111010110 >
b111111010110 2
b10001010 7
b10001010 C
b110110110 D
1'
#333166000
0'
#333207000
b111111010111 2
b111111010111 >
b10001001 C
b10001001 7
b110110111 D
1'
#333248000
0'
#333289000
b111111011000 >
b111111011000 2
b10001000 7
b10001000 C
b110111000 D
1'
#333330000
0'
#333371000
b111111011001 2
b111111011001 >
b10000111 C
b10000111 7
b110111001 D
1'
#333412000
0'
#333453000
b111111011010 >
b111111011010 2
b10000110 7
b10000110 C
b110111010 D
1'
#333494000
0'
#333535000
b111111011011 2
b111111011011 >
b10000101 C
b10000101 7
b110111011 D
1'
#333576000
0'
#333617000
b111111011100 >
b111111011100 2
b10000100 7
b10000100 C
b110111100 D
1'
#333658000
0'
#333699000
b111111011101 2
b111111011101 >
b10000011 C
b10000011 7
b110111101 D
1'
#333740000
0'
#333781000
b111111011110 >
b111111011110 2
b10000010 7
b10000010 C
b110111110 D
1'
#333822000
0'
#333863000
b111111011111 2
b111111011111 >
b10000001 C
b10000001 7
b110111111 D
1'
#333904000
0'
#333945000
b111111100000 >
b111111100000 2
b10000000 7
b10000000 C
b111000000 D
1'
#333986000
0'
#334027000
b111111100001 2
b111111100001 >
b1111111 C
b1111111 7
b111000001 D
1'
#334068000
0'
#334109000
b111111100010 >
b111111100010 2
b1111110 7
b1111110 C
b111000010 D
1'
#334150000
0'
#334191000
b111111100011 2
b111111100011 >
b1111101 C
b1111101 7
b111000011 D
1'
#334232000
0'
#334273000
b111111100100 >
b111111100100 2
b1111100 7
b1111100 C
b111000100 D
1'
#334314000
0'
#334355000
b111111100101 2
b111111100101 >
b1111011 C
b1111011 7
b111000101 D
1'
#334396000
0'
#334437000
b111111100110 >
b111111100110 2
b1111010 7
b1111010 C
b111000110 D
1'
#334478000
0'
#334519000
b111111100111 2
b111111100111 >
b1111001 C
b1111001 7
b111000111 D
1'
#334560000
0'
#334601000
b111111101000 >
b111111101000 2
b1111000 7
b1111000 C
b111001000 D
1'
#334642000
0'
#334683000
b111111101001 2
b111111101001 >
b1110111 C
b1110111 7
b111001001 D
1'
#334724000
0'
#334765000
b111111101010 >
b111111101010 2
b1110110 7
b1110110 C
b111001010 D
1'
#334806000
0'
#334847000
b111111101011 2
b111111101011 >
b1110101 C
b1110101 7
b111001011 D
1'
#334888000
0'
#334929000
b111111101100 >
b111111101100 2
b1110100 7
b1110100 C
b111001100 D
1'
#334970000
0'
#335011000
b111111101101 2
b111111101101 >
b1110011 C
b1110011 7
b111001101 D
1'
#335052000
0'
#335093000
b111111101110 >
b111111101110 2
b1110010 7
b1110010 C
b111001110 D
1'
#335134000
0'
#335175000
b111111101111 2
b111111101111 >
b1110001 C
b1110001 7
b111001111 D
1'
#335216000
0'
#335257000
b111111110000 >
b111111110000 2
b1110000 7
b1110000 C
b111010000 D
1'
#335298000
0'
#335339000
b111111110001 2
b111111110001 >
b1101111 C
b1101111 7
b111010001 D
1'
#335380000
0'
#335421000
b111111110010 >
b111111110010 2
b1101110 7
b1101110 C
b111010010 D
1'
#335462000
0'
#335503000
b111111110011 2
b111111110011 >
b1101101 C
b1101101 7
b111010011 D
1'
#335544000
0'
#335585000
b111111110100 >
b111111110100 2
b1101100 7
b1101100 C
b111010100 D
1'
#335626000
0'
#335667000
b111111110101 2
b111111110101 >
b1101011 C
b1101011 7
b111010101 D
1'
#335708000
0'
#335749000
b111111110110 >
b111111110110 2
b1101010 7
b1101010 C
b111010110 D
1'
#335790000
0'
#335831000
b111111110111 2
b111111110111 >
b1101001 C
b1101001 7
b111010111 D
1'
#335872000
0'
#335913000
b111111111000 >
b111111111000 2
b1101000 7
b1101000 C
b111011000 D
1'
#335954000
0'
#335995000
b111111111001 2
b111111111001 >
b1100111 C
b1100111 7
b111011001 D
1'
#336036000
0'
#336077000
b111111111010 >
b111111111010 2
b1100110 7
b1100110 C
b111011010 D
1'
#336118000
0'
#336159000
b111111111011 2
b111111111011 >
b1100101 C
b1100101 7
b111011011 D
1'
#336200000
0'
#336241000
b111111111100 >
b111111111100 2
b1100100 7
b1100100 C
b111011100 D
1'
#336282000
0'
#336323000
b111111111101 2
b111111111101 >
b1100011 C
b1100011 7
b111011101 D
1'
#336364000
0'
#336405000
b111111111110 >
b111111111110 2
b1100010 7
b1100010 C
b111011110 D
1'
#336446000
0'
#336487000
b111111111111 2
b111111111111 >
b1100001 C
b1100001 7
b111011111 D
1'
#336528000
0'
#336569000
b1000000000000 >
b1000000000000 2
b1100000 7
b1100000 C
b111100000 D
1'
#336610000
0'
#336651000
b1000000000001 2
b1000000000001 >
b1011111 C
b1011111 7
b111100001 D
1'
#336692000
0'
#336733000
b1000000000010 >
b1000000000010 2
b1011110 7
b1011110 C
b111100010 D
1'
#336774000
0'
#336815000
b1000000000011 2
b1000000000011 >
b1011101 C
b1011101 7
b111100011 D
1'
#336856000
0'
#336897000
b1000000000100 >
b1000000000100 2
b1011100 7
b1011100 C
b111100100 D
1'
#336938000
0'
#336979000
b1000000000101 2
b1000000000101 >
b1011011 C
b1011011 7
b111100101 D
1'
#337020000
0'
#337061000
b1000000000110 >
b1000000000110 2
b1011010 7
b1011010 C
b111100110 D
1'
#337102000
0'
#337143000
b1000000000111 2
b1000000000111 >
b1011001 C
b1011001 7
b111100111 D
1'
#337184000
0'
#337225000
b1000000001000 >
b1000000001000 2
b1011000 7
b1011000 C
b111101000 D
1'
#337266000
0'
#337307000
b1000000001001 2
b1000000001001 >
b1010111 C
b1010111 7
b111101001 D
1'
#337348000
0'
#337389000
b1000000001010 >
b1000000001010 2
b1010110 7
b1010110 C
b111101010 D
1'
#337430000
0'
#337471000
b1000000001011 2
b1000000001011 >
b1010101 C
b1010101 7
b111101011 D
1'
#337512000
0'
#337553000
b1000000001100 >
b1000000001100 2
b1010100 7
b1010100 C
b111101100 D
1'
#337594000
0'
#337635000
b1000000001101 2
b1000000001101 >
b1010011 C
b1010011 7
b111101101 D
1'
#337676000
0'
#337717000
b1000000001110 >
b1000000001110 2
b1010010 7
b1010010 C
b111101110 D
1'
#337758000
0'
#337799000
b1000000001111 2
b1000000001111 >
b1010001 C
b1010001 7
b111101111 D
1'
#337840000
0'
#337881000
b1000000010000 >
b1000000010000 2
b1010000 7
b1010000 C
b111110000 D
1'
#337922000
0'
#337963000
b1000000010001 2
b1000000010001 >
b1001111 C
b1001111 7
b111110001 D
1'
#338004000
0'
#338045000
b1000000010010 >
b1000000010010 2
b1001110 7
b1001110 C
b111110010 D
1'
#338086000
0'
#338127000
b1000000010011 2
b1000000010011 >
b1001101 C
b1001101 7
b111110011 D
1'
#338168000
0'
#338209000
b1000000010100 >
b1000000010100 2
b1001100 7
b1001100 C
b111110100 D
1'
#338250000
0'
#338291000
b1000000010101 2
b1000000010101 >
b1001011 C
b1001011 7
b111110101 D
1'
#338332000
0'
#338373000
b1000000010110 >
b1000000010110 2
b1001010 7
b1001010 C
b111110110 D
1'
#338414000
0'
#338455000
b1000000010111 2
b1000000010111 >
b1001001 C
b1001001 7
b111110111 D
1'
#338496000
0'
#338537000
b1000000011000 >
b1000000011000 2
b1001000 7
b1001000 C
b111111000 D
1'
#338578000
0'
#338619000
b1000000011001 2
b1000000011001 >
b1000111 C
b1000111 7
b111111001 D
1'
#338660000
0'
#338701000
b1000000011010 >
b1000000011010 2
b1000110 7
b1000110 C
b111111010 D
1'
#338742000
0'
#338783000
b1000000011011 2
b1000000011011 >
b1000101 C
b1000101 7
b111111011 D
1'
#338824000
0'
#338865000
b1000000011100 >
b1000000011100 2
b1000100 7
b1000100 C
b111111100 D
1'
#338906000
0'
#338947000
b1000000011101 2
b1000000011101 >
b1000011 C
b1000011 7
b111111101 D
1'
#338988000
0'
#339029000
b1000000011110 >
b1000000011110 2
b1000010 7
b1000010 C
b111111110 D
1'
#339070000
0'
#339111000
b1000000011111 2
b1000000011111 >
b1000001 C
b1000001 7
b111111111 D
1'
#339152000
0'
#339193000
b1000000100000 >
b1000000100000 2
b1000000 7
b1000000 C
b1000000000 D
1'
#339234000
0'
#339275000
b1000000100001 2
b1000000100001 >
b111111 C
b111111 7
b1000000001 D
1'
#339316000
0'
#339357000
b1000000100010 >
b1000000100010 2
b111110 7
b111110 C
b1000000010 D
1'
#339398000
0'
#339439000
b1000000100011 2
b1000000100011 >
b111101 C
b111101 7
b1000000011 D
1'
#339480000
0'
#339521000
b1000000100100 >
b1000000100100 2
b111100 7
b111100 C
b1000000100 D
1'
#339562000
0'
#339603000
b1000000100101 2
b1000000100101 >
b111011 C
b111011 7
b1000000101 D
1'
#339644000
0'
#339685000
b1000000100110 >
b1000000100110 2
b111010 7
b111010 C
b1000000110 D
1'
#339726000
0'
#339767000
b1000000100111 2
b1000000100111 >
b111001 C
b111001 7
b1000000111 D
1'
#339808000
0'
#339849000
b1000000101000 >
b1000000101000 2
b111000 7
b111000 C
b1000001000 D
1'
#339890000
0'
#339931000
b1000000101001 2
b1000000101001 >
b110111 C
b110111 7
b1000001001 D
1'
#339972000
0'
#340013000
b1000000101010 >
b1000000101010 2
b110110 7
b110110 C
b1000001010 D
1'
#340054000
0'
#340095000
b1000000101011 2
b1000000101011 >
b110101 C
b110101 7
b1000001011 D
1'
#340136000
0'
#340177000
b1000000101100 >
b1000000101100 2
b110100 7
b110100 C
b1000001100 D
1'
#340218000
0'
#340259000
b1000000101101 2
b1000000101101 >
b110011 C
b110011 7
b1000001101 D
1'
#340300000
0'
#340341000
b1000000101110 >
b1000000101110 2
b110010 7
b110010 C
b1000001110 D
1'
#340382000
0'
#340423000
b1000000101111 2
b1000000101111 >
b110001 C
b110001 7
b1000001111 D
1'
#340464000
0'
#340505000
b1000000110000 >
b1000000110000 2
b110000 7
b110000 C
b1000010000 D
1'
#340546000
0'
#340587000
b1000000110001 2
b1000000110001 >
b101111 C
b101111 7
b1000010001 D
1'
#340628000
0'
#340669000
b1000000110010 >
b1000000110010 2
b101110 7
b101110 C
b1000010010 D
1'
#340710000
0'
#340751000
b1000000110011 2
b1000000110011 >
b101101 C
b101101 7
b1000010011 D
1'
#340792000
0'
#340833000
b1000000110100 >
b1000000110100 2
b101100 7
b101100 C
b1000010100 D
1'
#340874000
0'
#340915000
b1000000110101 2
b1000000110101 >
b101011 C
b101011 7
b1000010101 D
1'
#340956000
0'
#340997000
b1000000110110 >
b1000000110110 2
b101010 7
b101010 C
b1000010110 D
1'
#341038000
0'
#341079000
b1000000110111 2
b1000000110111 >
b101001 C
b101001 7
b1000010111 D
1'
#341120000
0'
#341161000
b1000000111000 >
b1000000111000 2
b101000 7
b101000 C
b1000011000 D
1'
#341202000
0'
#341243000
b1000000111001 2
b1000000111001 >
b100111 C
b100111 7
b1000011001 D
1'
#341284000
0'
#341325000
b1000000111010 >
b1000000111010 2
b100110 7
b100110 C
b1000011010 D
1'
#341366000
0'
#341407000
b1000000111011 2
b1000000111011 >
b100101 C
b100101 7
b1000011011 D
1'
#341448000
0'
#341489000
b1000000111100 >
b1000000111100 2
b100100 7
b100100 C
b1000011100 D
1'
#341530000
0'
#341571000
b1000000111101 2
b1000000111101 >
b100011 C
b100011 7
b1000011101 D
1'
#341612000
0'
#341653000
b1000000111110 >
b1000000111110 2
b100010 7
b100010 C
b1000011110 D
1'
#341694000
0'
#341735000
b1000000111111 2
b1000000111111 >
b100001 C
b100001 7
b1000011111 D
1'
#341776000
0'
#341817000
b1000001000000 >
b1000001000000 2
b100000 7
b100000 C
b1000100000 D
1'
#341858000
0'
#341899000
b1000001000001 2
b1000001000001 >
b11111 C
b11111 7
b1000100001 D
1'
#341940000
0'
#341981000
b1000001000010 >
b1000001000010 2
b11110 7
b11110 C
b1000100010 D
1'
#342022000
0'
#342063000
b1000001000011 2
b1000001000011 >
b11101 C
b11101 7
b1000100011 D
1'
#342104000
0'
#342145000
b1000001000100 >
b1000001000100 2
b11100 7
b11100 C
b1000100100 D
1'
#342186000
0'
#342227000
b1000001000101 2
b1000001000101 >
b11011 C
b11011 7
b1000100101 D
1'
#342268000
0'
#342309000
b1000001000110 >
b1000001000110 2
b11010 7
b11010 C
b1000100110 D
1'
#342350000
0'
#342391000
b1000001000111 2
b1000001000111 >
b11001 C
b11001 7
b1000100111 D
1'
#342432000
0'
#342473000
b1000001001000 >
b1000001001000 2
b11000 7
b11000 C
b1000101000 D
1'
#342514000
0'
#342555000
b1000001001001 2
b1000001001001 >
b10111 C
b10111 7
b1000101001 D
1'
#342596000
0'
#342637000
b1000001001010 >
b1000001001010 2
b10110 7
b10110 C
b1000101010 D
1'
#342678000
0'
#342719000
b1000001001011 2
b1000001001011 >
b10101 C
b10101 7
b1000101011 D
1'
#342760000
0'
#342801000
b1000001001100 >
b1000001001100 2
b10100 7
b10100 C
b1000101100 D
1'
#342842000
0'
#342883000
b1000001001101 2
b1000001001101 >
b10011 C
b10011 7
b1000101101 D
1'
#342924000
0'
#342965000
b1000001001110 >
b1000001001110 2
b10010 7
b10010 C
b1000101110 D
1'
#343006000
0'
#343047000
b1000001001111 2
b1000001001111 >
b10001 C
b10001 7
b1000101111 D
1'
#343088000
0'
#343129000
b1000001010000 >
b1000001010000 2
b10000 7
b10000 C
b1000110000 D
1'
#343170000
0'
#343211000
b1000001010001 2
b1000001010001 >
b1111 C
b1111 7
b1000110001 D
1'
#343252000
0'
#343293000
b1000001010010 >
b1000001010010 2
b1110 7
b1110 C
b1000110010 D
1'
#343334000
0'
#343375000
b1000001010011 2
b1000001010011 >
b1101 C
b1101 7
b1000110011 D
1'
#343416000
0'
#343457000
b1000001010100 >
b1000001010100 2
b1100 7
b1100 C
b1000110100 D
1'
#343498000
0'
#343539000
b1000001010101 2
b1000001010101 >
b1011 C
b1011 7
b1000110101 D
1'
#343580000
0'
#343621000
b1000001010110 >
b1000001010110 2
b1010 7
b1010 C
b1000110110 D
1'
#343662000
0'
#343703000
b1000001010111 2
b1000001010111 >
b1001 C
b1001 7
b1000110111 D
1'
#343744000
0'
#343785000
b1000001011000 >
b1000001011000 2
b1000 7
b1000 C
b1000111000 D
1'
#343826000
0'
#343867000
b1000001011001 2
b1000001011001 >
b111 C
b111 7
b1000111001 D
1'
#343908000
0'
#343949000
b1000001011010 >
b1000001011010 2
b110 7
b110 C
b1000111010 D
1'
#343990000
0'
#344031000
b1000001011011 2
b1000001011011 >
b101 C
b101 7
b1000111011 D
1'
#344072000
0'
#344113000
b1000001011100 >
b1000001011100 2
b100 7
b100 C
b1000111100 D
1'
#344154000
0'
#344195000
b1000001011101 2
b1000001011101 >
b11 C
b11 7
b1000111101 D
1'
#344236000
0'
#344277000
b1000001011110 >
b1000001011110 2
b10 7
b10 C
b1000111110 D
1'
#344318000
0'
#344359000
b1000001011111 2
b1000001011111 >
b1 C
b1 7
b1000111111 D
1'
#344400000
0'
#344441000
b1000001100000 >
b1000001100000 2
b0 7
b0 C
b1001000000 D
1'
#344482000
0'
#344523000
b1000001100001 2
b1000001100001 >
1;
b101010111 C
1%
1/
b101010111 7
b1001000001 D
1'
#344564000
0'
#344605000
b1000001100010 >
b1000001100010 2
b101010110 7
b101010110 C
b1001000010 D
1'
#344646000
0'
#344687000
b1000001100011 2
b1000001100011 >
b101010101 C
b101010101 7
b1001000011 D
1'
#344728000
0'
#344769000
b1000001100100 >
b1000001100100 2
b101010100 7
b101010100 C
b1001000100 D
1'
#344810000
0'
#344851000
b1000001100101 2
b1000001100101 >
b101010011 C
b101010011 7
b1001000101 D
1'
#344892000
0'
#344933000
b1000001100110 >
b1000001100110 2
b101010010 7
b101010010 C
b1001000110 D
1'
#344974000
0'
#345015000
b1000001100111 2
b1000001100111 >
b101010001 C
b101010001 7
b1001000111 D
1'
#345056000
0'
#345097000
b1000001101000 >
b1000001101000 2
b101010000 7
b101010000 C
b1001001000 D
1'
#345138000
0'
#345179000
b1000001101001 2
b1000001101001 >
b101001111 C
b101001111 7
b1001001001 D
1'
#345220000
0'
#345261000
b1000001101010 >
b1000001101010 2
b101001110 7
b101001110 C
b1001001010 D
1'
#345302000
0'
#345343000
b1000001101011 2
b1000001101011 >
b101001101 C
b101001101 7
b1001001011 D
1'
#345384000
0'
#345425000
b1000001101100 >
b1000001101100 2
b101001100 7
b101001100 C
b1001001100 D
1'
#345466000
0'
#345507000
b1000001101101 2
b1000001101101 >
b101001011 C
b101001011 7
b1001001101 D
1'
#345548000
0'
#345589000
b1000001101110 >
b1000001101110 2
b101001010 7
b101001010 C
b1001001110 D
1'
#345630000
0'
#345671000
b1000001101111 2
b1000001101111 >
b101001001 C
b101001001 7
b1001001111 D
1'
#345712000
0'
#345753000
b1000001110000 >
b1000001110000 2
b101001000 7
b101001000 C
b1001010000 D
1'
#345794000
0'
#345835000
b1000001110001 2
b1000001110001 >
b101000111 C
b101000111 7
b1001010001 D
1'
#345876000
0'
#345917000
b1000001110010 >
b1000001110010 2
b101000110 7
b101000110 C
b1001010010 D
1'
#345958000
0'
#345999000
b1000001110011 2
b1000001110011 >
b101000101 C
b101000101 7
b1001010011 D
1'
#346040000
0'
#346081000
b1000001110100 >
b1000001110100 2
b101000100 7
b101000100 C
b1001010100 D
1'
#346122000
0'
#346163000
b1000001110101 2
b1000001110101 >
b101000011 C
b101000011 7
b1001010101 D
1'
#346204000
0'
#346245000
b1000001110110 >
b1000001110110 2
b101000010 7
b101000010 C
b1001010110 D
1'
#346286000
0'
#346327000
b1000001110111 2
b1000001110111 >
b101000001 C
b101000001 7
b1001010111 D
1'
#346368000
0'
#346409000
b1000001111000 >
b1000001111000 2
b101000000 7
b101000000 C
b1001011000 D
1'
#346450000
0'
#346491000
b1000001111001 2
b1000001111001 >
b100111111 C
b100111111 7
b1001011001 D
1'
#346532000
0'
#346573000
b1000001111010 >
b1000001111010 2
b100111110 7
b100111110 C
b1001011010 D
1'
#346614000
0'
#346655000
b1000001111011 2
b1000001111011 >
b100111101 C
b100111101 7
b1001011011 D
1'
#346696000
0'
#346737000
b1000001111100 >
b1000001111100 2
b100111100 7
b100111100 C
b1001011100 D
1'
#346778000
0'
#346819000
b1000001111101 2
b1000001111101 >
b100111011 C
b100111011 7
b1001011101 D
1'
#346860000
0'
#346901000
b1000001111110 >
b1000001111110 2
b100111010 7
b100111010 C
b1001011110 D
1'
#346942000
0'
#346983000
b1000001111111 2
b1000001111111 >
b100111001 C
b100111001 7
b1001011111 D
1'
#347024000
0'
#347065000
b1000010000000 >
b1000010000000 2
b100111000 7
b100111000 C
b1001100000 D
1'
#347106000
0'
#347147000
b1000010000001 2
b1000010000001 >
b100110111 C
b100110111 7
b1001100001 D
1'
#347188000
0'
#347229000
b1000010000010 >
b1000010000010 2
b100110110 7
b100110110 C
b1001100010 D
1'
#347270000
0'
#347311000
b1000010000011 2
b1000010000011 >
b100110101 C
b100110101 7
b1001100011 D
1'
#347352000
0'
#347393000
b1000010000100 >
b1000010000100 2
b100110100 7
b100110100 C
b1001100100 D
1'
#347434000
0'
#347475000
b1000010000101 2
b1000010000101 >
b100110011 C
b100110011 7
b1001100101 D
1'
#347516000
0'
#347557000
b1000010000110 >
b1000010000110 2
b100110010 7
b100110010 C
b1001100110 D
1'
#347598000
0'
#347639000
b1000010000111 2
b1000010000111 >
b100110001 C
b100110001 7
b1001100111 D
1'
#347680000
0'
#347721000
b1000010001000 >
b1000010001000 2
b100110000 7
b100110000 C
b1001101000 D
1'
#347762000
0'
#347803000
b1000010001001 2
b1000010001001 >
b100101111 C
b100101111 7
b1001101001 D
1'
#347844000
0'
#347885000
b1000010001010 >
b1000010001010 2
b100101110 7
b100101110 C
b1001101010 D
1'
#347926000
0'
#347967000
b1000010001011 2
b1000010001011 >
b100101101 C
b100101101 7
b1001101011 D
1'
#348008000
0'
#348049000
b1000010001100 >
b1000010001100 2
b100101100 7
b100101100 C
b1001101100 D
1'
#348090000
0'
#348131000
b1000010001101 2
b1000010001101 >
b100101011 C
b100101011 7
b1001101101 D
1'
#348172000
0'
#348213000
b1000010001110 >
b1000010001110 2
b100101010 7
b100101010 C
b1001101110 D
1'
#348254000
0'
#348295000
b1000010001111 2
b1000010001111 >
b100101001 C
b100101001 7
b1001101111 D
1'
#348336000
0'
#348377000
b1000010010000 >
b1000010010000 2
b100101000 7
b100101000 C
b1001110000 D
1'
#348418000
0'
#348459000
b1000010010001 2
b1000010010001 >
b100100111 C
b100100111 7
b1001110001 D
1'
#348500000
0'
#348541000
b1000010010010 >
b1000010010010 2
b100100110 7
b100100110 C
b1001110010 D
1'
#348582000
0'
#348623000
b1000010010011 2
b1000010010011 >
b100100101 C
b100100101 7
b1001110011 D
1'
#348664000
0'
#348705000
b1000010010100 >
b1000010010100 2
b100100100 7
b100100100 C
b1001110100 D
1'
#348746000
0'
#348787000
b1000010010101 2
b1000010010101 >
b100100011 C
b100100011 7
b1001110101 D
1'
#348828000
0'
#348869000
b1000010010110 >
b1000010010110 2
b100100010 7
b100100010 C
b1001110110 D
1'
#348910000
0'
#348951000
b1000010010111 2
b1000010010111 >
b100100001 C
b100100001 7
b1001110111 D
1'
#348992000
0'
#349033000
b1000010011000 >
b1000010011000 2
b100100000 7
b100100000 C
b1001111000 D
1'
#349074000
0'
#349115000
b1000010011001 2
b1000010011001 >
b100011111 C
b100011111 7
b1001111001 D
1'
#349156000
0'
#349197000
b1000010011010 >
b1000010011010 2
b100011110 7
b100011110 C
b1001111010 D
1'
#349238000
0'
#349279000
b1000010011011 2
b1000010011011 >
b100011101 C
b100011101 7
b1001111011 D
1'
#349320000
0'
#349361000
b1000010011100 >
b1000010011100 2
b100011100 7
b100011100 C
b1001111100 D
1'
#349402000
0'
#349443000
b1000010011101 2
b1000010011101 >
b100011011 C
b100011011 7
b1001111101 D
1'
#349484000
0'
#349525000
b1000010011110 >
b1000010011110 2
b100011010 7
b100011010 C
b1001111110 D
1'
#349566000
0'
#349607000
b1000010011111 2
b1000010011111 >
b100011001 C
b100011001 7
b1001111111 D
1'
#349648000
0'
#349689000
b1000010100000 >
b1000010100000 2
b100011000 7
b100011000 C
b1010000000 D
1'
#349730000
0'
#349771000
b1000010100001 2
b1000010100001 >
b100010111 C
b100010111 7
b1010000001 D
1'
#349812000
0'
#349853000
b1000010100010 >
b1000010100010 2
b100010110 7
b100010110 C
b1010000010 D
1'
#349894000
0'
#349935000
b1000010100011 2
b1000010100011 >
b100010101 C
b100010101 7
b1010000011 D
1'
#349976000
0'
#350017000
b1000010100100 >
b1000010100100 2
b100010100 7
b100010100 C
b1010000100 D
1'
#350058000
0'
#350099000
b1000010100101 2
b1000010100101 >
b100010011 C
b100010011 7
b1010000101 D
1'
#350140000
0'
#350181000
b1000010100110 >
b1000010100110 2
b100010010 7
b100010010 C
b1010000110 D
1'
#350222000
0'
#350263000
b1000010100111 2
b1000010100111 >
b100010001 C
b100010001 7
b1010000111 D
1'
#350304000
0'
#350345000
b1000010101000 >
b1000010101000 2
b100010000 7
b100010000 C
b1010001000 D
1'
#350386000
0'
#350427000
b1000010101001 2
b1000010101001 >
b100001111 C
b100001111 7
b1010001001 D
1'
#350468000
0'
#350509000
b1000010101010 >
b1000010101010 2
b100001110 7
b100001110 C
b1010001010 D
1'
#350550000
0'
#350591000
b1000010101011 2
b1000010101011 >
b100001101 C
b100001101 7
b1010001011 D
1'
#350632000
0'
#350673000
b1000010101100 >
b1000010101100 2
b100001100 7
b100001100 C
b1010001100 D
1'
#350714000
0'
#350755000
b1000010101101 2
b1000010101101 >
b100001011 C
b100001011 7
b1010001101 D
1'
#350796000
0'
#350837000
b1000010101110 >
b1000010101110 2
b100001010 7
b100001010 C
b1010001110 D
1'
#350878000
0'
#350919000
b1000010101111 2
b1000010101111 >
b100001001 C
b100001001 7
b1010001111 D
1'
#350960000
0'
#351001000
b1000010110000 >
b1000010110000 2
b100001000 7
b100001000 C
b1010010000 D
1'
#351042000
0'
#351083000
b1000010110001 2
b1000010110001 >
b100000111 C
b100000111 7
b1010010001 D
1'
#351124000
0'
#351165000
b1000010110010 >
b1000010110010 2
b100000110 7
b100000110 C
b1010010010 D
1'
#351206000
0'
#351247000
b1000010110011 2
b1000010110011 >
b100000101 C
b100000101 7
b1010010011 D
1'
#351288000
0'
#351329000
b1000010110100 >
b1000010110100 2
b100000100 7
b100000100 C
b1010010100 D
1'
#351370000
0'
#351411000
b1000010110101 2
b1000010110101 >
b100000011 C
b100000011 7
b1010010101 D
1'
#351452000
0'
#351493000
b1000010110110 >
b1000010110110 2
b100000010 7
b100000010 C
b1010010110 D
1'
#351534000
0'
#351575000
b1000010110111 2
b1000010110111 >
b100000001 C
b100000001 7
b1010010111 D
1'
#351616000
0'
#351657000
b1000010111000 >
b1000010111000 2
b100000000 7
b100000000 C
b1010011000 D
1'
#351698000
0'
#351739000
b1000010111001 2
b1000010111001 >
b11111111 C
b11111111 7
b1010011001 D
1'
#351780000
0'
#351821000
b1000010111010 >
b1000010111010 2
b11111110 7
b11111110 C
b1010011010 D
1'
#351862000
0'
#351903000
b1000010111011 2
b1000010111011 >
b11111101 C
b11111101 7
b1010011011 D
1'
#351944000
0'
#351985000
b1000010111100 >
b1000010111100 2
b11111100 7
b11111100 C
b1010011100 D
1'
#352026000
0'
#352067000
b1000010111101 2
b1000010111101 >
b11111011 C
b11111011 7
b1010011101 D
1'
#352108000
0'
#352149000
b1000010111110 >
b1000010111110 2
b11111010 7
b11111010 C
b1010011110 D
1'
#352190000
0'
#352231000
b1000010111111 2
b1000010111111 >
b11111001 C
b11111001 7
b1010011111 D
1'
#352272000
0'
#352313000
b1000011000000 >
b1000011000000 2
b11111000 7
b11111000 C
b1010100000 D
1'
#352354000
0'
#352395000
b1000011000001 2
b1000011000001 >
b11110111 C
b11110111 7
b1010100001 D
1'
#352436000
0'
#352477000
b1000011000010 >
b1000011000010 2
b11110110 7
b11110110 C
b1010100010 D
1'
#352518000
0'
#352559000
b1000011000011 2
b1000011000011 >
b11110101 C
b11110101 7
b1010100011 D
1'
#352600000
0'
#352641000
b1000011000100 >
b1000011000100 2
b11110100 7
b11110100 C
b1010100100 D
1'
#352682000
0'
#352723000
b1000011000101 2
b1000011000101 >
b11110011 C
b11110011 7
b1010100101 D
1'
#352764000
0'
#352805000
b1000011000110 >
b1000011000110 2
b11110010 7
b11110010 C
b1010100110 D
1'
#352846000
0'
#352887000
b1000011000111 2
b1000011000111 >
b11110001 C
b11110001 7
b1010100111 D
1'
#352928000
0'
#352969000
b1000011001000 >
b1000011001000 2
b11110000 7
b11110000 C
b1010101000 D
1'
#353010000
0'
#353051000
b1000011001001 2
b1000011001001 >
b11101111 C
b11101111 7
b1010101001 D
1'
#353092000
0'
#353133000
b1000011001010 >
b1000011001010 2
b11101110 7
b11101110 C
b1010101010 D
1'
#353174000
0'
#353215000
b1000011001011 2
b1000011001011 >
b11101101 C
b11101101 7
b1010101011 D
1'
#353256000
0'
#353297000
b1000011001100 >
b1000011001100 2
b11101100 7
b11101100 C
b1010101100 D
1'
#353338000
0'
#353379000
b1000011001101 2
b1000011001101 >
b11101011 C
b11101011 7
b1010101101 D
1'
#353420000
0'
#353461000
b1000011001110 >
b1000011001110 2
b11101010 7
b11101010 C
b1010101110 D
1'
#353502000
0'
#353543000
b1000011001111 2
b1000011001111 >
b11101001 C
b11101001 7
b1010101111 D
1'
#353584000
0'
#353625000
b1000011010000 >
b1000011010000 2
b11101000 7
b11101000 C
b1010110000 D
1'
#353666000
0'
#353707000
b1000011010001 2
b1000011010001 >
b11100111 C
b11100111 7
b1010110001 D
1'
#353748000
0'
#353789000
b1000011010010 >
b1000011010010 2
b11100110 7
b11100110 C
b1010110010 D
1'
#353830000
0'
#353871000
b1000011010011 2
b1000011010011 >
b11100101 C
b11100101 7
b1010110011 D
1'
#353912000
0'
#353953000
b1000011010100 >
b1000011010100 2
b11100100 7
b11100100 C
b1010110100 D
1'
#353994000
0'
#354035000
b1000011010101 2
b1000011010101 >
b11100011 C
b11100011 7
b1010110101 D
1'
#354076000
0'
#354117000
b1000011010110 >
b1000011010110 2
b11100010 7
b11100010 C
b1010110110 D
1'
#354158000
0'
#354199000
b1000011010111 2
b1000011010111 >
b11100001 C
b11100001 7
b1010110111 D
1'
#354240000
0'
#354281000
b1000011011000 >
b1000011011000 2
b11100000 7
b11100000 C
b1010111000 D
1'
#354322000
0'
#354363000
b1000011011001 2
b1000011011001 >
b11011111 C
b11011111 7
b1010111001 D
1'
#354404000
0'
#354445000
b1000011011010 >
b1000011011010 2
b11011110 7
b11011110 C
b1010111010 D
1'
#354486000
0'
#354527000
b1000011011011 2
b1000011011011 >
b11011101 C
b11011101 7
b1010111011 D
1'
#354568000
0'
#354609000
b1000011011100 >
b1000011011100 2
b11011100 7
b11011100 C
b1010111100 D
1'
#354650000
0'
#354691000
b1000011011101 2
b1000011011101 >
b11011011 C
b11011011 7
b1010111101 D
1'
#354732000
0'
#354773000
b1000011011110 >
b1000011011110 2
b11011010 7
b11011010 C
b1010111110 D
1'
#354814000
0'
#354855000
b1000011011111 2
b1000011011111 >
b11011001 C
b11011001 7
b1010111111 D
1'
#354896000
0'
#354937000
b1000011100000 >
b1000011100000 2
b11011000 7
b11011000 C
b1011000000 D
1'
#354978000
0'
#355019000
b1000011100001 2
b1000011100001 >
b11010111 C
b11010111 7
b1011000001 D
1'
#355060000
0'
#355101000
b1000011100010 >
b1000011100010 2
b11010110 7
b11010110 C
b1011000010 D
1'
#355142000
0'
#355183000
b1000011100011 2
b1000011100011 >
b11010101 C
b11010101 7
b1011000011 D
1'
#355224000
0'
#355265000
b1000011100100 >
b1000011100100 2
b11010100 7
b11010100 C
b1011000100 D
1'
#355306000
0'
#355347000
b1000011100101 2
b1000011100101 >
b11010011 C
b11010011 7
b1011000101 D
1'
#355388000
0'
#355429000
b1000011100110 >
b1000011100110 2
b11010010 7
b11010010 C
b1011000110 D
1'
#355470000
0'
#355511000
b1000011100111 2
b1000011100111 >
b11010001 C
b11010001 7
b1011000111 D
1'
#355552000
0'
#355593000
b1000011101000 >
b1000011101000 2
b11010000 7
b11010000 C
b1011001000 D
1'
#355634000
0'
#355675000
b1000011101001 2
b1000011101001 >
b11001111 C
b11001111 7
b1011001001 D
1'
#355716000
0'
#355757000
b1000011101010 >
b1000011101010 2
b11001110 7
b11001110 C
b1011001010 D
1'
#355798000
0'
#355839000
b1000011101011 2
b1000011101011 >
b11001101 C
b11001101 7
b1011001011 D
1'
#355880000
0'
#355921000
b1000011101100 >
b1000011101100 2
b11001100 7
b11001100 C
b1011001100 D
1'
#355962000
0'
#356003000
b1000011101101 2
b1000011101101 >
b11001011 C
b11001011 7
b1011001101 D
1'
#356044000
0'
#356085000
b1000011101110 >
b1000011101110 2
b11001010 7
b11001010 C
b1011001110 D
1'
#356126000
0'
#356167000
b1000011101111 2
b1000011101111 >
b11001001 C
b11001001 7
b1011001111 D
1'
#356208000
0'
#356249000
b1000011110000 >
b1000011110000 2
b11001000 7
b11001000 C
b1011010000 D
1'
#356290000
0'
#356331000
b1000011110001 2
b1000011110001 >
b11000111 C
b11000111 7
b1011010001 D
1'
#356372000
0'
#356413000
b1000011110010 >
b1000011110010 2
b11000110 7
b11000110 C
b1011010010 D
1'
#356454000
0'
#356495000
b1000011110011 2
b1000011110011 >
b11000101 C
b11000101 7
b1011010011 D
1'
#356536000
0'
#356577000
b1000011110100 >
b1000011110100 2
b11000100 7
b11000100 C
b1011010100 D
1'
#356618000
0'
#356659000
b1000011110101 2
b1000011110101 >
b11000011 C
b11000011 7
b1011010101 D
1'
#356700000
0'
#356741000
b1000011110110 >
b1000011110110 2
b11000010 7
b11000010 C
b1011010110 D
1'
#356782000
0'
#356823000
b1000011110111 2
b1000011110111 >
b11000001 C
b11000001 7
b1011010111 D
1'
#356864000
0'
#356905000
b1000011111000 >
b1000011111000 2
b11000000 7
b11000000 C
b1011011000 D
1'
#356946000
0'
#356987000
b1000011111001 2
b1000011111001 >
b10111111 C
b10111111 7
b1011011001 D
1'
#357028000
0'
#357069000
b1000011111010 >
b1000011111010 2
b10111110 7
b10111110 C
b1011011010 D
1'
#357110000
0'
#357151000
b1000011111011 2
b1000011111011 >
b10111101 C
b10111101 7
b1011011011 D
1'
#357192000
0'
#357233000
b1000011111100 >
b1000011111100 2
b10111100 7
b10111100 C
b1011011100 D
1'
#357274000
0'
#357315000
b1000011111101 2
b1000011111101 >
b10111011 C
b10111011 7
b1011011101 D
1'
#357356000
0'
#357397000
b1000011111110 >
b1000011111110 2
b10111010 7
b10111010 C
b1011011110 D
1'
#357438000
0'
#357479000
b1000011111111 2
b1000011111111 >
b10111001 C
b10111001 7
b1011011111 D
1'
#357520000
0'
#357561000
b1000100000000 >
b1000100000000 2
b10111000 7
b10111000 C
b1011100000 D
1'
#357602000
0'
#357643000
b1000100000001 2
b1000100000001 >
b10110111 C
b10110111 7
b1011100001 D
1'
#357684000
0'
#357725000
b1000100000010 >
b1000100000010 2
b10110110 7
b10110110 C
b1011100010 D
1'
#357766000
0'
#357807000
b1000100000011 2
b1000100000011 >
b10110101 C
b10110101 7
b1011100011 D
1'
#357848000
0'
#357889000
b1000100000100 >
b1000100000100 2
b10110100 7
b10110100 C
b1011100100 D
1'
#357930000
0'
#357971000
b1000100000101 2
b1000100000101 >
b10110011 C
b10110011 7
b1011100101 D
1'
#358012000
0'
#358053000
b1000100000110 >
b1000100000110 2
b10110010 7
b10110010 C
b1011100110 D
1'
#358094000
0'
#358135000
b1000100000111 2
b1000100000111 >
b10110001 C
b10110001 7
b1011100111 D
1'
#358176000
0'
#358217000
b1000100001000 >
b1000100001000 2
b10110000 7
b10110000 C
b1011101000 D
1'
#358258000
0'
#358299000
b1000100001001 2
b1000100001001 >
b10101111 C
b10101111 7
b1011101001 D
1'
#358340000
0'
#358381000
b1000100001010 >
b1000100001010 2
b10101110 7
b10101110 C
b1011101010 D
1'
#358422000
0'
#358463000
b1000100001011 2
b1000100001011 >
b10101101 C
b10101101 7
b1011101011 D
1'
#358504000
0'
#358545000
b1000100001100 >
b1000100001100 2
b10101100 7
b10101100 C
b1011101100 D
1'
#358586000
0'
#358627000
b1000100001101 2
b1000100001101 >
b10101011 C
b10101011 7
b1011101101 D
1'
#358668000
0'
#358709000
b1000100001110 >
b1000100001110 2
b10101010 7
b10101010 C
b1011101110 D
1'
#358750000
0'
#358791000
b1000100001111 2
b1000100001111 >
b10101001 C
b10101001 7
b1011101111 D
1'
#358832000
0'
#358873000
b1000100010000 >
b1000100010000 2
b10101000 7
b10101000 C
b1011110000 D
1'
#358914000
0'
#358955000
b1000100010001 2
b1000100010001 >
b10100111 C
b10100111 7
b1011110001 D
1'
#358996000
0'
#359037000
b1000100010010 >
b1000100010010 2
b10100110 7
b10100110 C
b1011110010 D
1'
#359078000
0'
#359119000
b1000100010011 2
b1000100010011 >
b10100101 C
b10100101 7
b1011110011 D
1'
#359160000
0'
#359201000
b1000100010100 >
b1000100010100 2
b10100100 7
b10100100 C
b1011110100 D
1'
#359242000
0'
#359283000
b1000100010101 2
b1000100010101 >
b10100011 C
b10100011 7
b1011110101 D
1'
#359324000
0'
#359365000
b1000100010110 >
b1000100010110 2
b10100010 7
b10100010 C
b1011110110 D
1'
#359406000
0'
#359447000
b1000100010111 2
b1000100010111 >
b10100001 C
b10100001 7
b1011110111 D
1'
#359488000
0'
#359529000
b1000100011000 >
b1000100011000 2
b10100000 7
b10100000 C
b1011111000 D
1'
#359570000
0'
#359611000
b1000100011001 2
b1000100011001 >
b10011111 C
b10011111 7
b1011111001 D
1'
#359652000
0'
#359693000
b1000100011010 >
b1000100011010 2
b10011110 7
b10011110 C
b1011111010 D
1'
#359734000
0'
#359775000
b1000100011011 2
b1000100011011 >
b10011101 C
b10011101 7
b1011111011 D
1'
#359816000
0'
#359857000
b1000100011100 >
b1000100011100 2
b10011100 7
b10011100 C
b1011111100 D
1'
#359898000
0'
#359939000
b1000100011101 2
b1000100011101 >
b10011011 C
b10011011 7
b1011111101 D
1'
#359980000
0'
#360021000
b1000100011110 >
b1000100011110 2
b10011010 7
b10011010 C
b1011111110 D
1'
#360062000
0'
#360103000
b1000100011111 2
b1000100011111 >
b10011001 C
b10011001 7
b1011111111 D
1'
#360144000
0'
#360185000
b1000100100000 >
b1000100100000 2
b10011000 7
b10011000 C
b1100000000 D
1'
#360226000
0'
#360267000
b1000100100001 2
b1000100100001 >
b10010111 C
b10010111 7
b1100000001 D
1'
#360308000
0'
#360349000
b1000100100010 >
b1000100100010 2
b10010110 7
b10010110 C
b1100000010 D
1'
#360390000
0'
#360431000
b1000100100011 2
b1000100100011 >
b10010101 C
b10010101 7
b1100000011 D
1'
#360472000
0'
#360513000
b1000100100100 >
b1000100100100 2
b10010100 7
b10010100 C
b1100000100 D
1'
#360554000
0'
#360595000
b1000100100101 2
b1000100100101 >
b10010011 C
b10010011 7
b1100000101 D
1'
#360636000
0'
#360677000
b1000100100110 >
b1000100100110 2
b10010010 7
b10010010 C
b1100000110 D
1'
#360718000
0'
#360759000
b1000100100111 2
b1000100100111 >
b10010001 C
b10010001 7
b1100000111 D
1'
#360800000
0'
#360841000
b1000100101000 >
b1000100101000 2
b10010000 7
b10010000 C
b1100001000 D
1'
#360882000
0'
#360923000
b1000100101001 2
b1000100101001 >
b10001111 C
b10001111 7
b1100001001 D
1'
#360964000
0'
#361005000
b1000100101010 >
b1000100101010 2
b10001110 7
b10001110 C
b1100001010 D
1'
#361046000
0'
#361087000
b1000100101011 2
b1000100101011 >
b10001101 C
b10001101 7
b1100001011 D
1'
#361128000
0'
#361169000
b1000100101100 >
b1000100101100 2
b10001100 7
b10001100 C
b1100001100 D
1'
#361210000
0'
#361251000
b1000100101101 2
b1000100101101 >
b10001011 C
b10001011 7
b1100001101 D
1'
#361292000
0'
#361333000
b1000100101110 >
b1000100101110 2
b10001010 7
b10001010 C
b1100001110 D
1'
#361374000
0'
#361415000
b1000100101111 2
b1000100101111 >
b10001001 C
b10001001 7
b1100001111 D
1'
#361456000
0'
#361497000
b1000100110000 >
b1000100110000 2
b10001000 7
b10001000 C
b1100010000 D
1'
#361538000
0'
#361579000
b1000100110001 2
b1000100110001 >
b10000111 C
b10000111 7
b1100010001 D
1'
#361620000
0'
#361661000
b1000100110010 >
b1000100110010 2
b10000110 7
b10000110 C
b1100010010 D
1'
#361702000
0'
#361743000
b1000100110011 2
b1000100110011 >
b10000101 C
b10000101 7
b1100010011 D
1'
#361784000
0'
#361825000
b1000100110100 >
b1000100110100 2
b10000100 7
b10000100 C
b1100010100 D
1'
#361866000
0'
#361907000
b1000100110101 2
b1000100110101 >
b10000011 C
b10000011 7
b1100010101 D
1'
#361948000
0'
#361989000
b1000100110110 >
b1000100110110 2
b10000010 7
b10000010 C
b1100010110 D
1'
#362030000
0'
#362071000
b1000100110111 2
b1000100110111 >
b10000001 C
b10000001 7
b1100010111 D
1'
#362112000
0'
#362153000
b1000100111000 >
b1000100111000 2
b10000000 7
b10000000 C
b1100011000 D
1'
#362194000
0'
#362235000
b1000100111001 2
b1000100111001 >
b1111111 C
b1111111 7
b1100011001 D
1'
#362276000
0'
#362317000
b1000100111010 >
b1000100111010 2
b1111110 7
b1111110 C
b1100011010 D
1'
#362358000
0'
#362399000
b1000100111011 2
b1000100111011 >
b1111101 C
b1111101 7
b1100011011 D
1'
#362440000
0'
#362481000
b1000100111100 >
b1000100111100 2
b1111100 7
b1111100 C
b1100011100 D
1'
#362522000
0'
#362563000
b1000100111101 2
b1000100111101 >
b1111011 C
b1111011 7
b1100011101 D
1'
#362604000
0'
#362645000
b1000100111110 >
b1000100111110 2
b1111010 7
b1111010 C
b1100011110 D
1'
#362686000
0'
#362727000
b1000100111111 2
b1000100111111 >
b1111001 C
b1111001 7
b1100011111 D
1'
#362768000
0'
#362809000
b1000101000000 >
b1000101000000 2
b1111000 7
b1111000 C
b1100100000 D
1'
#362850000
0'
#362891000
b1000101000001 2
b1000101000001 >
b1110111 C
b1110111 7
b1100100001 D
1'
#362932000
0'
#362973000
b1000101000010 >
b1000101000010 2
b1110110 7
b1110110 C
b1100100010 D
1'
#363014000
0'
#363055000
b1000101000011 2
b1000101000011 >
b1110101 C
b1110101 7
b1100100011 D
1'
#363096000
0'
#363137000
b1000101000100 >
b1000101000100 2
b1110100 7
b1110100 C
b1100100100 D
1'
#363178000
0'
#363219000
b1000101000101 2
b1000101000101 >
b1110011 C
b1110011 7
b1100100101 D
1'
#363260000
0'
#363301000
b1000101000110 >
b1000101000110 2
b1110010 7
b1110010 C
b1100100110 D
1'
#363342000
0'
#363383000
b1000101000111 2
b1000101000111 >
b1110001 C
b1110001 7
b1100100111 D
1'
#363424000
0'
#363465000
b1000101001000 >
b1000101001000 2
b1110000 7
b1110000 C
b1100101000 D
1'
#363506000
0'
#363547000
b1000101001001 2
b1000101001001 >
b1101111 C
b1101111 7
b1100101001 D
1'
#363588000
0'
#363629000
b1000101001010 >
b1000101001010 2
b1101110 7
b1101110 C
b1100101010 D
1'
#363670000
0'
#363711000
b1000101001011 2
b1000101001011 >
b1101101 C
b1101101 7
b1100101011 D
1'
#363752000
0'
#363793000
b1000101001100 >
b1000101001100 2
b1101100 7
b1101100 C
b1100101100 D
1'
#363834000
0'
#363875000
b1000101001101 2
b1000101001101 >
b1101011 C
b1101011 7
b1100101101 D
1'
#363916000
0'
#363957000
b1000101001110 >
b1000101001110 2
b1101010 7
b1101010 C
b1100101110 D
1'
#363998000
0'
#364039000
b1000101001111 2
b1000101001111 >
b1101001 C
b1101001 7
b1100101111 D
1'
#364080000
0'
#364121000
b1000101010000 >
b1000101010000 2
b1101000 7
b1101000 C
b1100110000 D
1'
#364162000
0'
#364203000
b1000101010001 2
b1000101010001 >
b1100111 C
b1100111 7
b1100110001 D
1'
#364244000
0'
#364285000
b1000101010010 >
b1000101010010 2
b1100110 7
b1100110 C
b1100110010 D
1'
#364326000
0'
#364367000
b1000101010011 2
b1000101010011 >
b1100101 C
b1100101 7
b1100110011 D
1'
#364408000
0'
#364449000
b1000101010100 >
b1000101010100 2
b1100100 7
b1100100 C
b1100110100 D
1'
#364490000
0'
#364531000
b1000101010101 2
b1000101010101 >
b1100011 C
b1100011 7
b1100110101 D
1'
#364572000
0'
#364613000
b1000101010110 >
b1000101010110 2
b1100010 7
b1100010 C
b1100110110 D
1'
#364654000
0'
#364695000
b1000101010111 2
b1000101010111 >
b1100001 C
b1100001 7
b1100110111 D
1'
#364736000
0'
#364777000
b1000101011000 >
b1000101011000 2
b1100000 7
b1100000 C
b1100111000 D
1'
#364818000
0'
#364859000
b1000101011001 2
b1000101011001 >
b1011111 C
b1011111 7
b1100111001 D
1'
#364900000
0'
#364941000
b1000101011010 >
b1000101011010 2
b1011110 7
b1011110 C
b1100111010 D
1'
#364982000
0'
#365023000
b1000101011011 2
b1000101011011 >
b1011101 C
b1011101 7
b1100111011 D
1'
#365064000
0'
#365105000
b1000101011100 >
b1000101011100 2
b1011100 7
b1011100 C
b1100111100 D
1'
#365146000
0'
#365187000
b1000101011101 2
b1000101011101 >
b1011011 C
b1011011 7
b1100111101 D
1'
#365228000
0'
#365269000
b1000101011110 >
b1000101011110 2
b1011010 7
b1011010 C
b1100111110 D
1'
#365310000
0'
#365351000
b1000101011111 2
b1000101011111 >
b1011001 C
b1011001 7
b1100111111 D
1'
#365392000
0'
#365433000
b1000101100000 >
b1000101100000 2
b1011000 7
b1011000 C
b1101000000 D
1'
#365474000
0'
#365515000
b1000101100001 2
b1000101100001 >
b1010111 C
b1010111 7
b1101000001 D
1'
#365556000
0'
#365597000
b1000101100010 >
b1000101100010 2
b1010110 7
b1010110 C
b1101000010 D
1'
#365638000
0'
#365679000
b1000101100011 2
b1000101100011 >
b1010101 C
b1010101 7
b1101000011 D
1'
#365720000
0'
#365761000
b1000101100100 >
b1000101100100 2
b1010100 7
b1010100 C
b1101000100 D
1'
#365802000
0'
#365843000
b1000101100101 2
b1000101100101 >
b1010011 C
b1010011 7
b1101000101 D
1'
#365884000
0'
#365925000
b1000101100110 >
b1000101100110 2
b1010010 7
b1010010 C
b1101000110 D
1'
#365966000
0'
#366007000
b1000101100111 2
b1000101100111 >
b1010001 C
b1010001 7
b1101000111 D
1'
#366048000
0'
#366089000
b1000101101000 >
b1000101101000 2
b1010000 7
b1010000 C
b1101001000 D
1'
#366130000
0'
#366171000
b1000101101001 2
b1000101101001 >
b1001111 C
b1001111 7
b1101001001 D
1'
#366212000
0'
#366253000
b1000101101010 >
b1000101101010 2
b1001110 7
b1001110 C
b1101001010 D
1'
#366294000
0'
#366335000
b1000101101011 2
b1000101101011 >
b1001101 C
b1001101 7
b1101001011 D
1'
#366376000
0'
#366417000
b1000101101100 >
b1000101101100 2
b1001100 7
b1001100 C
b1101001100 D
1'
#366458000
0'
#366499000
b1000101101101 2
b1000101101101 >
b1001011 C
b1001011 7
b1101001101 D
1'
#366540000
0'
#366581000
b1000101101110 >
b1000101101110 2
b1001010 7
b1001010 C
b1101001110 D
1'
#366622000
0'
#366663000
b1000101101111 2
b1000101101111 >
b1001001 C
b1001001 7
b1101001111 D
1'
#366704000
0'
#366745000
b1000101110000 >
b1000101110000 2
b1001000 7
b1001000 C
b1101010000 D
1'
#366786000
0'
#366827000
b1000101110001 2
b1000101110001 >
b1000111 C
b1000111 7
b1101010001 D
1'
#366868000
0'
#366909000
b1000101110010 >
b1000101110010 2
b1000110 7
b1000110 C
b1101010010 D
1'
#366950000
0'
#366991000
b1000101110011 2
b1000101110011 >
b1000101 C
b1000101 7
b1101010011 D
1'
#367032000
0'
#367073000
b1000101110100 >
b1000101110100 2
b1000100 7
b1000100 C
b1101010100 D
1'
#367114000
0'
#367155000
b1000101110101 2
b1000101110101 >
b1000011 C
b1000011 7
b1101010101 D
1'
#367196000
0'
#367237000
b1000101110110 >
b1000101110110 2
b1000010 7
b1000010 C
b1101010110 D
1'
#367278000
0'
#367319000
b1000101110111 2
b1000101110111 >
b1000001 C
b1000001 7
b1101010111 D
1'
#367360000
0'
#367401000
b1000101111000 >
b1000101111000 2
b1000000 7
b1000000 C
b1101011000 D
1'
#367442000
0'
#367483000
b1000101111001 2
b1000101111001 >
b111111 C
b111111 7
b1101011001 D
1'
#367524000
0'
#367565000
b1000101111010 >
b1000101111010 2
b111110 7
b111110 C
b1101011010 D
1'
#367606000
0'
#367647000
b1000101111011 2
b1000101111011 >
b111101 C
b111101 7
b1101011011 D
1'
#367688000
0'
#367729000
b1000101111100 >
b1000101111100 2
b111100 7
b111100 C
b1101011100 D
1'
#367770000
0'
#367811000
b1000101111101 2
b1000101111101 >
b111011 C
b111011 7
b1101011101 D
1'
#367852000
0'
#367893000
b1000101111110 >
b1000101111110 2
b111010 7
b111010 C
b1101011110 D
1'
#367934000
0'
#367975000
b1000101111111 2
b1000101111111 >
b111001 C
b111001 7
b1101011111 D
1'
#368016000
0'
#368057000
b1000110000000 >
b1000110000000 2
b111000 7
b111000 C
b1101100000 D
1'
#368098000
0'
#368139000
b1000110000001 2
b1000110000001 >
b110111 C
b110111 7
b1101100001 D
1'
#368180000
0'
#368221000
b1000110000010 >
b1000110000010 2
b110110 7
b110110 C
b1101100010 D
1'
#368262000
0'
#368303000
b1000110000011 2
b1000110000011 >
b110101 C
b110101 7
b1101100011 D
1'
#368344000
0'
#368385000
b1000110000100 >
b1000110000100 2
b110100 7
b110100 C
b1101100100 D
1'
#368426000
0'
#368467000
b1000110000101 2
b1000110000101 >
b110011 C
b110011 7
b1101100101 D
1'
#368508000
0'
#368549000
b1000110000110 >
b1000110000110 2
b110010 7
b110010 C
b1101100110 D
1'
#368590000
0'
#368631000
b1000110000111 2
b1000110000111 >
b110001 C
b110001 7
b1101100111 D
1'
#368672000
0'
#368713000
b1000110001000 >
b1000110001000 2
b110000 7
b110000 C
b1101101000 D
1'
#368754000
0'
#368795000
b1000110001001 2
b1000110001001 >
b101111 C
b101111 7
b1101101001 D
1'
#368836000
0'
#368877000
b1000110001010 >
b1000110001010 2
b101110 7
b101110 C
b1101101010 D
1'
#368918000
0'
#368959000
b1000110001011 2
b1000110001011 >
b101101 C
b101101 7
b1101101011 D
1'
#369000000
0'
#369041000
b1000110001100 >
b1000110001100 2
b101100 7
b101100 C
b1101101100 D
1'
#369082000
0'
#369123000
b1000110001101 2
b1000110001101 >
b101011 C
b101011 7
b1101101101 D
1'
#369164000
0'
#369205000
b1000110001110 >
b1000110001110 2
b101010 7
b101010 C
b1101101110 D
1'
#369246000
0'
#369287000
b1000110001111 2
b1000110001111 >
b101001 C
b101001 7
b1101101111 D
1'
#369328000
0'
#369369000
b1000110010000 >
b1000110010000 2
b101000 7
b101000 C
b1101110000 D
1'
#369410000
0'
#369451000
b1000110010001 2
b1000110010001 >
b100111 C
b100111 7
b1101110001 D
1'
#369492000
0'
#369533000
b1000110010010 >
b1000110010010 2
b100110 7
b100110 C
b1101110010 D
1'
#369574000
0'
#369615000
b1000110010011 2
b1000110010011 >
b100101 C
b100101 7
b1101110011 D
1'
#369656000
0'
#369697000
b1000110010100 >
b1000110010100 2
b100100 7
b100100 C
b1101110100 D
1'
#369738000
0'
#369779000
b1000110010101 2
b1000110010101 >
b100011 C
b100011 7
b1101110101 D
1'
#369820000
0'
#369861000
b1000110010110 >
b1000110010110 2
b100010 7
b100010 C
b1101110110 D
1'
#369902000
0'
#369943000
b1000110010111 2
b1000110010111 >
b100001 C
b100001 7
b1101110111 D
1'
#369984000
0'
#370025000
b1000110011000 >
b1000110011000 2
b100000 7
b100000 C
b1101111000 D
1'
#370066000
0'
#370107000
b1000110011001 2
b1000110011001 >
b11111 C
b11111 7
b1101111001 D
1'
#370148000
0'
#370189000
b1000110011010 >
b1000110011010 2
b11110 7
b11110 C
b1101111010 D
1'
#370230000
0'
#370271000
b1000110011011 2
b1000110011011 >
b11101 C
b11101 7
b1101111011 D
1'
#370312000
0'
#370353000
b1000110011100 >
b1000110011100 2
b11100 7
b11100 C
b1101111100 D
1'
#370394000
0'
#370435000
b1000110011101 2
b1000110011101 >
b11011 C
b11011 7
b1101111101 D
1'
#370476000
0'
#370517000
b1000110011110 >
b1000110011110 2
b11010 7
b11010 C
b1101111110 D
1'
#370558000
0'
#370599000
b1000110011111 2
b1000110011111 >
b11001 C
b11001 7
b1101111111 D
1'
#370640000
0'
#370681000
b1000110100000 >
b1000110100000 2
b11000 7
b11000 C
b1110000000 D
1'
#370722000
0'
#370763000
b1000110100001 2
b1000110100001 >
b10111 C
b10111 7
b1110000001 D
1'
#370804000
0'
#370845000
b1000110100010 >
b1000110100010 2
b10110 7
b10110 C
b1110000010 D
1'
#370886000
0'
#370927000
b1000110100011 2
b1000110100011 >
b10101 C
b10101 7
b1110000011 D
1'
#370968000
0'
#371009000
b1000110100100 >
b1000110100100 2
b10100 7
b10100 C
b1110000100 D
1'
#371050000
0'
#371091000
b1000110100101 2
b1000110100101 >
b10011 C
b10011 7
b1110000101 D
1'
#371132000
0'
#371173000
b1000110100110 >
b1000110100110 2
b10010 7
b10010 C
b1110000110 D
1'
#371214000
0'
#371255000
b1000110100111 2
b1000110100111 >
b10001 C
b10001 7
b1110000111 D
1'
#371296000
0'
#371337000
b1000110101000 >
b1000110101000 2
b10000 7
b10000 C
b1110001000 D
1'
#371378000
0'
#371419000
b1000110101001 2
b1000110101001 >
b1111 C
b1111 7
b1110001001 D
1'
#371460000
0'
#371501000
b1000110101010 >
b1000110101010 2
b1110 7
b1110 C
b1110001010 D
1'
#371542000
0'
#371583000
b1000110101011 2
b1000110101011 >
b1101 C
b1101 7
b1110001011 D
1'
#371624000
0'
#371665000
b1000110101100 >
b1000110101100 2
b1100 7
b1100 C
b1110001100 D
1'
#371706000
0'
#371747000
b1000110101101 2
b1000110101101 >
b1011 C
b1011 7
b1110001101 D
1'
#371788000
0'
#371829000
b1000110101110 >
b1000110101110 2
b1010 7
b1010 C
b1110001110 D
1'
#371870000
0'
#371911000
b1000110101111 2
b1000110101111 >
b1001 C
b1001 7
b1110001111 D
1'
#371952000
0'
#371993000
b1000110110000 >
b1000110110000 2
b1000 7
b1000 C
b1110010000 D
1'
#372034000
0'
#372075000
b1000110110001 2
b1000110110001 >
b111 C
b111 7
b1110010001 D
1'
#372116000
0'
#372157000
b1000110110010 >
b1000110110010 2
b110 7
b110 C
b1110010010 D
1'
#372198000
0'
#372239000
b1000110110011 2
b1000110110011 >
b101 C
b101 7
b1110010011 D
1'
#372280000
0'
#372321000
b1000110110100 >
b1000110110100 2
b100 7
b100 C
b1110010100 D
1'
#372362000
0'
#372403000
b1000110110101 2
b1000110110101 >
b11 C
b11 7
b1110010101 D
1'
#372444000
0'
#372485000
b1000110110110 >
b1000110110110 2
b10 7
b10 C
b1110010110 D
1'
#372526000
0'
#372567000
b1000110110111 2
b1000110110111 >
b1 C
b1 7
b1110010111 D
1'
#372608000
0'
#372649000
b1000110111000 >
b1000110111000 2
b0 7
b0 C
b1110011000 D
1'
#372690000
0'
#372731000
b1000110111001 2
b1000110111001 >
0;
b101010111 C
0%
0/
b101010111 7
b1110011001 D
1'
#372772000
0'
#372813000
b1000110111010 >
b1000110111010 2
b101010110 7
b101010110 C
b1110011010 D
1'
#372854000
0'
#372895000
b1000110111011 2
b1000110111011 >
b101010101 C
b101010101 7
b1110011011 D
1'
#372936000
0'
#372977000
b1000110111100 >
b1000110111100 2
b101010100 7
b101010100 C
b1110011100 D
1'
#373018000
0'
#373059000
b1000110111101 2
b1000110111101 >
b101010011 C
b101010011 7
b1110011101 D
1'
#373100000
0'
#373141000
b1000110111110 >
b1000110111110 2
b101010010 7
b101010010 C
b1110011110 D
1'
#373182000
0'
#373223000
b1000110111111 2
b1000110111111 >
b101010001 C
b101010001 7
b1110011111 D
1'
#373264000
0'
#373305000
b1000111000000 >
b1000111000000 2
b101010000 7
b101010000 C
b1110100000 D
1'
#373346000
0'
#373387000
b1000111000001 2
b1000111000001 >
b101001111 C
b101001111 7
b1110100001 D
1'
#373428000
0'
#373469000
b1000111000010 >
b1000111000010 2
b101001110 7
b101001110 C
b1110100010 D
1'
#373510000
0'
#373551000
b1000111000011 2
b1000111000011 >
b101001101 C
b101001101 7
b1110100011 D
1'
#373592000
0'
#373633000
b1000111000100 >
b1000111000100 2
b101001100 7
b101001100 C
b1110100100 D
1'
#373674000
0'
#373715000
b1000111000101 2
b1000111000101 >
b101001011 C
b101001011 7
b1110100101 D
1'
#373756000
0'
#373797000
b1000111000110 >
b1000111000110 2
b101001010 7
b101001010 C
b1110100110 D
1'
#373838000
0'
#373879000
b1000111000111 2
b1000111000111 >
b101001001 C
b101001001 7
b1110100111 D
1'
#373920000
0'
#373961000
b1000111001000 >
b1000111001000 2
b101001000 7
b101001000 C
b1110101000 D
1'
#374002000
0'
#374043000
b1000111001001 2
b1000111001001 >
b101000111 C
b101000111 7
b1110101001 D
1'
#374084000
0'
#374125000
b1000111001010 >
b1000111001010 2
b101000110 7
b101000110 C
b1110101010 D
1'
#374166000
0'
#374207000
b1000111001011 2
b1000111001011 >
b101000101 C
b101000101 7
b1110101011 D
1'
#374248000
0'
#374289000
b1000111001100 >
b1000111001100 2
b101000100 7
b101000100 C
b1110101100 D
1'
#374330000
0'
#374371000
b1000111001101 2
b1000111001101 >
b101000011 C
b101000011 7
b1110101101 D
1'
#374412000
0'
#374453000
b1000111001110 >
b1000111001110 2
b101000010 7
b101000010 C
b1110101110 D
1'
#374494000
0'
#374535000
b1000111001111 2
b1000111001111 >
b101000001 C
b101000001 7
b1110101111 D
1'
#374576000
0'
#374617000
b1000111010000 >
b1000111010000 2
b101000000 7
b101000000 C
b1110110000 D
1'
#374658000
0'
#374699000
b1000111010001 2
b1000111010001 >
b100111111 C
b100111111 7
b1110110001 D
1'
#374740000
0'
#374781000
b1000111010010 >
b1000111010010 2
b100111110 7
b100111110 C
b1110110010 D
1'
#374822000
0'
#374863000
b1000111010011 2
b1000111010011 >
b100111101 C
b100111101 7
b1110110011 D
1'
#374904000
0'
#374945000
b1000111010100 >
b1000111010100 2
b100111100 7
b100111100 C
b1110110100 D
1'
#374986000
0'
#375027000
b1000111010101 2
b1000111010101 >
b100111011 C
b100111011 7
b1110110101 D
1'
#375068000
0'
#375109000
b1000111010110 >
b1000111010110 2
b100111010 7
b100111010 C
b1110110110 D
1'
#375150000
0'
#375191000
b1000111010111 2
b1000111010111 >
b100111001 C
b100111001 7
b1110110111 D
1'
#375232000
0'
#375273000
b1000111011000 >
b1000111011000 2
b100111000 7
b100111000 C
b1110111000 D
1'
#375314000
0'
#375355000
b1000111011001 2
b1000111011001 >
b100110111 C
b100110111 7
b1110111001 D
1'
#375396000
0'
#375437000
b1000111011010 >
b1000111011010 2
b100110110 7
b100110110 C
b1110111010 D
1'
#375478000
0'
#375519000
b1000111011011 2
b1000111011011 >
b100110101 C
b100110101 7
b1110111011 D
1'
#375560000
0'
#375601000
b1000111011100 >
b1000111011100 2
b100110100 7
b100110100 C
b1110111100 D
1'
#375642000
0'
#375683000
b1000111011101 2
b1000111011101 >
b100110011 C
b100110011 7
b1110111101 D
1'
#375724000
0'
#375765000
b1000111011110 >
b1000111011110 2
b100110010 7
b100110010 C
b1110111110 D
1'
#375806000
0'
#375847000
b1000111011111 2
b1000111011111 >
b100110001 C
b100110001 7
b1110111111 D
1'
#375888000
0'
#375929000
b1000111100000 >
b1000111100000 2
b100110000 7
b100110000 C
b1111000000 D
1'
#375970000
0'
#376011000
b1000111100001 2
b1000111100001 >
b100101111 C
b100101111 7
b1111000001 D
1'
#376052000
0'
#376093000
b1000111100010 >
b1000111100010 2
b100101110 7
b100101110 C
b1111000010 D
1'
#376134000
0'
#376175000
b1000111100011 2
b1000111100011 >
b100101101 C
b100101101 7
b1111000011 D
1'
#376216000
0'
#376257000
b1000111100100 >
b1000111100100 2
b100101100 7
b100101100 C
b1111000100 D
1'
#376298000
0'
#376339000
b1000111100101 2
b1000111100101 >
b100101011 C
b100101011 7
b1111000101 D
1'
#376380000
0'
#376421000
b1000111100110 >
b1000111100110 2
b100101010 7
b100101010 C
b1111000110 D
1'
#376462000
0'
#376503000
b1000111100111 2
b1000111100111 >
b100101001 C
b100101001 7
b1111000111 D
1'
#376544000
0'
#376585000
b1000111101000 >
b1000111101000 2
b100101000 7
b100101000 C
b1111001000 D
1'
#376626000
0'
#376667000
b1000111101001 2
b1000111101001 >
b100100111 C
b100100111 7
b1111001001 D
1'
#376708000
0'
#376749000
b1000111101010 >
b1000111101010 2
b100100110 7
b100100110 C
b1111001010 D
1'
#376790000
0'
#376831000
b1000111101011 2
b1000111101011 >
b100100101 C
b100100101 7
b1111001011 D
1'
#376872000
0'
#376913000
b1000111101100 >
b1000111101100 2
b100100100 7
b100100100 C
b1111001100 D
1'
#376954000
0'
#376995000
b1000111101101 2
b1000111101101 >
b100100011 C
b100100011 7
b1111001101 D
1'
#377036000
0'
#377077000
b1000111101110 >
b1000111101110 2
b100100010 7
b100100010 C
b1111001110 D
1'
#377118000
0'
#377159000
b1000111101111 2
b1000111101111 >
b100100001 C
b100100001 7
b1111001111 D
1'
#377200000
0'
#377241000
b1000111110000 >
b1000111110000 2
b100100000 7
b100100000 C
b1111010000 D
1'
#377282000
0'
#377323000
b1000111110001 2
b1000111110001 >
b100011111 C
b100011111 7
b1111010001 D
1'
#377364000
0'
#377405000
b1000111110010 >
b1000111110010 2
b100011110 7
b100011110 C
b1111010010 D
1'
#377446000
0'
#377487000
b1000111110011 2
b1000111110011 >
b100011101 C
b100011101 7
b1111010011 D
1'
#377528000
0'
#377569000
b1000111110100 >
b1000111110100 2
b100011100 7
b100011100 C
b1111010100 D
1'
#377610000
0'
#377651000
b1000111110101 2
b1000111110101 >
b100011011 C
b100011011 7
b1111010101 D
1'
#377692000
0'
#377733000
b1000111110110 >
b1000111110110 2
b100011010 7
b100011010 C
b1111010110 D
1'
#377774000
0'
#377815000
b1000111110111 2
b1000111110111 >
b100011001 C
b100011001 7
b1111010111 D
1'
#377856000
0'
#377897000
b1000111111000 >
b1000111111000 2
b100011000 7
b100011000 C
b1111011000 D
1'
#377938000
0'
#377979000
b1000111111001 2
b1000111111001 >
b100010111 C
b100010111 7
b1111011001 D
1'
#378020000
0'
#378061000
b1000111111010 >
b1000111111010 2
b100010110 7
b100010110 C
b1111011010 D
1'
#378102000
0'
#378143000
b1000111111011 2
b1000111111011 >
b100010101 C
b100010101 7
b1111011011 D
1'
#378184000
0'
#378225000
b1000111111100 >
b1000111111100 2
b100010100 7
b100010100 C
b1111011100 D
1'
#378266000
0'
#378307000
b1000111111101 2
b1000111111101 >
b100010011 C
b100010011 7
b1111011101 D
1'
#378348000
0'
#378389000
b1000111111110 >
b1000111111110 2
b100010010 7
b100010010 C
b1111011110 D
1'
#378430000
0'
#378471000
b1000111111111 2
b1000111111111 >
b100010001 C
b100010001 7
b1111011111 D
1'
#378512000
0'
#378553000
b1001000000000 >
b1001000000000 2
b100010000 7
b100010000 C
b1111100000 D
1'
#378594000
0'
#378635000
b1001000000001 2
b1001000000001 >
b100001111 C
b100001111 7
b1111100001 D
1'
#378676000
0'
#378717000
b1001000000010 >
b1001000000010 2
b100001110 7
b100001110 C
b1111100010 D
1'
#378758000
0'
#378799000
b1001000000011 2
b1001000000011 >
b100001101 C
b100001101 7
b1111100011 D
1'
#378840000
0'
#378881000
b1001000000100 >
b1001000000100 2
b100001100 7
b100001100 C
b1111100100 D
1'
#378922000
0'
#378963000
b1001000000101 2
b1001000000101 >
b100001011 C
b100001011 7
b1111100101 D
1'
#379004000
0'
#379045000
b1001000000110 >
b1001000000110 2
b100001010 7
b100001010 C
b1111100110 D
1'
#379086000
0'
#379127000
b1001000000111 2
b1001000000111 >
b100001001 C
b100001001 7
b1111100111 D
1'
#379168000
0'
#379209000
0=
b1001000001000 >
0,
01
b1001000001000 2
b100001000 7
b100001000 C
b1010 F
0)
b1111101000 D
1'
#379250000
0'
#379291000
b1001000001001 2
b1001000001001 >
b0 C
b0 7
1'
#379332000
0'
#379373000
b1001000001010 >
b1001000001010 2
1'
#379414000
0'
#379455000
b1001000001011 2
b1001000001011 >
1'
#379496000
0'
#379537000
b1001000001100 >
b1001000001100 2
1'
#379578000
0'
#379619000
b1001000001101 2
b1001000001101 >
1'
#379660000
0'
#379701000
b1001000001110 >
b1001000001110 2
1'
#379742000
0'
#379783000
b1001000001111 2
b1001000001111 >
1'
#379824000
0'
#379865000
b1001000010000 >
b1001000010000 2
1'
#379906000
0'
#379947000
b1001000010001 2
b1001000010001 >
1'
#379988000
0'
#380029000
1=
b1001000010010 >
1,
11
b1001000010010 2
b1100100000 F
1(
1'
#380070000
0'
#380111000
b1001000010011 2
b1001000010011 >
1;
b101010111 C
1%
1/
b101010111 7
1'
#380152000
0'
#380193000
b1001000010100 >
b1001000010100 2
b101010110 7
b101010110 C
1'
#380234000
0'
#380275000
b1001000010101 2
b1001000010101 >
b101010101 C
b101010101 7
1'
#380316000
0'
#380357000
b1001000010110 >
b1001000010110 2
b101010100 7
b101010100 C
1'
#380398000
0'
#380439000
b1001000010111 2
b1001000010111 >
b101010011 C
b101010011 7
1'
#380480000
0'
#380521000
b1001000011000 >
b1001000011000 2
b101010010 7
b101010010 C
1'
#380562000
0'
#380603000
b1001000011001 2
b1001000011001 >
b101010001 C
b101010001 7
1'
#380644000
0'
#380685000
b1001000011010 >
b1001000011010 2
b101010000 7
b101010000 C
1'
#380726000
0'
#380767000
b1001000011011 2
b1001000011011 >
b101001111 C
b101001111 7
1'
#380808000
0'
#380849000
b1001000011100 >
b1001000011100 2
b101001110 7
b101001110 C
1'
#380890000
0'
#380931000
b1001000011101 2
b1001000011101 >
b101001101 C
b101001101 7
1'
#380972000
0'
#381013000
b1001000011110 >
b1001000011110 2
b101001100 7
b101001100 C
1'
#381054000
0'
#381095000
b1001000011111 2
b1001000011111 >
b101001011 C
b101001011 7
1'
#381136000
0'
#381177000
b1001000100000 >
b1001000100000 2
b101001010 7
b101001010 C
1'
#381218000
0'
#381259000
b1001000100001 2
b1001000100001 >
b101001001 C
b101001001 7
1'
#381300000
0'
#381341000
b1001000100010 >
b1001000100010 2
b101001000 7
b101001000 C
1'
#381382000
0'
#381423000
b1001000100011 2
b1001000100011 >
b101000111 C
b101000111 7
1'
#381464000
0'
#381505000
b1001000100100 >
b1001000100100 2
b101000110 7
b101000110 C
1'
#381546000
0'
#381587000
b1001000100101 2
b1001000100101 >
b101000101 C
b101000101 7
1'
#381628000
0'
#381669000
b1001000100110 >
b1001000100110 2
b101000100 7
b101000100 C
1'
#381710000
0'
#381751000
b1001000100111 2
b1001000100111 >
b101000011 C
b101000011 7
1'
#381792000
0'
#381833000
b1001000101000 >
b1001000101000 2
b101000010 7
b101000010 C
1'
#381874000
0'
#381915000
b1001000101001 2
b1001000101001 >
b101000001 C
b101000001 7
1'
#381956000
0'
#381997000
b1001000101010 >
b1001000101010 2
b101000000 7
b101000000 C
1'
#382038000
0'
#382079000
b1001000101011 2
b1001000101011 >
b100111111 C
b100111111 7
1'
#382120000
0'
#382161000
b1001000101100 >
b1001000101100 2
b100111110 7
b100111110 C
1'
#382202000
0'
#382243000
b1001000101101 2
b1001000101101 >
b100111101 C
b100111101 7
1'
#382284000
0'
#382325000
b1001000101110 >
b1001000101110 2
b100111100 7
b100111100 C
1'
#382366000
0'
#382407000
b1001000101111 2
b1001000101111 >
b100111011 C
b100111011 7
1'
#382448000
0'
#382489000
b1001000110000 >
b1001000110000 2
b100111010 7
b100111010 C
1'
#382530000
0'
#382571000
b1001000110001 2
b1001000110001 >
b100111001 C
b100111001 7
1'
#382612000
0'
#382653000
b1001000110010 >
b1001000110010 2
b100111000 7
b100111000 C
1'
#382694000
0'
#382735000
b1001000110011 2
b1001000110011 >
b100110111 C
b100110111 7
1'
#382776000
0'
#382817000
b1001000110100 >
b1001000110100 2
b100110110 7
b100110110 C
1'
#382858000
0'
#382899000
b1001000110101 2
b1001000110101 >
b100110101 C
b100110101 7
1'
#382940000
0'
#382981000
b1001000110110 >
b1001000110110 2
b100110100 7
b100110100 C
1'
#383022000
0'
#383063000
b1001000110111 2
b1001000110111 >
b100110011 C
b100110011 7
1'
#383104000
0'
#383145000
b1001000111000 >
b1001000111000 2
b100110010 7
b100110010 C
1'
#383186000
0'
#383227000
b1001000111001 2
b1001000111001 >
b100110001 C
b100110001 7
1'
#383268000
0'
#383309000
b1001000111010 >
b1001000111010 2
b100110000 7
b100110000 C
1'
#383350000
0'
#383391000
b1001000111011 2
b1001000111011 >
b100101111 C
b100101111 7
1'
#383432000
0'
#383473000
b1001000111100 >
b1001000111100 2
b100101110 7
b100101110 C
1'
#383514000
0'
#383555000
b1001000111101 2
b1001000111101 >
b100101101 C
b100101101 7
1'
#383596000
0'
#383637000
b1001000111110 >
b1001000111110 2
b100101100 7
b100101100 C
1'
#383678000
0'
#383719000
b1001000111111 2
b1001000111111 >
b100101011 C
b100101011 7
1'
#383760000
0'
#383801000
b1001001000000 >
b1001001000000 2
b100101010 7
b100101010 C
1'
#383842000
0'
#383883000
b1001001000001 2
b1001001000001 >
b100101001 C
b100101001 7
1'
#383924000
0'
#383965000
b1001001000010 >
b1001001000010 2
b100101000 7
b100101000 C
1'
#384006000
0'
#384047000
b1001001000011 2
b1001001000011 >
b100100111 C
b100100111 7
1'
#384088000
0'
#384129000
b1001001000100 >
b1001001000100 2
b100100110 7
b100100110 C
1'
#384170000
0'
#384211000
b1001001000101 2
b1001001000101 >
b100100101 C
b100100101 7
1'
#384252000
0'
#384293000
b1001001000110 >
b1001001000110 2
b100100100 7
b100100100 C
1'
#384334000
0'
#384375000
b1001001000111 2
b1001001000111 >
b100100011 C
b100100011 7
1'
#384416000
0'
#384457000
b1001001001000 >
b1001001001000 2
b100100010 7
b100100010 C
1'
#384498000
0'
#384539000
b1001001001001 2
b1001001001001 >
b100100001 C
b100100001 7
1'
#384580000
0'
#384621000
b1001001001010 >
b1001001001010 2
b100100000 7
b100100000 C
1'
#384662000
0'
#384703000
b1001001001011 2
b1001001001011 >
b100011111 C
b100011111 7
1'
#384744000
0'
#384785000
b1001001001100 >
b1001001001100 2
b100011110 7
b100011110 C
1'
#384826000
0'
#384867000
b1001001001101 2
b1001001001101 >
b100011101 C
b100011101 7
1'
#384908000
0'
#384949000
b1001001001110 >
b1001001001110 2
b100011100 7
b100011100 C
1'
#384990000
0'
#385031000
b1001001001111 2
b1001001001111 >
b100011011 C
b100011011 7
1'
#385072000
0'
#385113000
b1001001010000 >
b1001001010000 2
b100011010 7
b100011010 C
1'
#385154000
0'
#385195000
b1001001010001 2
b1001001010001 >
b100011001 C
b100011001 7
1'
#385236000
0'
#385277000
b1001001010010 >
b1001001010010 2
b100011000 7
b100011000 C
1'
#385318000
0'
#385359000
b1001001010011 2
b1001001010011 >
b100010111 C
b100010111 7
1'
#385400000
0'
#385441000
b1001001010100 >
b1001001010100 2
b100010110 7
b100010110 C
1'
#385482000
0'
#385523000
b1001001010101 2
b1001001010101 >
b100010101 C
b100010101 7
1'
#385564000
0'
#385605000
b1001001010110 >
b1001001010110 2
b100010100 7
b100010100 C
1'
#385646000
0'
#385687000
b1001001010111 2
b1001001010111 >
b100010011 C
b100010011 7
1'
#385728000
0'
#385769000
b1001001011000 >
b1001001011000 2
b100010010 7
b100010010 C
1'
#385810000
0'
#385851000
b1001001011001 2
b1001001011001 >
b100010001 C
b100010001 7
1'
#385892000
0'
#385933000
b1001001011010 >
b1001001011010 2
b100010000 7
b100010000 C
1'
#385974000
0'
#386015000
b1001001011011 2
b1001001011011 >
b100001111 C
b100001111 7
1'
#386056000
0'
#386097000
b1001001011100 >
b1001001011100 2
b100001110 7
b100001110 C
1'
#386138000
0'
#386179000
b1001001011101 2
b1001001011101 >
b100001101 C
b100001101 7
1'
#386220000
0'
#386261000
b1001001011110 >
b1001001011110 2
b100001100 7
b100001100 C
1'
#386302000
0'
#386343000
b1001001011111 2
b1001001011111 >
b100001011 C
b100001011 7
1'
#386384000
0'
#386425000
b1001001100000 >
b1001001100000 2
b100001010 7
b100001010 C
1'
#386466000
0'
#386507000
b1001001100001 2
b1001001100001 >
b100001001 C
b100001001 7
1'
#386548000
0'
#386589000
b1001001100010 >
b1001001100010 2
b100001000 7
b100001000 C
1'
#386630000
0'
#386671000
b1001001100011 2
b1001001100011 >
b100000111 C
b100000111 7
1'
#386712000
0'
#386753000
b1001001100100 >
b1001001100100 2
b100000110 7
b100000110 C
1'
#386794000
0'
#386835000
b1001001100101 2
b1001001100101 >
b100000101 C
b100000101 7
1'
#386876000
0'
#386917000
b1001001100110 >
b1001001100110 2
b100000100 7
b100000100 C
1'
#386958000
0'
#386999000
b1001001100111 2
b1001001100111 >
b100000011 C
b100000011 7
1'
#387040000
0'
#387081000
b1001001101000 >
b1001001101000 2
b100000010 7
b100000010 C
1'
#387122000
0'
#387163000
b1001001101001 2
b1001001101001 >
b100000001 C
b100000001 7
1'
#387204000
0'
#387245000
b1001001101010 >
b1001001101010 2
b100000000 7
b100000000 C
1'
#387286000
0'
#387327000
b1001001101011 2
b1001001101011 >
b11111111 C
b11111111 7
1'
#387368000
0'
#387409000
b1001001101100 >
b1001001101100 2
b11111110 7
b11111110 C
1'
#387450000
0'
#387491000
b1001001101101 2
b1001001101101 >
b11111101 C
b11111101 7
1'
#387532000
0'
#387573000
b1001001101110 >
b1001001101110 2
b11111100 7
b11111100 C
1'
#387614000
0'
#387655000
b1001001101111 2
b1001001101111 >
b11111011 C
b11111011 7
1'
#387696000
0'
#387737000
b1001001110000 >
b1001001110000 2
b11111010 7
b11111010 C
1'
#387778000
0'
#387819000
b1001001110001 2
b1001001110001 >
b11111001 C
b11111001 7
1'
#387860000
0'
#387901000
b1001001110010 >
b1001001110010 2
b11111000 7
b11111000 C
1'
#387942000
0'
#387983000
b1001001110011 2
b1001001110011 >
b11110111 C
b11110111 7
1'
#388024000
0'
#388065000
b1001001110100 >
b1001001110100 2
b11110110 7
b11110110 C
1'
#388106000
0'
#388147000
b1001001110101 2
b1001001110101 >
b11110101 C
b11110101 7
1'
#388188000
0'
#388229000
b1001001110110 >
b1001001110110 2
b11110100 7
b11110100 C
1'
#388270000
0'
#388311000
b1001001110111 2
b1001001110111 >
b11110011 C
b11110011 7
1'
#388352000
0'
#388393000
b1001001111000 >
b1001001111000 2
b11110010 7
b11110010 C
1'
#388434000
0'
#388475000
b1001001111001 2
b1001001111001 >
b11110001 C
b11110001 7
1'
#388516000
0'
#388557000
b1001001111010 >
b1001001111010 2
b11110000 7
b11110000 C
1'
#388598000
0'
#388639000
b1001001111011 2
b1001001111011 >
b11101111 C
b11101111 7
1'
#388680000
0'
#388721000
b1001001111100 >
b1001001111100 2
b11101110 7
b11101110 C
1'
#388762000
0'
#388803000
b1001001111101 2
b1001001111101 >
b11101101 C
b11101101 7
1'
#388844000
0'
#388885000
b1001001111110 >
b1001001111110 2
b11101100 7
b11101100 C
1'
#388926000
0'
#388967000
b1001001111111 2
b1001001111111 >
b11101011 C
b11101011 7
1'
#389008000
0'
#389049000
b1001010000000 >
b1001010000000 2
b11101010 7
b11101010 C
1'
#389090000
0'
#389131000
b1001010000001 2
b1001010000001 >
b11101001 C
b11101001 7
1'
#389172000
0'
#389213000
b1001010000010 >
b1001010000010 2
b11101000 7
b11101000 C
1'
#389254000
0'
#389295000
b1001010000011 2
b1001010000011 >
b11100111 C
b11100111 7
1'
#389336000
0'
#389377000
b1001010000100 >
b1001010000100 2
b11100110 7
b11100110 C
1'
#389418000
0'
#389459000
b1001010000101 2
b1001010000101 >
b11100101 C
b11100101 7
1'
#389500000
0'
#389541000
b1001010000110 >
b1001010000110 2
b11100100 7
b11100100 C
1'
#389582000
0'
#389623000
b1001010000111 2
b1001010000111 >
b11100011 C
b11100011 7
1'
#389664000
0'
#389705000
b1001010001000 >
b1001010001000 2
b11100010 7
b11100010 C
1'
#389746000
0'
#389787000
b1001010001001 2
b1001010001001 >
b11100001 C
b11100001 7
1'
#389828000
0'
#389869000
b1001010001010 >
b1001010001010 2
b11100000 7
b11100000 C
1'
#389910000
0'
#389951000
b1001010001011 2
b1001010001011 >
b11011111 C
b11011111 7
1'
#389992000
0'
#390033000
b1001010001100 >
b1001010001100 2
b11011110 7
b11011110 C
1'
#390074000
0'
#390115000
b1001010001101 2
b1001010001101 >
b11011101 C
b11011101 7
1'
#390156000
0'
#390197000
b1001010001110 >
b1001010001110 2
b11011100 7
b11011100 C
1'
#390238000
0'
#390279000
b1001010001111 2
b1001010001111 >
b11011011 C
b11011011 7
1'
#390320000
0'
#390361000
b1001010010000 >
b1001010010000 2
b11011010 7
b11011010 C
1'
#390402000
0'
#390443000
b1001010010001 2
b1001010010001 >
b11011001 C
b11011001 7
1'
#390484000
0'
#390525000
b1001010010010 >
b1001010010010 2
b11011000 7
b11011000 C
1'
#390566000
0'
#390607000
b1001010010011 2
b1001010010011 >
b11010111 C
b11010111 7
1'
#390648000
0'
#390689000
b1001010010100 >
b1001010010100 2
b11010110 7
b11010110 C
1'
#390730000
0'
#390771000
b1001010010101 2
b1001010010101 >
b11010101 C
b11010101 7
1'
#390812000
0'
#390853000
b1001010010110 >
b1001010010110 2
b11010100 7
b11010100 C
1'
#390894000
0'
#390935000
b1001010010111 2
b1001010010111 >
b11010011 C
b11010011 7
1'
#390976000
0'
#391017000
b1001010011000 >
b1001010011000 2
b11010010 7
b11010010 C
1'
#391058000
0'
#391099000
b1001010011001 2
b1001010011001 >
b11010001 C
b11010001 7
1'
#391140000
0'
#391181000
b1001010011010 >
b1001010011010 2
b11010000 7
b11010000 C
1'
#391222000
0'
#391263000
b1001010011011 2
b1001010011011 >
b11001111 C
b11001111 7
1'
#391304000
0'
#391345000
b1001010011100 >
b1001010011100 2
b11001110 7
b11001110 C
1'
#391386000
0'
#391427000
b1001010011101 2
b1001010011101 >
b11001101 C
b11001101 7
1'
#391468000
0'
#391509000
b1001010011110 >
b1001010011110 2
b11001100 7
b11001100 C
1'
#391550000
0'
#391591000
b1001010011111 2
b1001010011111 >
b11001011 C
b11001011 7
1'
#391632000
0'
#391673000
b1001010100000 >
b1001010100000 2
b11001010 7
b11001010 C
1'
#391714000
0'
#391755000
b1001010100001 2
b1001010100001 >
b11001001 C
b11001001 7
1'
#391796000
0'
#391837000
b1001010100010 >
b1001010100010 2
b11001000 7
b11001000 C
1'
#391878000
0'
#391919000
b1001010100011 2
b1001010100011 >
b11000111 C
b11000111 7
1'
#391960000
0'
#392001000
b1001010100100 >
b1001010100100 2
b11000110 7
b11000110 C
1'
#392042000
0'
#392083000
b1001010100101 2
b1001010100101 >
b11000101 C
b11000101 7
1'
#392124000
0'
#392165000
b1001010100110 >
b1001010100110 2
b11000100 7
b11000100 C
1'
#392206000
0'
#392247000
b1001010100111 2
b1001010100111 >
b11000011 C
b11000011 7
1'
#392288000
0'
#392329000
b1001010101000 >
b1001010101000 2
b11000010 7
b11000010 C
1'
#392370000
0'
#392411000
b1001010101001 2
b1001010101001 >
b11000001 C
b11000001 7
1'
#392452000
0'
#392493000
b1001010101010 >
b1001010101010 2
b11000000 7
b11000000 C
1'
#392534000
0'
#392575000
b1001010101011 2
b1001010101011 >
b10111111 C
b10111111 7
1'
#392616000
0'
#392657000
b1001010101100 >
b1001010101100 2
b10111110 7
b10111110 C
1'
#392698000
0'
#392739000
b1001010101101 2
b1001010101101 >
b10111101 C
b10111101 7
1'
#392780000
0'
#392821000
b1001010101110 >
b1001010101110 2
b10111100 7
b10111100 C
1'
#392862000
0'
#392903000
b1001010101111 2
b1001010101111 >
b10111011 C
b10111011 7
1'
#392944000
0'
#392985000
b1001010110000 >
b1001010110000 2
b10111010 7
b10111010 C
1'
#393026000
0'
#393067000
b1001010110001 2
b1001010110001 >
b10111001 C
b10111001 7
1'
#393108000
0'
#393149000
b1001010110010 >
b1001010110010 2
b10111000 7
b10111000 C
1'
#393190000
0'
#393231000
b1001010110011 2
b1001010110011 >
b10110111 C
b10110111 7
1'
#393272000
0'
#393313000
b1001010110100 >
b1001010110100 2
b10110110 7
b10110110 C
1'
#393354000
0'
#393395000
b1001010110101 2
b1001010110101 >
b10110101 C
b10110101 7
1'
#393436000
0'
#393477000
b1001010110110 >
b1001010110110 2
b10110100 7
b10110100 C
1'
#393518000
0'
#393559000
b1001010110111 2
b1001010110111 >
b10110011 C
b10110011 7
1'
#393600000
0'
#393641000
b1001010111000 >
b1001010111000 2
b10110010 7
b10110010 C
1'
#393682000
0'
#393723000
b1001010111001 2
b1001010111001 >
b10110001 C
b10110001 7
1'
#393764000
0'
#393805000
b1001010111010 >
b1001010111010 2
b10110000 7
b10110000 C
1'
#393846000
0'
#393887000
b1001010111011 2
b1001010111011 >
b10101111 C
b10101111 7
1'
#393928000
0'
#393969000
b1001010111100 >
b1001010111100 2
b10101110 7
b10101110 C
1'
#394010000
0'
#394051000
b1001010111101 2
b1001010111101 >
b10101101 C
b10101101 7
1'
#394092000
0'
#394133000
b1001010111110 >
b1001010111110 2
b10101100 7
b10101100 C
1'
#394174000
0'
#394215000
b1001010111111 2
b1001010111111 >
b10101011 C
b10101011 7
1'
#394256000
0'
#394297000
b1001011000000 >
b1001011000000 2
b10101010 7
b10101010 C
1'
#394338000
0'
#394379000
b1001011000001 2
b1001011000001 >
b10101001 C
b10101001 7
1'
#394420000
0'
#394461000
b1001011000010 >
b1001011000010 2
b10101000 7
b10101000 C
1'
#394502000
0'
#394543000
b1001011000011 2
b1001011000011 >
b10100111 C
b10100111 7
1'
#394584000
0'
#394625000
b1001011000100 >
b1001011000100 2
b10100110 7
b10100110 C
1'
#394666000
0'
#394707000
b1001011000101 2
b1001011000101 >
b10100101 C
b10100101 7
1'
#394748000
0'
#394789000
b1001011000110 >
b1001011000110 2
b10100100 7
b10100100 C
1'
#394830000
0'
#394871000
b1001011000111 2
b1001011000111 >
b10100011 C
b10100011 7
1'
#394912000
0'
#394953000
b1001011001000 >
b1001011001000 2
b10100010 7
b10100010 C
1'
#394994000
0'
#395035000
b1001011001001 2
b1001011001001 >
b10100001 C
b10100001 7
1'
#395076000
0'
#395117000
b1001011001010 >
b1001011001010 2
b10100000 7
b10100000 C
1'
#395158000
0'
#395199000
b1001011001011 2
b1001011001011 >
b10011111 C
b10011111 7
1'
#395240000
0'
#395281000
b1001011001100 >
b1001011001100 2
b10011110 7
b10011110 C
1'
#395322000
0'
#395363000
b1001011001101 2
b1001011001101 >
b10011101 C
b10011101 7
1'
#395404000
0'
#395445000
b1001011001110 >
b1001011001110 2
b10011100 7
b10011100 C
1'
#395486000
0'
#395527000
b1001011001111 2
b1001011001111 >
b10011011 C
b10011011 7
1'
#395568000
0'
#395609000
b1001011010000 >
b1001011010000 2
b10011010 7
b10011010 C
1'
#395650000
0'
#395691000
b1001011010001 2
b1001011010001 >
b10011001 C
b10011001 7
1'
#395732000
0'
#395773000
b1001011010010 >
b1001011010010 2
b10011000 7
b10011000 C
1'
#395814000
0'
#395855000
b1001011010011 2
b1001011010011 >
b10010111 C
b10010111 7
1'
#395896000
0'
#395937000
b1001011010100 >
b1001011010100 2
b10010110 7
b10010110 C
1'
#395978000
0'
#396019000
b1001011010101 2
b1001011010101 >
b10010101 C
b10010101 7
1'
#396060000
0'
#396101000
b1001011010110 >
b1001011010110 2
b10010100 7
b10010100 C
1'
#396142000
0'
#396183000
b1001011010111 2
b1001011010111 >
b10010011 C
b10010011 7
1'
#396224000
0'
#396265000
b1001011011000 >
b1001011011000 2
b10010010 7
b10010010 C
1'
#396306000
0'
#396347000
b1001011011001 2
b1001011011001 >
b10010001 C
b10010001 7
1'
#396388000
0'
#396429000
b1001011011010 >
b1001011011010 2
b10010000 7
b10010000 C
1'
#396470000
0'
#396511000
b1001011011011 2
b1001011011011 >
b10001111 C
b10001111 7
1'
#396552000
0'
#396593000
b1001011011100 >
b1001011011100 2
b10001110 7
b10001110 C
1'
#396634000
0'
#396675000
b1001011011101 2
b1001011011101 >
b10001101 C
b10001101 7
1'
#396716000
0'
#396757000
b1001011011110 >
b1001011011110 2
b10001100 7
b10001100 C
1'
#396798000
0'
#396839000
b1001011011111 2
b1001011011111 >
b10001011 C
b10001011 7
1'
#396880000
0'
#396921000
b1001011100000 >
b1001011100000 2
b10001010 7
b10001010 C
1'
#396962000
0'
#397003000
b1001011100001 2
b1001011100001 >
b10001001 C
b10001001 7
1'
#397044000
0'
#397085000
b1001011100010 >
b1001011100010 2
b10001000 7
b10001000 C
1'
#397126000
0'
#397167000
b1001011100011 2
b1001011100011 >
b10000111 C
b10000111 7
1'
#397208000
0'
#397249000
b1001011100100 >
b1001011100100 2
b10000110 7
b10000110 C
1'
#397290000
0'
#397331000
b1001011100101 2
b1001011100101 >
b10000101 C
b10000101 7
1'
#397372000
0'
#397413000
b1001011100110 >
b1001011100110 2
b10000100 7
b10000100 C
1'
#397454000
0'
#397495000
b1001011100111 2
b1001011100111 >
b10000011 C
b10000011 7
1'
#397536000
0'
#397577000
b1001011101000 >
b1001011101000 2
b10000010 7
b10000010 C
1'
#397618000
0'
#397659000
b1001011101001 2
b1001011101001 >
b10000001 C
b10000001 7
1'
#397700000
0'
#397741000
b1001011101010 >
b1001011101010 2
b10000000 7
b10000000 C
1'
#397782000
0'
#397823000
b1001011101011 2
b1001011101011 >
b1111111 C
b1111111 7
1'
#397864000
0'
#397905000
b1001011101100 >
b1001011101100 2
b1111110 7
b1111110 C
1'
#397946000
0'
#397987000
b1001011101101 2
b1001011101101 >
b1111101 C
b1111101 7
1'
#398028000
0'
#398069000
b1001011101110 >
b1001011101110 2
b1111100 7
b1111100 C
1'
#398110000
0'
#398151000
b1001011101111 2
b1001011101111 >
b1111011 C
b1111011 7
1'
#398192000
0'
#398233000
b1001011110000 >
b1001011110000 2
b1111010 7
b1111010 C
1'
#398274000
0'
#398315000
b1001011110001 2
b1001011110001 >
b1111001 C
b1111001 7
1'
#398356000
0'
#398397000
b1001011110010 >
b1001011110010 2
b1111000 7
b1111000 C
1'
#398438000
0'
#398479000
b1001011110011 2
b1001011110011 >
b1110111 C
b1110111 7
1'
#398520000
0'
#398561000
b1001011110100 >
b1001011110100 2
b1110110 7
b1110110 C
1'
#398602000
0'
#398643000
b1001011110101 2
b1001011110101 >
b1110101 C
b1110101 7
1'
#398684000
0'
#398725000
b1001011110110 >
b1001011110110 2
b1110100 7
b1110100 C
1'
#398766000
0'
#398807000
b1001011110111 2
b1001011110111 >
b1110011 C
b1110011 7
1'
#398848000
0'
#398889000
b1001011111000 >
b1001011111000 2
b1110010 7
b1110010 C
1'
#398930000
0'
#398971000
b1001011111001 2
b1001011111001 >
b1110001 C
b1110001 7
1'
#399012000
0'
#399053000
b1001011111010 >
b1001011111010 2
b1110000 7
b1110000 C
1'
#399094000
0'
#399135000
b1001011111011 2
b1001011111011 >
b1101111 C
b1101111 7
1'
#399176000
0'
#399217000
b1001011111100 >
b1001011111100 2
b1101110 7
b1101110 C
1'
#399258000
0'
#399299000
b1001011111101 2
b1001011111101 >
b1101101 C
b1101101 7
1'
#399340000
0'
#399381000
b1001011111110 >
b1001011111110 2
b1101100 7
b1101100 C
1'
#399422000
0'
#399463000
b1001011111111 2
b1001011111111 >
b1101011 C
b1101011 7
1'
#399504000
0'
#399545000
b1001100000000 >
b1001100000000 2
b1101010 7
b1101010 C
1'
#399586000
0'
#399627000
b1001100000001 2
b1001100000001 >
b1101001 C
b1101001 7
1'
#399668000
0'
#399709000
b1001100000010 >
b1001100000010 2
b1101000 7
b1101000 C
1'
#399750000
0'
#399791000
b1001100000011 2
b1001100000011 >
b1100111 C
b1100111 7
1'
#399832000
0'
#399873000
b1001100000100 >
b1001100000100 2
b1100110 7
b1100110 C
1'
#399914000
0'
#399955000
b1001100000101 2
b1001100000101 >
b1100101 C
b1100101 7
1'
#399996000
0'
#400037000
b1001100000110 >
b1001100000110 2
b1100100 7
b1100100 C
1'
#400078000
0'
#400119000
b1001100000111 2
b1001100000111 >
b1100011 C
b1100011 7
1'
#400160000
0'
#400201000
b1001100001000 >
b1001100001000 2
b1100010 7
b1100010 C
1'
#400242000
0'
#400283000
b1001100001001 2
b1001100001001 >
b1100001 C
b1100001 7
1'
#400324000
0'
#400365000
b1001100001010 >
b1001100001010 2
b1100000 7
b1100000 C
1'
#400406000
0'
#400447000
b1001100001011 2
b1001100001011 >
b1011111 C
b1011111 7
1'
#400488000
0'
#400529000
b1001100001100 >
b1001100001100 2
b1011110 7
b1011110 C
1'
#400570000
0'
#400611000
b1001100001101 2
b1001100001101 >
b1011101 C
b1011101 7
1'
#400652000
0'
#400693000
b1001100001110 >
b1001100001110 2
b1011100 7
b1011100 C
1'
#400734000
0'
#400775000
b1001100001111 2
b1001100001111 >
b1011011 C
b1011011 7
1'
#400816000
0'
#400857000
b1001100010000 >
b1001100010000 2
b1011010 7
b1011010 C
1'
#400898000
0'
#400939000
b1001100010001 2
b1001100010001 >
b1011001 C
b1011001 7
1'
#400980000
0'
#401021000
b1001100010010 >
b1001100010010 2
b1011000 7
b1011000 C
1'
#401062000
0'
#401103000
b1001100010011 2
b1001100010011 >
b1010111 C
b1010111 7
1'
#401144000
0'
#401185000
b1001100010100 >
b1001100010100 2
b1010110 7
b1010110 C
1'
#401226000
0'
#401267000
b1001100010101 2
b1001100010101 >
b1010101 C
b1010101 7
1'
#401308000
0'
#401349000
b1001100010110 >
b1001100010110 2
b1010100 7
b1010100 C
1'
#401390000
0'
#401431000
b1001100010111 2
b1001100010111 >
b1010011 C
b1010011 7
1'
#401472000
0'
#401513000
b1001100011000 >
b1001100011000 2
b1010010 7
b1010010 C
1'
#401554000
0'
#401595000
b1001100011001 2
b1001100011001 >
b1010001 C
b1010001 7
1'
#401636000
0'
#401677000
b1001100011010 >
b1001100011010 2
b1010000 7
b1010000 C
1'
#401718000
0'
#401759000
b1001100011011 2
b1001100011011 >
b1001111 C
b1001111 7
1'
#401800000
0'
#401841000
b1001100011100 >
b1001100011100 2
b1001110 7
b1001110 C
1'
#401882000
0'
#401923000
b1001100011101 2
b1001100011101 >
b1001101 C
b1001101 7
1'
#401964000
0'
#402005000
b1001100011110 >
b1001100011110 2
b1001100 7
b1001100 C
1'
#402046000
0'
#402087000
b1001100011111 2
b1001100011111 >
b1001011 C
b1001011 7
1'
#402128000
0'
#402169000
b1001100100000 >
b1001100100000 2
b1001010 7
b1001010 C
1'
#402210000
0'
#402251000
b1001100100001 2
b1001100100001 >
b1001001 C
b1001001 7
1'
#402292000
0'
#402333000
b1001100100010 >
b1001100100010 2
b1001000 7
b1001000 C
1'
#402374000
0'
#402415000
b1001100100011 2
b1001100100011 >
b1000111 C
b1000111 7
1'
#402456000
0'
#402497000
b1001100100100 >
b1001100100100 2
b1000110 7
b1000110 C
1'
#402538000
0'
#402579000
b1001100100101 2
b1001100100101 >
b1000101 C
b1000101 7
1'
#402620000
0'
#402661000
b1001100100110 >
b1001100100110 2
b1000100 7
b1000100 C
1'
#402702000
0'
#402743000
b1001100100111 2
b1001100100111 >
b1000011 C
b1000011 7
1'
#402784000
0'
#402825000
b1001100101000 >
b1001100101000 2
b1000010 7
b1000010 C
1'
#402866000
0'
#402907000
b1001100101001 2
b1001100101001 >
b1000001 C
b1000001 7
1'
#402948000
0'
#402989000
b1001100101010 >
b1001100101010 2
b1000000 7
b1000000 C
1'
#403030000
0'
#403071000
b1001100101011 2
b1001100101011 >
b111111 C
b111111 7
1'
#403112000
0'
#403153000
b1001100101100 >
b1001100101100 2
b111110 7
b111110 C
1'
#403194000
0'
#403235000
b1001100101101 2
b1001100101101 >
b111101 C
b111101 7
1'
#403276000
0'
#403317000
b1001100101110 >
b1001100101110 2
b111100 7
b111100 C
1'
#403358000
0'
#403399000
b1001100101111 2
b1001100101111 >
b111011 C
b111011 7
1'
#403440000
0'
#403481000
b1001100110000 >
b1001100110000 2
b111010 7
b111010 C
1'
#403522000
0'
#403563000
b1001100110001 2
b1001100110001 >
b111001 C
b111001 7
1'
#403604000
0'
#403645000
b1001100110010 >
b1001100110010 2
b111000 7
b111000 C
1'
#403686000
0'
#403727000
b1001100110011 2
b1001100110011 >
b110111 C
b110111 7
1'
#403768000
0'
#403809000
b1001100110100 >
b1001100110100 2
b110110 7
b110110 C
1'
#403850000
0'
#403891000
b1001100110101 2
b1001100110101 >
b110101 C
b110101 7
1'
#403932000
0'
#403973000
b1001100110110 >
b1001100110110 2
b110100 7
b110100 C
1'
#404014000
0'
#404055000
b1001100110111 2
b1001100110111 >
b110011 C
b110011 7
1'
#404096000
0'
#404137000
b1001100111000 >
b1001100111000 2
b110010 7
b110010 C
1'
#404178000
0'
#404219000
b1001100111001 2
b1001100111001 >
b110001 C
b110001 7
1'
#404260000
0'
#404301000
b1001100111010 >
b1001100111010 2
b110000 7
b110000 C
1'
#404342000
0'
#404383000
b1001100111011 2
b1001100111011 >
b101111 C
b101111 7
1'
#404424000
0'
#404465000
b1001100111100 >
b1001100111100 2
b101110 7
b101110 C
1'
#404506000
0'
#404547000
b1001100111101 2
b1001100111101 >
b101101 C
b101101 7
1'
#404588000
0'
#404629000
b1001100111110 >
b1001100111110 2
b101100 7
b101100 C
1'
#404670000
0'
#404711000
b1001100111111 2
b1001100111111 >
b101011 C
b101011 7
1'
#404752000
0'
#404793000
b1001101000000 >
b1001101000000 2
b101010 7
b101010 C
1'
#404834000
0'
#404875000
b1001101000001 2
b1001101000001 >
b101001 C
b101001 7
1'
#404916000
0'
#404957000
b1001101000010 >
b1001101000010 2
b101000 7
b101000 C
1'
#404998000
0'
#405039000
b1001101000011 2
b1001101000011 >
b100111 C
b100111 7
1'
#405080000
0'
#405121000
b1001101000100 >
b1001101000100 2
b100110 7
b100110 C
1'
#405162000
0'
#405203000
b1001101000101 2
b1001101000101 >
b100101 C
b100101 7
1'
#405244000
0'
#405285000
b1001101000110 >
b1001101000110 2
b100100 7
b100100 C
1'
#405326000
0'
#405367000
b1001101000111 2
b1001101000111 >
b100011 C
b100011 7
1'
#405408000
0'
#405449000
b1001101001000 >
b1001101001000 2
b100010 7
b100010 C
1'
#405490000
0'
#405531000
b1001101001001 2
b1001101001001 >
b100001 C
b100001 7
1'
#405572000
0'
#405613000
b1001101001010 >
b1001101001010 2
b100000 7
b100000 C
1'
#405654000
0'
#405695000
b1001101001011 2
b1001101001011 >
b11111 C
b11111 7
1'
#405736000
0'
#405777000
b1001101001100 >
b1001101001100 2
b11110 7
b11110 C
1'
#405818000
0'
#405859000
b1001101001101 2
b1001101001101 >
b11101 C
b11101 7
1'
#405900000
0'
#405941000
b1001101001110 >
b1001101001110 2
b11100 7
b11100 C
1'
#405982000
0'
#406023000
b1001101001111 2
b1001101001111 >
b11011 C
b11011 7
1'
#406064000
0'
#406105000
b1001101010000 >
b1001101010000 2
b11010 7
b11010 C
1'
#406146000
0'
#406187000
b1001101010001 2
b1001101010001 >
b11001 C
b11001 7
1'
#406228000
0'
#406269000
b1001101010010 >
b1001101010010 2
b11000 7
b11000 C
1'
#406310000
0'
#406351000
b1001101010011 2
b1001101010011 >
b10111 C
b10111 7
1'
#406392000
0'
#406433000
b1001101010100 >
b1001101010100 2
b10110 7
b10110 C
1'
#406474000
0'
#406515000
b1001101010101 2
b1001101010101 >
b10101 C
b10101 7
1'
#406556000
0'
#406597000
b1001101010110 >
b1001101010110 2
b10100 7
b10100 C
1'
#406638000
0'
#406679000
b1001101010111 2
b1001101010111 >
b10011 C
b10011 7
1'
#406720000
0'
#406761000
b1001101011000 >
b1001101011000 2
b10010 7
b10010 C
1'
#406802000
0'
#406843000
b1001101011001 2
b1001101011001 >
b10001 C
b10001 7
1'
#406884000
0'
#406925000
b1001101011010 >
b1001101011010 2
b10000 7
b10000 C
1'
#406966000
0'
#407007000
b1001101011011 2
b1001101011011 >
b1111 C
b1111 7
1'
#407048000
0'
#407089000
b1001101011100 >
b1001101011100 2
b1110 7
b1110 C
1'
#407130000
0'
#407171000
b1001101011101 2
b1001101011101 >
b1101 C
b1101 7
1'
#407212000
0'
#407253000
b1001101011110 >
b1001101011110 2
b1100 7
b1100 C
1'
#407294000
0'
#407335000
b1001101011111 2
b1001101011111 >
b1011 C
b1011 7
1'
#407376000
0'
#407417000
b1001101100000 >
b1001101100000 2
b1010 7
b1010 C
1'
#407458000
0'
#407499000
b1001101100001 2
b1001101100001 >
b1001 C
b1001 7
1'
#407540000
0'
#407581000
b1001101100010 >
b1001101100010 2
b1000 7
b1000 C
1'
#407622000
0'
#407663000
b1001101100011 2
b1001101100011 >
b111 C
b111 7
1'
#407704000
0'
#407745000
b1001101100100 >
b1001101100100 2
b110 7
b110 C
1'
#407786000
0'
#407827000
b1001101100101 2
b1001101100101 >
b101 C
b101 7
1'
#407868000
0'
#407909000
b1001101100110 >
b1001101100110 2
b100 7
b100 C
1'
#407950000
0'
#407991000
b1001101100111 2
b1001101100111 >
b11 C
b11 7
1'
#408032000
0'
#408073000
b1001101101000 >
b1001101101000 2
b10 7
b10 C
1'
#408114000
0'
#408155000
b1001101101001 2
b1001101101001 >
b1 C
b1 7
1'
#408196000
0'
#408237000
b1001101101010 >
b1001101101010 2
b0 7
b0 C
1'
#408278000
0'
#408319000
b1001101101011 2
b1001101101011 >
0;
b101010111 C
0%
0/
b101010111 7
1'
#408360000
0'
#408401000
b1001101101100 >
b1001101101100 2
b101010110 7
b101010110 C
1'
#408442000
0'
#408483000
b1001101101101 2
b1001101101101 >
b101010101 C
b101010101 7
1'
#408524000
0'
#408565000
b1001101101110 >
b1001101101110 2
b101010100 7
b101010100 C
1'
#408606000
0'
#408647000
b1001101101111 2
b1001101101111 >
b101010011 C
b101010011 7
1'
#408688000
0'
#408729000
b1001101110000 >
b1001101110000 2
b101010010 7
b101010010 C
1'
#408770000
0'
#408811000
b1001101110001 2
b1001101110001 >
b101010001 C
b101010001 7
1'
#408852000
0'
#408893000
b1001101110010 >
b1001101110010 2
b101010000 7
b101010000 C
1'
#408934000
0'
#408975000
b1001101110011 2
b1001101110011 >
b101001111 C
b101001111 7
1'
#409016000
0'
#409057000
b1001101110100 >
b1001101110100 2
b101001110 7
b101001110 C
1'
#409098000
0'
#409139000
b1001101110101 2
b1001101110101 >
b101001101 C
b101001101 7
1'
#409180000
0'
#409221000
b1001101110110 >
b1001101110110 2
b101001100 7
b101001100 C
1'
#409262000
0'
#409303000
b1001101110111 2
b1001101110111 >
b101001011 C
b101001011 7
1'
#409344000
0'
#409385000
b1001101111000 >
b1001101111000 2
b101001010 7
b101001010 C
1'
#409426000
0'
#409467000
b1001101111001 2
b1001101111001 >
b101001001 C
b101001001 7
1'
#409508000
0'
#409549000
b1001101111010 >
b1001101111010 2
b101001000 7
b101001000 C
1'
#409590000
0'
#409631000
b1001101111011 2
b1001101111011 >
b101000111 C
b101000111 7
1'
#409672000
0'
#409713000
b1001101111100 >
b1001101111100 2
b101000110 7
b101000110 C
1'
#409754000
0'
#409795000
b1001101111101 2
b1001101111101 >
b101000101 C
b101000101 7
1'
#409836000
0'
#409877000
b1001101111110 >
b1001101111110 2
b101000100 7
b101000100 C
1'
#409918000
0'
#409959000
b1001101111111 2
b1001101111111 >
b101000011 C
b101000011 7
1'
#410000000
0'
#410041000
b1001110000000 >
b1001110000000 2
b101000010 7
b101000010 C
1'
#410082000
0'
#410123000
b1001110000001 2
b1001110000001 >
b101000001 C
b101000001 7
1'
#410164000
0'
#410205000
b1001110000010 >
b1001110000010 2
b101000000 7
b101000000 C
1'
#410246000
0'
#410287000
b1001110000011 2
b1001110000011 >
b100111111 C
b100111111 7
1'
#410328000
0'
#410369000
b1001110000100 >
b1001110000100 2
b100111110 7
b100111110 C
1'
#410410000
0'
#410451000
b1001110000101 2
b1001110000101 >
b100111101 C
b100111101 7
1'
#410492000
0'
#410533000
b1001110000110 >
b1001110000110 2
b100111100 7
b100111100 C
1'
#410574000
0'
#410615000
b1001110000111 2
b1001110000111 >
b100111011 C
b100111011 7
1'
#410656000
0'
#410697000
b1001110001000 >
b1001110001000 2
b100111010 7
b100111010 C
1'
#410738000
0'
#410779000
b1001110001001 2
b1001110001001 >
b100111001 C
b100111001 7
1'
#410820000
0'
#410861000
b1001110001010 >
b1001110001010 2
b100111000 7
b100111000 C
1'
#410902000
0'
#410943000
b1001110001011 2
b1001110001011 >
b100110111 C
b100110111 7
1'
#410984000
0'
#411025000
b1001110001100 >
b1001110001100 2
b100110110 7
b100110110 C
1'
#411066000
0'
#411107000
b1001110001101 2
b1001110001101 >
b100110101 C
b100110101 7
1'
#411148000
0'
#411189000
b1001110001110 >
b1001110001110 2
b100110100 7
b100110100 C
1'
#411230000
0'
#411271000
b1001110001111 2
b1001110001111 >
b100110011 C
b100110011 7
1'
#411312000
0'
#411353000
b1001110010000 >
b1001110010000 2
b100110010 7
b100110010 C
1'
#411394000
0'
#411435000
b1001110010001 2
b1001110010001 >
b100110001 C
b100110001 7
1'
#411476000
0'
#411517000
b1001110010010 >
b1001110010010 2
b100110000 7
b100110000 C
1'
#411558000
0'
#411599000
b1001110010011 2
b1001110010011 >
b100101111 C
b100101111 7
1'
#411640000
0'
#411681000
b1001110010100 >
b1001110010100 2
b100101110 7
b100101110 C
1'
#411722000
0'
#411763000
b1001110010101 2
b1001110010101 >
b100101101 C
b100101101 7
1'
#411804000
0'
#411845000
b1001110010110 >
b1001110010110 2
b100101100 7
b100101100 C
1'
#411886000
0'
#411927000
b1001110010111 2
b1001110010111 >
b100101011 C
b100101011 7
1'
#411968000
0'
#412009000
b1001110011000 >
b1001110011000 2
b100101010 7
b100101010 C
1'
#412050000
0'
#412091000
b1001110011001 2
b1001110011001 >
b100101001 C
b100101001 7
1'
#412132000
0'
#412173000
b1001110011010 >
b1001110011010 2
b100101000 7
b100101000 C
1'
#412214000
0'
#412255000
b1001110011011 2
b1001110011011 >
b100100111 C
b100100111 7
1'
#412296000
0'
#412337000
b1001110011100 >
b1001110011100 2
b100100110 7
b100100110 C
1'
#412378000
0'
#412419000
b1001110011101 2
b1001110011101 >
b100100101 C
b100100101 7
1'
#412460000
0'
#412501000
b1001110011110 >
b1001110011110 2
b100100100 7
b100100100 C
1'
#412542000
0'
#412583000
b1001110011111 2
b1001110011111 >
b100100011 C
b100100011 7
1'
#412624000
0'
#412665000
b1001110100000 >
b1001110100000 2
b100100010 7
b100100010 C
1'
#412706000
0'
#412747000
b1001110100001 2
b1001110100001 >
b100100001 C
b100100001 7
1'
#412788000
0'
#412829000
b1001110100010 >
b1001110100010 2
b100100000 7
b100100000 C
1'
#412870000
0'
#412911000
b1001110100011 2
b1001110100011 >
b100011111 C
b100011111 7
1'
#412952000
0'
#412993000
b1001110100100 >
b1001110100100 2
b100011110 7
b100011110 C
1'
#413034000
0'
#413075000
b1001110100101 2
b1001110100101 >
b100011101 C
b100011101 7
1'
#413116000
0'
#413157000
b1001110100110 >
b1001110100110 2
b100011100 7
b100011100 C
1'
#413198000
0'
#413239000
b1001110100111 2
b1001110100111 >
b100011011 C
b100011011 7
1'
#413280000
0'
#413321000
b1001110101000 >
b1001110101000 2
b100011010 7
b100011010 C
1'
#413362000
0'
#413403000
b1001110101001 2
b1001110101001 >
b100011001 C
b100011001 7
1'
#413444000
0'
#413485000
b1001110101010 >
b1001110101010 2
b100011000 7
b100011000 C
1'
#413526000
0'
#413567000
b1001110101011 2
b1001110101011 >
b100010111 C
b100010111 7
1'
#413608000
0'
#413649000
b1001110101100 >
b1001110101100 2
b100010110 7
b100010110 C
1'
#413690000
0'
#413731000
b1001110101101 2
b1001110101101 >
b100010101 C
b100010101 7
1'
#413772000
0'
#413813000
b1001110101110 >
b1001110101110 2
b100010100 7
b100010100 C
1'
#413854000
0'
#413895000
b1001110101111 2
b1001110101111 >
b100010011 C
b100010011 7
1'
#413936000
0'
#413977000
b1001110110000 >
b1001110110000 2
b100010010 7
b100010010 C
1'
#414018000
0'
#414059000
b1001110110001 2
b1001110110001 >
b100010001 C
b100010001 7
1'
#414100000
0'
#414141000
b1001110110010 >
b1001110110010 2
b100010000 7
b100010000 C
1'
#414182000
0'
#414223000
b1001110110011 2
b1001110110011 >
b100001111 C
b100001111 7
1'
#414264000
0'
#414305000
b1001110110100 >
b1001110110100 2
b100001110 7
b100001110 C
1'
#414346000
0'
#414387000
b1001110110101 2
b1001110110101 >
b100001101 C
b100001101 7
1'
#414428000
0'
#414469000
b1001110110110 >
b1001110110110 2
b100001100 7
b100001100 C
1'
#414510000
0'
#414551000
b1001110110111 2
b1001110110111 >
b100001011 C
b100001011 7
1'
#414592000
0'
#414633000
b1001110111000 >
b1001110111000 2
b100001010 7
b100001010 C
1'
#414674000
0'
#414715000
b1001110111001 2
b1001110111001 >
b100001001 C
b100001001 7
1'
#414756000
0'
#414797000
b1001110111010 >
b1001110111010 2
b100001000 7
b100001000 C
1'
#414838000
0'
#414879000
b1001110111011 2
b1001110111011 >
b100000111 C
b100000111 7
1'
#414920000
0'
#414961000
b1001110111100 >
b1001110111100 2
b100000110 7
b100000110 C
1'
#415002000
0'
#415043000
b1001110111101 2
b1001110111101 >
b100000101 C
b100000101 7
1'
#415084000
0'
#415125000
b1001110111110 >
b1001110111110 2
b100000100 7
b100000100 C
1'
#415166000
0'
#415207000
b1001110111111 2
b1001110111111 >
b100000011 C
b100000011 7
1'
#415248000
0'
#415289000
b1001111000000 >
b1001111000000 2
b100000010 7
b100000010 C
1'
#415330000
0'
#415371000
b1001111000001 2
b1001111000001 >
b100000001 C
b100000001 7
1'
#415412000
0'
#415453000
b1001111000010 >
b1001111000010 2
b100000000 7
b100000000 C
1'
#415494000
0'
#415535000
b1001111000011 2
b1001111000011 >
b11111111 C
b11111111 7
1'
#415576000
0'
#415617000
b1001111000100 >
b1001111000100 2
b11111110 7
b11111110 C
1'
#415658000
0'
#415699000
b1001111000101 2
b1001111000101 >
b11111101 C
b11111101 7
1'
#415740000
0'
#415781000
b1001111000110 >
b1001111000110 2
b11111100 7
b11111100 C
1'
#415822000
0'
#415863000
b1001111000111 2
b1001111000111 >
b11111011 C
b11111011 7
1'
#415904000
0'
#415945000
b1001111001000 >
b1001111001000 2
b11111010 7
b11111010 C
1'
#415986000
0'
#416027000
b1001111001001 2
b1001111001001 >
b11111001 C
b11111001 7
1'
#416068000
0'
#416109000
b1001111001010 >
b1001111001010 2
b11111000 7
b11111000 C
1'
#416150000
0'
#416191000
b1001111001011 2
b1001111001011 >
b11110111 C
b11110111 7
1'
#416232000
0'
#416273000
b1001111001100 >
b1001111001100 2
b11110110 7
b11110110 C
1'
#416314000
0'
#416355000
b1001111001101 2
b1001111001101 >
b11110101 C
b11110101 7
1'
#416396000
0'
#416437000
b1001111001110 >
b1001111001110 2
b11110100 7
b11110100 C
1'
#416478000
0'
#416519000
b1001111001111 2
b1001111001111 >
b11110011 C
b11110011 7
1'
#416560000
0'
#416601000
b1001111010000 >
b1001111010000 2
b11110010 7
b11110010 C
1'
#416642000
0'
#416683000
b1001111010001 2
b1001111010001 >
b11110001 C
b11110001 7
1'
#416724000
0'
#416765000
b1001111010010 >
b1001111010010 2
b11110000 7
b11110000 C
1'
#416806000
0'
#416847000
b1001111010011 2
b1001111010011 >
b11101111 C
b11101111 7
1'
#416888000
0'
#416929000
b1001111010100 >
b1001111010100 2
b11101110 7
b11101110 C
1'
#416970000
0'
#417011000
b1001111010101 2
b1001111010101 >
b11101101 C
b11101101 7
1'
#417052000
0'
#417093000
b1001111010110 >
b1001111010110 2
b11101100 7
b11101100 C
1'
#417134000
0'
#417175000
b1001111010111 2
b1001111010111 >
b11101011 C
b11101011 7
1'
#417216000
0'
#417257000
b1001111011000 >
b1001111011000 2
b11101010 7
b11101010 C
1'
#417298000
0'
#417339000
b1001111011001 2
b1001111011001 >
b11101001 C
b11101001 7
1'
#417380000
0'
#417421000
b1001111011010 >
b1001111011010 2
b11101000 7
b11101000 C
1'
#417462000
0'
#417503000
b1001111011011 2
b1001111011011 >
b11100111 C
b11100111 7
1'
#417544000
0'
#417585000
b1001111011100 >
b1001111011100 2
b11100110 7
b11100110 C
1'
#417626000
0'
#417667000
b1001111011101 2
b1001111011101 >
b11100101 C
b11100101 7
1'
#417708000
0'
#417749000
b1001111011110 >
b1001111011110 2
b11100100 7
b11100100 C
1'
#417790000
0'
#417831000
b1001111011111 2
b1001111011111 >
b11100011 C
b11100011 7
1'
#417872000
0'
#417913000
b1001111100000 >
b1001111100000 2
b11100010 7
b11100010 C
1'
#417954000
0'
#417995000
b1001111100001 2
b1001111100001 >
b11100001 C
b11100001 7
1'
#418036000
0'
#418077000
b1001111100010 >
b1001111100010 2
b11100000 7
b11100000 C
1'
#418118000
0'
#418159000
b1001111100011 2
b1001111100011 >
b11011111 C
b11011111 7
1'
#418200000
0'
#418241000
b1001111100100 >
b1001111100100 2
b11011110 7
b11011110 C
1'
#418282000
0'
#418323000
b1001111100101 2
b1001111100101 >
b11011101 C
b11011101 7
1'
#418364000
0'
#418405000
b1001111100110 >
b1001111100110 2
b11011100 7
b11011100 C
1'
#418446000
0'
#418487000
b1001111100111 2
b1001111100111 >
b11011011 C
b11011011 7
1'
#418528000
0'
#418569000
b1001111101000 >
b1001111101000 2
b11011010 7
b11011010 C
1'
#418610000
0'
#418651000
b1001111101001 2
b1001111101001 >
b11011001 C
b11011001 7
1'
#418692000
0'
#418733000
b1001111101010 >
b1001111101010 2
b11011000 7
b11011000 C
1'
#418774000
0'
#418815000
b1001111101011 2
b1001111101011 >
b11010111 C
b11010111 7
1'
#418856000
0'
#418897000
b1001111101100 >
b1001111101100 2
b11010110 7
b11010110 C
1'
#418938000
0'
#418979000
b1001111101101 2
b1001111101101 >
b11010101 C
b11010101 7
1'
#419020000
0'
#419061000
b1001111101110 >
b1001111101110 2
b11010100 7
b11010100 C
1'
#419102000
0'
#419143000
b1001111101111 2
b1001111101111 >
b11010011 C
b11010011 7
1'
#419184000
0'
#419225000
b1001111110000 >
b1001111110000 2
b11010010 7
b11010010 C
1'
#419266000
0'
#419307000
b1001111110001 2
b1001111110001 >
b11010001 C
b11010001 7
1'
#419348000
0'
#419389000
b1001111110010 >
b1001111110010 2
b11010000 7
b11010000 C
1'
#419430000
0'
#419471000
b1001111110011 2
b1001111110011 >
b11001111 C
b11001111 7
1'
#419512000
0'
#419553000
b1001111110100 >
b1001111110100 2
b11001110 7
b11001110 C
1'
#419594000
0'
#419635000
b1001111110101 2
b1001111110101 >
b11001101 C
b11001101 7
1'
#419676000
0'
#419717000
b1001111110110 >
b1001111110110 2
b11001100 7
b11001100 C
1'
#419758000
0'
#419799000
b1001111110111 2
b1001111110111 >
b11001011 C
b11001011 7
1'
#419840000
0'
#419881000
b1001111111000 >
b1001111111000 2
b11001010 7
b11001010 C
1'
#419922000
0'
#419963000
b1001111111001 2
b1001111111001 >
b11001001 C
b11001001 7
1'
#420004000
0'
#420045000
b1001111111010 >
b1001111111010 2
b11001000 7
b11001000 C
1'
#420086000
0'
#420127000
b1001111111011 2
b1001111111011 >
b11000111 C
b11000111 7
1'
#420168000
0'
#420209000
b1001111111100 >
b1001111111100 2
b11000110 7
b11000110 C
1'
#420250000
0'
#420291000
b1001111111101 2
b1001111111101 >
b11000101 C
b11000101 7
1'
#420332000
0'
#420373000
b1001111111110 >
b1001111111110 2
b11000100 7
b11000100 C
1'
#420414000
0'
#420455000
b1001111111111 2
b1001111111111 >
b11000011 C
b11000011 7
1'
#420496000
0'
#420537000
b1010000000000 >
b1010000000000 2
b11000010 7
b11000010 C
1'
#420578000
0'
#420619000
b1010000000001 2
b1010000000001 >
b11000001 C
b11000001 7
1'
#420660000
0'
#420701000
b1010000000010 >
b1010000000010 2
b11000000 7
b11000000 C
1'
#420742000
0'
#420783000
b1010000000011 2
b1010000000011 >
b10111111 C
b10111111 7
1'
#420824000
0'
#420865000
b1010000000100 >
b1010000000100 2
b10111110 7
b10111110 C
1'
#420906000
0'
#420947000
b1010000000101 2
b1010000000101 >
b10111101 C
b10111101 7
1'
#420988000
0'
#421029000
b1010000000110 >
b1010000000110 2
b10111100 7
b10111100 C
1'
#421070000
0'
#421111000
b1010000000111 2
b1010000000111 >
b10111011 C
b10111011 7
1'
#421152000
0'
#421193000
b1010000001000 >
b1010000001000 2
b10111010 7
b10111010 C
1'
#421234000
0'
#421275000
b1010000001001 2
b1010000001001 >
b10111001 C
b10111001 7
1'
#421316000
0'
#421357000
b1010000001010 >
b1010000001010 2
b10111000 7
b10111000 C
1'
#421398000
0'
#421439000
b1010000001011 2
b1010000001011 >
b10110111 C
b10110111 7
1'
#421480000
0'
#421521000
b1010000001100 >
b1010000001100 2
b10110110 7
b10110110 C
1'
#421562000
0'
#421603000
b1010000001101 2
b1010000001101 >
b10110101 C
b10110101 7
1'
#421644000
0'
#421685000
b1010000001110 >
b1010000001110 2
b10110100 7
b10110100 C
1'
#421726000
0'
#421767000
b1010000001111 2
b1010000001111 >
b10110011 C
b10110011 7
1'
#421808000
0'
#421849000
b1010000010000 >
b1010000010000 2
b10110010 7
b10110010 C
1'
#421890000
0'
#421931000
b1010000010001 2
b1010000010001 >
b10110001 C
b10110001 7
1'
#421972000
0'
#422013000
b1010000010010 >
b1010000010010 2
b10110000 7
b10110000 C
1'
#422054000
0'
#422095000
b1010000010011 2
b1010000010011 >
b10101111 C
b10101111 7
1'
#422136000
0'
#422177000
b1010000010100 >
b1010000010100 2
b10101110 7
b10101110 C
1'
#422218000
0'
#422259000
b1010000010101 2
b1010000010101 >
b10101101 C
b10101101 7
1'
#422300000
0'
#422341000
b1010000010110 >
b1010000010110 2
b10101100 7
b10101100 C
1'
#422382000
0'
#422423000
b1010000010111 2
b1010000010111 >
b10101011 C
b10101011 7
1'
#422464000
0'
#422505000
b1010000011000 >
b1010000011000 2
b10101010 7
b10101010 C
1'
#422546000
0'
#422587000
b1010000011001 2
b1010000011001 >
b10101001 C
b10101001 7
1'
#422628000
0'
#422669000
b1010000011010 >
b1010000011010 2
b10101000 7
b10101000 C
1'
#422710000
0'
#422751000
b1010000011011 2
b1010000011011 >
b10100111 C
b10100111 7
1'
#422792000
0'
#422833000
b1010000011100 >
b1010000011100 2
b10100110 7
b10100110 C
1'
#422874000
0'
#422915000
b1010000011101 2
b1010000011101 >
b10100101 C
b10100101 7
1'
#422956000
0'
#422997000
b1010000011110 >
b1010000011110 2
b10100100 7
b10100100 C
1'
#423038000
0'
#423079000
b1010000011111 2
b1010000011111 >
b10100011 C
b10100011 7
1'
#423120000
0'
#423161000
b1010000100000 >
b1010000100000 2
b10100010 7
b10100010 C
1'
#423202000
0'
#423243000
b1010000100001 2
b1010000100001 >
b10100001 C
b10100001 7
1'
#423284000
0'
#423325000
b1010000100010 >
b1010000100010 2
b10100000 7
b10100000 C
1'
#423366000
0'
#423407000
b1010000100011 2
b1010000100011 >
b10011111 C
b10011111 7
1'
#423448000
0'
#423489000
b1010000100100 >
b1010000100100 2
b10011110 7
b10011110 C
1'
#423530000
0'
#423571000
b1010000100101 2
b1010000100101 >
b10011101 C
b10011101 7
1'
#423612000
0'
#423653000
b1010000100110 >
b1010000100110 2
b10011100 7
b10011100 C
1'
#423694000
0'
#423735000
b1010000100111 2
b1010000100111 >
b10011011 C
b10011011 7
1'
#423776000
0'
#423817000
b1010000101000 >
b1010000101000 2
b10011010 7
b10011010 C
1'
#423858000
0'
#423899000
b1010000101001 2
b1010000101001 >
b10011001 C
b10011001 7
1'
#423940000
0'
#423981000
b1010000101010 >
b1010000101010 2
b10011000 7
b10011000 C
1'
#424022000
0'
#424063000
b1010000101011 2
b1010000101011 >
b10010111 C
b10010111 7
1'
#424104000
0'
#424145000
b1010000101100 >
b1010000101100 2
b10010110 7
b10010110 C
1'
#424186000
0'
#424227000
b1010000101101 2
b1010000101101 >
b10010101 C
b10010101 7
1'
#424268000
0'
#424309000
b1010000101110 >
b1010000101110 2
b10010100 7
b10010100 C
1'
#424350000
0'
#424391000
b1010000101111 2
b1010000101111 >
b10010011 C
b10010011 7
1'
#424432000
0'
#424473000
b1010000110000 >
b1010000110000 2
b10010010 7
b10010010 C
1'
#424514000
0'
#424555000
b1010000110001 2
b1010000110001 >
b10010001 C
b10010001 7
1'
#424596000
0'
#424637000
b1010000110010 >
b1010000110010 2
b10010000 7
b10010000 C
1'
#424678000
0'
#424719000
b1010000110011 2
b1010000110011 >
b10001111 C
b10001111 7
1'
#424760000
0'
#424801000
b1010000110100 >
b1010000110100 2
b10001110 7
b10001110 C
1'
#424842000
0'
#424883000
b1010000110101 2
b1010000110101 >
b10001101 C
b10001101 7
1'
#424924000
0'
#424965000
b1010000110110 >
b1010000110110 2
b10001100 7
b10001100 C
1'
#425006000
0'
#425047000
b1010000110111 2
b1010000110111 >
b10001011 C
b10001011 7
1'
#425088000
0'
#425129000
b1010000111000 >
b1010000111000 2
b10001010 7
b10001010 C
1'
#425170000
0'
#425211000
b1010000111001 2
b1010000111001 >
b10001001 C
b10001001 7
1'
#425252000
0'
#425293000
b1010000111010 >
b1010000111010 2
b10001000 7
b10001000 C
1'
#425334000
0'
#425375000
b1010000111011 2
b1010000111011 >
b10000111 C
b10000111 7
1'
#425416000
0'
#425457000
b1010000111100 >
b1010000111100 2
b10000110 7
b10000110 C
1'
#425498000
0'
#425539000
b1010000111101 2
b1010000111101 >
b10000101 C
b10000101 7
1'
#425580000
0'
#425621000
b1010000111110 >
b1010000111110 2
b10000100 7
b10000100 C
1'
#425662000
0'
#425703000
b1010000111111 2
b1010000111111 >
b10000011 C
b10000011 7
1'
#425744000
0'
#425785000
b1010001000000 >
b1010001000000 2
b10000010 7
b10000010 C
1'
#425826000
0'
#425867000
b1010001000001 2
b1010001000001 >
b10000001 C
b10000001 7
1'
#425908000
0'
#425949000
b1010001000010 >
b1010001000010 2
b10000000 7
b10000000 C
1'
#425990000
0'
#426031000
b1010001000011 2
b1010001000011 >
b1111111 C
b1111111 7
1'
#426072000
0'
#426113000
b1010001000100 >
b1010001000100 2
b1111110 7
b1111110 C
1'
#426154000
0'
#426195000
b1010001000101 2
b1010001000101 >
b1111101 C
b1111101 7
1'
#426236000
0'
#426277000
b1010001000110 >
b1010001000110 2
b1111100 7
b1111100 C
1'
#426318000
0'
#426359000
b1010001000111 2
b1010001000111 >
b1111011 C
b1111011 7
1'
#426400000
0'
#426441000
b1010001001000 >
b1010001001000 2
b1111010 7
b1111010 C
1'
#426482000
0'
#426523000
b1010001001001 2
b1010001001001 >
b1111001 C
b1111001 7
1'
#426564000
0'
#426605000
b1010001001010 >
b1010001001010 2
b1111000 7
b1111000 C
1'
#426646000
0'
#426687000
b1010001001011 2
b1010001001011 >
b1110111 C
b1110111 7
1'
#426728000
0'
#426769000
b1010001001100 >
b1010001001100 2
b1110110 7
b1110110 C
1'
#426810000
0'
#426851000
b1010001001101 2
b1010001001101 >
b1110101 C
b1110101 7
1'
#426892000
0'
#426933000
b1010001001110 >
b1010001001110 2
b1110100 7
b1110100 C
1'
#426974000
0'
#427015000
b1010001001111 2
b1010001001111 >
b1110011 C
b1110011 7
1'
#427056000
0'
#427097000
b1010001010000 >
b1010001010000 2
b1110010 7
b1110010 C
1'
#427138000
0'
#427179000
b1010001010001 2
b1010001010001 >
b1110001 C
b1110001 7
1'
#427220000
0'
#427261000
b1010001010010 >
b1010001010010 2
b1110000 7
b1110000 C
1'
#427302000
0'
#427343000
b1010001010011 2
b1010001010011 >
b1101111 C
b1101111 7
1'
#427384000
0'
#427425000
b1010001010100 >
b1010001010100 2
b1101110 7
b1101110 C
1'
#427466000
0'
#427507000
b1010001010101 2
b1010001010101 >
b1101101 C
b1101101 7
1'
#427548000
0'
#427589000
b1010001010110 >
b1010001010110 2
b1101100 7
b1101100 C
1'
#427630000
0'
#427671000
b1010001010111 2
b1010001010111 >
b1101011 C
b1101011 7
1'
#427712000
0'
#427753000
b1010001011000 >
b1010001011000 2
b1101010 7
b1101010 C
1'
#427794000
0'
#427835000
b1010001011001 2
b1010001011001 >
b1101001 C
b1101001 7
1'
#427876000
0'
#427917000
b1010001011010 >
b1010001011010 2
b1101000 7
b1101000 C
1'
#427958000
0'
#427999000
b1010001011011 2
b1010001011011 >
b1100111 C
b1100111 7
1'
#428040000
0'
#428081000
b1010001011100 >
b1010001011100 2
b1100110 7
b1100110 C
1'
#428122000
0'
#428163000
b1010001011101 2
b1010001011101 >
b1100101 C
b1100101 7
1'
#428204000
0'
#428245000
b1010001011110 >
b1010001011110 2
b1100100 7
b1100100 C
1'
#428286000
0'
#428327000
b1010001011111 2
b1010001011111 >
b1100011 C
b1100011 7
1'
#428368000
0'
#428409000
b1010001100000 >
b1010001100000 2
b1100010 7
b1100010 C
1'
#428450000
0'
#428491000
b1010001100001 2
b1010001100001 >
b1100001 C
b1100001 7
1'
#428532000
0'
#428573000
b1010001100010 >
b1010001100010 2
b1100000 7
b1100000 C
1'
#428614000
0'
#428655000
b1010001100011 2
b1010001100011 >
b1011111 C
b1011111 7
1'
#428696000
0'
#428737000
b1010001100100 >
b1010001100100 2
b1011110 7
b1011110 C
1'
#428778000
0'
#428819000
b1010001100101 2
b1010001100101 >
b1011101 C
b1011101 7
1'
#428860000
0'
#428901000
b1010001100110 >
b1010001100110 2
b1011100 7
b1011100 C
1'
#428942000
0'
#428983000
b1010001100111 2
b1010001100111 >
b1011011 C
b1011011 7
1'
#429024000
0'
#429065000
b1010001101000 >
b1010001101000 2
b1011010 7
b1011010 C
1'
#429106000
0'
#429147000
b1010001101001 2
b1010001101001 >
b1011001 C
b1011001 7
1'
#429188000
0'
#429229000
b1010001101010 >
b1010001101010 2
b1011000 7
b1011000 C
1'
#429270000
0'
#429311000
b1010001101011 2
b1010001101011 >
b1010111 C
b1010111 7
1'
#429352000
0'
#429393000
b1010001101100 >
b1010001101100 2
b1010110 7
b1010110 C
1'
#429434000
0'
#429475000
b1010001101101 2
b1010001101101 >
b1010101 C
b1010101 7
1'
#429516000
0'
#429557000
b1010001101110 >
b1010001101110 2
b1010100 7
b1010100 C
1'
#429598000
0'
#429639000
b1010001101111 2
b1010001101111 >
b1010011 C
b1010011 7
1'
#429680000
0'
#429721000
b1010001110000 >
b1010001110000 2
b1010010 7
b1010010 C
1'
#429762000
0'
#429803000
b1010001110001 2
b1010001110001 >
b1010001 C
b1010001 7
1'
#429844000
0'
#429885000
b1010001110010 >
b1010001110010 2
b1010000 7
b1010000 C
1'
#429926000
0'
#429967000
b1010001110011 2
b1010001110011 >
b1001111 C
b1001111 7
1'
#430008000
0'
#430049000
b1010001110100 >
b1010001110100 2
b1001110 7
b1001110 C
1'
#430090000
0'
#430131000
b1010001110101 2
b1010001110101 >
b1001101 C
b1001101 7
1'
#430172000
0'
#430213000
b1010001110110 >
b1010001110110 2
b1001100 7
b1001100 C
1'
#430254000
0'
#430295000
b1010001110111 2
b1010001110111 >
b1001011 C
b1001011 7
1'
#430336000
0'
#430377000
b1010001111000 >
b1010001111000 2
b1001010 7
b1001010 C
1'
#430418000
0'
#430459000
b1010001111001 2
b1010001111001 >
b1001001 C
b1001001 7
1'
#430500000
0'
#430541000
b1010001111010 >
b1010001111010 2
b1001000 7
b1001000 C
1'
#430582000
0'
#430623000
b1010001111011 2
b1010001111011 >
b1000111 C
b1000111 7
1'
#430664000
0'
#430705000
b1010001111100 >
b1010001111100 2
b1000110 7
b1000110 C
1'
#430746000
0'
#430787000
b1010001111101 2
b1010001111101 >
b1000101 C
b1000101 7
1'
#430828000
0'
#430869000
b1010001111110 >
b1010001111110 2
b1000100 7
b1000100 C
1'
#430910000
0'
#430951000
b1010001111111 2
b1010001111111 >
b1000011 C
b1000011 7
1'
#430992000
0'
#431033000
b1010010000000 >
b1010010000000 2
b1000010 7
b1000010 C
1'
#431074000
0'
#431115000
b1010010000001 2
b1010010000001 >
b1000001 C
b1000001 7
1'
#431156000
0'
#431197000
b1010010000010 >
b1010010000010 2
b1000000 7
b1000000 C
1'
#431238000
0'
#431279000
b1010010000011 2
b1010010000011 >
b111111 C
b111111 7
1'
#431320000
0'
#431361000
b1010010000100 >
b1010010000100 2
b111110 7
b111110 C
1'
#431402000
0'
#431443000
b1010010000101 2
b1010010000101 >
b111101 C
b111101 7
1'
#431484000
0'
#431525000
b1010010000110 >
b1010010000110 2
b111100 7
b111100 C
1'
#431566000
0'
#431607000
b1010010000111 2
b1010010000111 >
b111011 C
b111011 7
1'
#431648000
0'
#431689000
b1010010001000 >
b1010010001000 2
b111010 7
b111010 C
1'
#431730000
0'
#431771000
b1010010001001 2
b1010010001001 >
b111001 C
b111001 7
1'
#431812000
0'
#431853000
b1010010001010 >
b1010010001010 2
b111000 7
b111000 C
1'
#431894000
0'
#431935000
b1010010001011 2
b1010010001011 >
b110111 C
b110111 7
1'
#431976000
0'
#432017000
b1010010001100 >
b1010010001100 2
b110110 7
b110110 C
1'
#432058000
0'
#432099000
b1010010001101 2
b1010010001101 >
b110101 C
b110101 7
1'
#432140000
0'
#432181000
b1010010001110 >
b1010010001110 2
b110100 7
b110100 C
1'
#432222000
0'
#432263000
b1010010001111 2
b1010010001111 >
b110011 C
b110011 7
1'
#432304000
0'
#432345000
b1010010010000 >
b1010010010000 2
b110010 7
b110010 C
1'
#432386000
0'
#432427000
b1010010010001 2
b1010010010001 >
b110001 C
b110001 7
1'
#432468000
0'
#432509000
b1010010010010 >
b1010010010010 2
b110000 7
b110000 C
1'
#432550000
0'
#432591000
b1010010010011 2
b1010010010011 >
b101111 C
b101111 7
1'
#432632000
0'
#432673000
b1010010010100 >
b1010010010100 2
b101110 7
b101110 C
1'
#432714000
0'
#432755000
b1010010010101 2
b1010010010101 >
b101101 C
b101101 7
1'
#432796000
0'
#432837000
b1010010010110 >
b1010010010110 2
b101100 7
b101100 C
1'
#432878000
0'
#432919000
b1010010010111 2
b1010010010111 >
b101011 C
b101011 7
1'
#432960000
0'
#433001000
b1010010011000 >
b1010010011000 2
b101010 7
b101010 C
1'
#433042000
0'
#433083000
b1010010011001 2
b1010010011001 >
b101001 C
b101001 7
1'
#433124000
0'
#433165000
b1010010011010 >
b1010010011010 2
b101000 7
b101000 C
1'
#433206000
0'
#433247000
b1010010011011 2
b1010010011011 >
b100111 C
b100111 7
1'
#433288000
0'
#433329000
b1010010011100 >
b1010010011100 2
b100110 7
b100110 C
1'
#433370000
0'
#433411000
b1010010011101 2
b1010010011101 >
b100101 C
b100101 7
1'
#433452000
0'
#433493000
b1010010011110 >
b1010010011110 2
b100100 7
b100100 C
1'
#433534000
0'
#433575000
b1010010011111 2
b1010010011111 >
b100011 C
b100011 7
1'
#433616000
0'
#433657000
b1010010100000 >
b1010010100000 2
b100010 7
b100010 C
1'
#433698000
0'
#433739000
b1010010100001 2
b1010010100001 >
b100001 C
b100001 7
1'
#433780000
0'
#433821000
b1010010100010 >
b1010010100010 2
b100000 7
b100000 C
1'
#433862000
0'
#433903000
b1010010100011 2
b1010010100011 >
b11111 C
b11111 7
1'
#433944000
0'
#433985000
b1010010100100 >
b1010010100100 2
b11110 7
b11110 C
1'
#434026000
0'
#434067000
b1010010100101 2
b1010010100101 >
b11101 C
b11101 7
1'
#434108000
0'
#434149000
b1010010100110 >
b1010010100110 2
b11100 7
b11100 C
1'
#434190000
0'
#434231000
b1010010100111 2
b1010010100111 >
b11011 C
b11011 7
1'
#434272000
0'
#434313000
b1010010101000 >
b1010010101000 2
b11010 7
b11010 C
1'
#434354000
0'
#434395000
b1010010101001 2
b1010010101001 >
b11001 C
b11001 7
1'
#434436000
0'
#434477000
b1010010101010 >
b1010010101010 2
b11000 7
b11000 C
1'
#434518000
0'
#434559000
b1010010101011 2
b1010010101011 >
b10111 C
b10111 7
1'
#434600000
0'
#434641000
b1010010101100 >
b1010010101100 2
b10110 7
b10110 C
1'
#434682000
0'
#434723000
b1010010101101 2
b1010010101101 >
b10101 C
b10101 7
1'
#434764000
0'
#434805000
b1010010101110 >
b1010010101110 2
b10100 7
b10100 C
1'
#434846000
0'
#434887000
b1010010101111 2
b1010010101111 >
b10011 C
b10011 7
1'
#434928000
0'
#434969000
b1010010110000 >
b1010010110000 2
b10010 7
b10010 C
1'
#435010000
0'
#435051000
b1010010110001 2
b1010010110001 >
b10001 C
b10001 7
1'
#435092000
0'
#435133000
b1010010110010 >
b1010010110010 2
b10000 7
b10000 C
1'
#435174000
0'
#435215000
b1010010110011 2
b1010010110011 >
b1111 C
b1111 7
1'
#435256000
0'
#435297000
b1010010110100 >
b1010010110100 2
b1110 7
b1110 C
1'
#435338000
0'
#435379000
b1010010110101 2
b1010010110101 >
b1101 C
b1101 7
1'
#435420000
0'
#435461000
b1010010110110 >
b1010010110110 2
b1100 7
b1100 C
1'
#435502000
0'
#435543000
b1010010110111 2
b1010010110111 >
b1011 C
b1011 7
1'
#435584000
0'
#435625000
b1010010111000 >
b1010010111000 2
b1010 7
b1010 C
1'
#435666000
0'
#435707000
b1010010111001 2
b1010010111001 >
b1001 C
b1001 7
1'
#435748000
0'
#435789000
b1010010111010 >
b1010010111010 2
b1000 7
b1000 C
1'
#435830000
0'
#435871000
b1010010111011 2
b1010010111011 >
b111 C
b111 7
1'
#435912000
0'
#435953000
b1010010111100 >
b1010010111100 2
b110 7
b110 C
1'
#435994000
0'
#436035000
b1010010111101 2
b1010010111101 >
b101 C
b101 7
1'
#436076000
0'
#436117000
b1010010111110 >
b1010010111110 2
b100 7
b100 C
1'
#436158000
0'
#436199000
b1010010111111 2
b1010010111111 >
b11 C
b11 7
1'
#436240000
0'
#436281000
b1010011000000 >
b1010011000000 2
b10 7
b10 C
1'
#436322000
0'
#436363000
b1010011000001 2
b1010011000001 >
b1 C
b1 7
1'
#436404000
0'
#436445000
b1010011000010 >
b1010011000010 2
b0 7
b0 C
1'
#436486000
0'
#436527000
b1010011000011 2
b1010011000011 >
1;
b101010111 C
1%
1/
b101010111 7
1'
#436568000
0'
#436609000
b1010011000100 >
b1010011000100 2
b101010110 7
b101010110 C
1'
#436650000
0'
#436691000
b1010011000101 2
b1010011000101 >
b101010101 C
b101010101 7
1'
#436732000
0'
#436773000
b1010011000110 >
b1010011000110 2
b101010100 7
b101010100 C
1'
#436814000
0'
#436855000
b1010011000111 2
b1010011000111 >
b101010011 C
b101010011 7
1'
#436896000
0'
#436937000
b1010011001000 >
b1010011001000 2
b101010010 7
b101010010 C
1'
#436978000
0'
#437019000
b1010011001001 2
b1010011001001 >
b101010001 C
b101010001 7
1'
#437060000
0'
#437101000
b1010011001010 >
b1010011001010 2
b101010000 7
b101010000 C
1'
#437142000
0'
#437183000
b1010011001011 2
b1010011001011 >
b101001111 C
b101001111 7
1'
#437224000
0'
#437265000
b1010011001100 >
b1010011001100 2
b101001110 7
b101001110 C
1'
#437306000
0'
#437347000
b1010011001101 2
b1010011001101 >
b101001101 C
b101001101 7
1'
#437388000
0'
#437429000
b1010011001110 >
b1010011001110 2
b101001100 7
b101001100 C
1'
#437470000
0'
#437511000
b1010011001111 2
b1010011001111 >
b101001011 C
b101001011 7
1'
#437552000
0'
#437593000
b1010011010000 >
b1010011010000 2
b101001010 7
b101001010 C
1'
#437634000
0'
#437675000
b1010011010001 2
b1010011010001 >
b101001001 C
b101001001 7
1'
#437716000
0'
#437757000
b1010011010010 >
b1010011010010 2
b101001000 7
b101001000 C
1'
#437798000
0'
#437839000
b1010011010011 2
b1010011010011 >
b101000111 C
b101000111 7
1'
#437880000
0'
#437921000
b1010011010100 >
b1010011010100 2
b101000110 7
b101000110 C
1'
#437962000
0'
#438003000
b1010011010101 2
b1010011010101 >
b101000101 C
b101000101 7
1'
#438044000
0'
#438085000
b1010011010110 >
b1010011010110 2
b101000100 7
b101000100 C
1'
#438126000
0'
#438167000
b1010011010111 2
b1010011010111 >
b101000011 C
b101000011 7
1'
#438208000
0'
#438249000
b1010011011000 >
b1010011011000 2
b101000010 7
b101000010 C
1'
#438290000
0'
#438331000
b1010011011001 2
b1010011011001 >
b101000001 C
b101000001 7
1'
#438372000
0'
#438413000
b1010011011010 >
b1010011011010 2
b101000000 7
b101000000 C
1'
#438454000
0'
#438495000
b1010011011011 2
b1010011011011 >
b100111111 C
b100111111 7
1'
#438536000
0'
#438577000
b1010011011100 >
b1010011011100 2
b100111110 7
b100111110 C
1'
#438618000
0'
#438659000
b1010011011101 2
b1010011011101 >
b100111101 C
b100111101 7
1'
#438700000
0'
#438741000
b1010011011110 >
b1010011011110 2
b100111100 7
b100111100 C
1'
#438782000
0'
#438823000
b1010011011111 2
b1010011011111 >
b100111011 C
b100111011 7
1'
#438864000
0'
#438905000
b1010011100000 >
b1010011100000 2
b100111010 7
b100111010 C
1'
#438946000
0'
#438987000
b1010011100001 2
b1010011100001 >
b100111001 C
b100111001 7
1'
#439028000
0'
#439069000
b1010011100010 >
b1010011100010 2
b100111000 7
b100111000 C
1'
#439110000
0'
#439151000
b1010011100011 2
b1010011100011 >
b100110111 C
b100110111 7
1'
#439192000
0'
#439233000
b1010011100100 >
b1010011100100 2
b100110110 7
b100110110 C
1'
#439274000
0'
#439315000
b1010011100101 2
b1010011100101 >
b100110101 C
b100110101 7
1'
#439356000
0'
#439397000
b1010011100110 >
b1010011100110 2
b100110100 7
b100110100 C
1'
#439438000
0'
#439479000
b1010011100111 2
b1010011100111 >
b100110011 C
b100110011 7
1'
#439520000
0'
#439561000
b1010011101000 >
b1010011101000 2
b100110010 7
b100110010 C
1'
#439602000
0'
#439643000
b1010011101001 2
b1010011101001 >
b100110001 C
b100110001 7
1'
#439684000
0'
#439725000
b1010011101010 >
b1010011101010 2
b100110000 7
b100110000 C
1'
#439766000
0'
#439807000
b1010011101011 2
b1010011101011 >
b100101111 C
b100101111 7
1'
#439848000
0'
#439889000
b1010011101100 >
b1010011101100 2
b100101110 7
b100101110 C
1'
#439930000
0'
#439971000
b1010011101101 2
b1010011101101 >
b100101101 C
b100101101 7
1'
#440012000
0'
#440053000
b1010011101110 >
b1010011101110 2
b100101100 7
b100101100 C
1'
#440094000
0'
#440135000
b1010011101111 2
b1010011101111 >
b100101011 C
b100101011 7
1'
#440176000
0'
#440217000
b1010011110000 >
b1010011110000 2
b100101010 7
b100101010 C
1'
#440258000
0'
#440299000
b1010011110001 2
b1010011110001 >
b100101001 C
b100101001 7
1'
#440340000
0'
#440381000
b1010011110010 >
b1010011110010 2
b100101000 7
b100101000 C
1'
#440422000
0'
#440463000
b1010011110011 2
b1010011110011 >
b100100111 C
b100100111 7
1'
#440504000
0'
#440545000
b1010011110100 >
b1010011110100 2
b100100110 7
b100100110 C
1'
#440586000
0'
#440627000
b1010011110101 2
b1010011110101 >
b100100101 C
b100100101 7
1'
#440668000
0'
#440709000
b1010011110110 >
b1010011110110 2
b100100100 7
b100100100 C
1'
#440750000
0'
#440791000
b1010011110111 2
b1010011110111 >
b100100011 C
b100100011 7
1'
#440832000
0'
#440873000
b1010011111000 >
b1010011111000 2
b100100010 7
b100100010 C
1'
#440914000
0'
#440955000
b1010011111001 2
b1010011111001 >
b100100001 C
b100100001 7
1'
#440996000
0'
#441037000
b1010011111010 >
b1010011111010 2
b100100000 7
b100100000 C
1'
#441078000
0'
#441119000
b1010011111011 2
b1010011111011 >
b100011111 C
b100011111 7
1'
#441160000
0'
#441201000
b1010011111100 >
b1010011111100 2
b100011110 7
b100011110 C
1'
#441242000
0'
#441283000
b1010011111101 2
b1010011111101 >
b100011101 C
b100011101 7
1'
#441324000
0'
#441365000
b1010011111110 >
b1010011111110 2
b100011100 7
b100011100 C
1'
#441406000
0'
#441447000
b1010011111111 2
b1010011111111 >
b100011011 C
b100011011 7
1'
#441488000
0'
#441529000
b1010100000000 >
b1010100000000 2
b100011010 7
b100011010 C
1'
#441570000
0'
#441611000
b1010100000001 2
b1010100000001 >
b100011001 C
b100011001 7
1'
#441652000
0'
#441693000
b1010100000010 >
b1010100000010 2
b100011000 7
b100011000 C
1'
#441734000
0'
#441775000
b1010100000011 2
b1010100000011 >
b100010111 C
b100010111 7
1'
#441816000
0'
#441857000
b1010100000100 >
b1010100000100 2
b100010110 7
b100010110 C
1'
#441898000
0'
#441939000
b1010100000101 2
b1010100000101 >
b100010101 C
b100010101 7
1'
#441980000
0'
#442021000
b1010100000110 >
b1010100000110 2
b100010100 7
b100010100 C
1'
#442062000
0'
#442103000
b1010100000111 2
b1010100000111 >
b100010011 C
b100010011 7
1'
#442144000
0'
#442185000
b1010100001000 >
b1010100001000 2
b100010010 7
b100010010 C
1'
#442226000
0'
#442267000
b1010100001001 2
b1010100001001 >
b100010001 C
b100010001 7
1'
#442308000
0'
#442349000
b1010100001010 >
b1010100001010 2
b100010000 7
b100010000 C
1'
#442390000
0'
#442431000
b1010100001011 2
b1010100001011 >
b100001111 C
b100001111 7
1'
#442472000
0'
#442513000
b1010100001100 >
b1010100001100 2
b100001110 7
b100001110 C
1'
#442554000
0'
#442595000
b1010100001101 2
b1010100001101 >
b100001101 C
b100001101 7
1'
#442636000
0'
#442677000
b1010100001110 >
b1010100001110 2
b100001100 7
b100001100 C
1'
#442718000
0'
#442759000
b1010100001111 2
b1010100001111 >
b100001011 C
b100001011 7
1'
#442800000
0'
#442841000
b1010100010000 >
b1010100010000 2
b100001010 7
b100001010 C
1'
#442882000
0'
#442923000
b1010100010001 2
b1010100010001 >
b100001001 C
b100001001 7
1'
#442964000
0'
#443005000
b1010100010010 >
b1010100010010 2
b100001000 7
b100001000 C
1'
#443046000
0'
#443087000
b1010100010011 2
b1010100010011 >
b100000111 C
b100000111 7
1'
#443128000
0'
#443169000
b1010100010100 >
b1010100010100 2
b100000110 7
b100000110 C
1'
#443210000
0'
#443251000
b1010100010101 2
b1010100010101 >
b100000101 C
b100000101 7
1'
#443292000
0'
#443333000
b1010100010110 >
b1010100010110 2
b100000100 7
b100000100 C
1'
#443374000
0'
#443415000
b1010100010111 2
b1010100010111 >
b100000011 C
b100000011 7
1'
#443456000
0'
#443497000
b1010100011000 >
b1010100011000 2
b100000010 7
b100000010 C
1'
#443538000
0'
#443579000
b1010100011001 2
b1010100011001 >
b100000001 C
b100000001 7
1'
#443620000
0'
#443661000
b1010100011010 >
b1010100011010 2
b100000000 7
b100000000 C
1'
#443702000
0'
#443743000
b1010100011011 2
b1010100011011 >
b11111111 C
b11111111 7
1'
#443784000
0'
#443825000
b1010100011100 >
b1010100011100 2
b11111110 7
b11111110 C
1'
#443866000
0'
#443907000
b1010100011101 2
b1010100011101 >
b11111101 C
b11111101 7
1'
#443948000
0'
#443989000
b1010100011110 >
b1010100011110 2
b11111100 7
b11111100 C
1'
#444030000
0'
#444071000
b1010100011111 2
b1010100011111 >
b11111011 C
b11111011 7
1'
#444112000
0'
#444153000
b1010100100000 >
b1010100100000 2
b11111010 7
b11111010 C
1'
#444194000
0'
#444235000
b1010100100001 2
b1010100100001 >
b11111001 C
b11111001 7
1'
#444276000
0'
#444317000
b1010100100010 >
b1010100100010 2
b11111000 7
b11111000 C
1'
#444358000
0'
#444399000
b1010100100011 2
b1010100100011 >
b11110111 C
b11110111 7
1'
#444440000
0'
#444481000
b1010100100100 >
b1010100100100 2
b11110110 7
b11110110 C
1'
#444522000
0'
#444563000
b1010100100101 2
b1010100100101 >
b11110101 C
b11110101 7
1'
#444604000
0'
#444645000
b1010100100110 >
b1010100100110 2
b11110100 7
b11110100 C
1'
#444686000
0'
#444727000
b1010100100111 2
b1010100100111 >
b11110011 C
b11110011 7
1'
#444768000
0'
#444809000
b1010100101000 >
b1010100101000 2
b11110010 7
b11110010 C
1'
#444850000
0'
#444891000
b1010100101001 2
b1010100101001 >
b11110001 C
b11110001 7
1'
#444932000
0'
#444973000
b1010100101010 >
b1010100101010 2
b11110000 7
b11110000 C
1'
#445014000
0'
#445055000
b1010100101011 2
b1010100101011 >
b11101111 C
b11101111 7
1'
#445096000
0'
#445137000
b1010100101100 >
b1010100101100 2
b11101110 7
b11101110 C
1'
#445178000
0'
#445219000
b1010100101101 2
b1010100101101 >
b11101101 C
b11101101 7
1'
#445260000
0'
#445301000
b1010100101110 >
b1010100101110 2
b11101100 7
b11101100 C
1'
#445342000
0'
#445383000
b1010100101111 2
b1010100101111 >
b11101011 C
b11101011 7
1'
#445424000
0'
#445465000
b1010100110000 >
b1010100110000 2
b11101010 7
b11101010 C
1'
#445506000
0'
#445547000
b1010100110001 2
b1010100110001 >
b11101001 C
b11101001 7
1'
#445588000
0'
#445629000
0=
b1010100110010 >
0,
01
b1010100110010 2
b11101000 7
b11101000 C
0(
1'
